dataset_id,cell_type,cell_type_ontology_term_id,cell_type_ontology_depth,disease,reference,n_donors_A,n_donors_B,n_cells,cells_per_donor_by_group,median_counts_per_cell_by_group,permutation_count,confound_flags,confound_cramers_v,pooled_flag,residual_df,integer_check,frozen_universe_size,fitType,sigma_donor_estimate,envelope_min_donors_per_group,envelope_max_sigma_supported,envelope_membership,gate_status,gate_failures,dropped_thin_donors,dropped_missing_donor_cells,confound_exclusion_reasons,covariate_candidates,admitted_to_sweep,admission_blockers,census_version,role,dataset_rank,dataset_short,expected_effect,min_donors_per_group,cells_per_donor_bin_A,cells_per_donor_bin_B
6f7fd0f1-a2ed-4ff1-80d3-33dde731cbc3,L2/3-6 intratelencephalic projecting glutamatergic neuron,CL:4023040,pending,dementia,normal,39,44,547665,"{""A"": {""max"": 11358, ""median"": 6071.0, ""min"": 1191, ""n_cells"": 230173, ""n_donors"": 39}, ""B"": {""max"": 16383, ""median"": 6671.5, ""min"": 3753, ""n_cells"": 317492, ""n_donors"": 44}}","{""A"": 30421.0, ""B"": 32772.0}",727646193812764637422200,"[""sequencing_depth_bin:partial_confound_v=0.324"", ""pooled:unresolved — no pool/library id in obs (D3 lower bound)""]","{""assay"": null, ""sequencing_depth_bin"": 0.324, ""suspension_type"": null, ""tissue_general"": null}",unresolved,81,pending,pending,pending,pending,pending,0.7,pending,candidate,[],{},0,[],"[""sequencing_depth_bin""]",False,"[""integer_check"", ""frozen_universe_size"", ""sigma_donor_estimate"", ""envelope_membership""]",2025-01-30,analysis_set,1,"Gabitto 2024, SEA-AD DLPFC",strong,39,"[3000,inf)","[3000,inf)"
6f7fd0f1-a2ed-4ff1-80d3-33dde731cbc3,L5 extratelencephalic projecting glutamatergic cortical neuron,CL:4023041,pending,dementia,normal,33,43,3815,"{""A"": {""max"": 81, ""median"": 45.0, ""min"": 10, ""n_cells"": 1521, ""n_donors"": 33}, ""B"": {""max"": 183, ""median"": 45.0, ""min"": 14, ""n_cells"": 2294, ""n_donors"": 43}}","{""A"": 55270.0, ""B"": 55763.5}",3594123189167641103400,"[""sequencing_depth_bin:partial_confound_v=0.218"", ""pooled:unresolved — no pool/library id in obs (D3 lower bound)""]","{""assay"": null, ""sequencing_depth_bin"": 0.218, ""suspension_type"": null, ""tissue_general"": null}",unresolved,74,pending,pending,pending,pending,pending,0.7,pending,candidate,[],"{""H20.33.012"": 9, ""H20.33.028"": 2, ""H20.33.038"": 3, ""H21.33.008"": 9, ""H21.33.020"": 3, ""H21.33.045"": 7}",0,[],"[""sequencing_depth_bin""]",False,"[""integer_check"", ""frozen_universe_size"", ""sigma_donor_estimate"", ""envelope_membership""]",2025-01-30,analysis_set,1,"Gabitto 2024, SEA-AD DLPFC",strong,33,"[30,100)","[30,100)"
6f7fd0f1-a2ed-4ff1-80d3-33dde731cbc3,L6b glutamatergic cortical neuron,CL:4023038,pending,dementia,normal,38,44,17989,"{""A"": {""max"": 461, ""median"": 180.5, ""min"": 17, ""n_cells"": 7575, ""n_donors"": 38}, ""B"": {""max"": 1050, ""median"": 185.0, ""min"": 42, ""n_cells"": 10414, ""n_donors"": 44}}","{""A"": 36262.0, ""B"": 36016.5}",341906042875877359752600,"[""sequencing_depth_bin:partial_confound_v=0.214"", ""pooled:unresolved — no pool/library id in obs (D3 lower bound)""]","{""assay"": null, ""sequencing_depth_bin"": 0.214, ""suspension_type"": null, ""tissue_general"": null}",unresolved,80,pending,pending,pending,pending,pending,0.7,pending,candidate,[],"{""H21.33.020"": 7}",0,[],"[""sequencing_depth_bin""]",False,"[""integer_check"", ""frozen_universe_size"", ""sigma_donor_estimate"", ""envelope_membership""]",2025-01-30,analysis_set,1,"Gabitto 2024, SEA-AD DLPFC",strong,38,"[100,300)","[100,300)"
6f7fd0f1-a2ed-4ff1-80d3-33dde731cbc3,VIP GABAergic cortical interneuron,CL:4023016,pending,dementia,normal,39,44,95014,"{""A"": {""max"": 1641, ""median"": 1069.0, ""min"": 124, ""n_cells"": 41422, ""n_donors"": 39}, ""B"": {""max"": 2762, ""median"": 1147.5, ""min"": 739, ""n_cells"": 53592, ""n_donors"": 44}}","{""A"": 14903.0, ""B"": 15010.5}",727646193812764637422200,"[""sequencing_depth_bin:partial_confound_v=0.105"", ""pooled:unresolved — no pool/library id in obs (D3 lower bound)""]","{""assay"": null, ""sequencing_depth_bin"": 0.105, ""suspension_type"": null, ""tissue_general"": null}",unresolved,81,pending,pending,pending,pending,pending,0.7,pending,candidate,[],{},0,[],"[""sequencing_depth_bin""]",False,"[""integer_check"", ""frozen_universe_size"", ""sigma_donor_estimate"", ""envelope_membership""]",2025-01-30,analysis_set,1,"Gabitto 2024, SEA-AD DLPFC",strong,39,"[1000,3000)","[1000,3000)"
6f7fd0f1-a2ed-4ff1-80d3-33dde731cbc3,astrocyte of the cerebral cortex,CL:0002605,pending,dementia,normal,39,44,82936,"{""A"": {""max"": 2629, ""median"": 1008.0, ""min"": 297, ""n_cells"": 41963, ""n_donors"": 39}, ""B"": {""max"": 2471, ""median"": 815.5, ""min"": 132, ""n_cells"": 40973, ""n_donors"": 44}}","{""A"": 9164.0, ""B"": 9068.0}",727646193812764637422200,"[""sequencing_depth_bin:partial_confound_v=0.046"", ""pooled:unresolved — no pool/library id in obs (D3 lower bound)""]","{""assay"": null, ""sequencing_depth_bin"": 0.046, ""suspension_type"": null, ""tissue_general"": null}",unresolved,81,pending,pending,pending,pending,pending,0.7,pending,candidate,[],{},0,[],"[""sequencing_depth_bin""]",False,"[""integer_check"", ""frozen_universe_size"", ""sigma_donor_estimate"", ""envelope_membership""]",2025-01-30,analysis_set,1,"Gabitto 2024, SEA-AD DLPFC",strong,39,"[1000,3000)","[300,1000)"
6f7fd0f1-a2ed-4ff1-80d3-33dde731cbc3,caudal ganglionic eminence derived interneuron,CL:4023064,pending,dementia,normal,38,44,8976,"{""A"": {""max"": 229, ""median"": 107.5, ""min"": 32, ""n_cells"": 4170, ""n_donors"": 38}, ""B"": {""max"": 277, ""median"": 102.5, ""min"": 27, ""n_cells"": 4806, ""n_donors"": 44}}","{""A"": 21763.0, ""B"": 22038.0}",341906042875877359752600,"[""sequencing_depth_bin:partial_confound_v=0.08"", ""pooled:unresolved — no pool/library id in obs (D3 lower bound)""]","{""assay"": null, ""sequencing_depth_bin"": 0.08, ""suspension_type"": null, ""tissue_general"": null}",unresolved,80,pending,pending,pending,pending,pending,0.7,pending,candidate,[],"{""H21.33.020"": 8}",0,[],"[""sequencing_depth_bin""]",False,"[""integer_check"", ""frozen_universe_size"", ""sigma_donor_estimate"", ""envelope_membership""]",2025-01-30,analysis_set,1,"Gabitto 2024, SEA-AD DLPFC",strong,38,"[100,300)","[100,300)"
6f7fd0f1-a2ed-4ff1-80d3-33dde731cbc3,cerebral cortex endothelial cell,CL:1001602,pending,dementia,normal,35,40,2437,"{""A"": {""max"": 102, ""median"": 29.0, ""min"": 10, ""n_cells"": 1185, ""n_donors"": 35}, ""B"": {""max"": 77, ""median"": 29.0, ""min"": 11, ""n_cells"": 1252, ""n_donors"": 40}}","{""A"": 6069.0, ""B"": 5901.0}",2942618815403661578310,"[""sequencing_depth_bin:partial_confound_v=0.038"", ""pooled:unresolved — no pool/library id in obs (D3 lower bound)""]","{""assay"": null, ""sequencing_depth_bin"": 0.038, ""suspension_type"": null, ""tissue_general"": null}",unresolved,73,pending,pending,pending,pending,pending,0.7,pending,candidate,[],"{""H20.33.008"": 4, ""H21.33.001"": 8, ""H21.33.006"": 7, ""H21.33.008"": 7, ""H21.33.011"": 9, ""H21.33.019"": 6, ""H21.33.027"": 9, ""H21.33.031"": 9}",0,[],"[""sequencing_depth_bin""]",False,"[""integer_check"", ""frozen_universe_size"", ""sigma_donor_estimate"", ""envelope_membership""]",2025-01-30,analysis_set,1,"Gabitto 2024, SEA-AD DLPFC",strong,35,"[10,30)","[10,30)"
6f7fd0f1-a2ed-4ff1-80d3-33dde731cbc3,chandelier pvalb GABAergic cortical interneuron,CL:4023036,pending,dementia,normal,39,44,14871,"{""A"": {""max"": 310, ""median"": 155.0, ""min"": 13, ""n_cells"": 5969, ""n_donors"": 39}, ""B"": {""max"": 427, ""median"": 205.0, ""min"": 81, ""n_cells"": 8902, ""n_donors"": 44}}","{""A"": 16904.0, ""B"": 16804.5}",727646193812764637422200,"[""sequencing_depth_bin:partial_confound_v=0.142"", ""pooled:unresolved — no pool/library id in obs (D3 lower bound)""]","{""assay"": null, ""sequencing_depth_bin"": 0.142, ""suspension_type"": null, ""tissue_general"": null}",unresolved,81,pending,pending,pending,pending,pending,0.7,pending,candidate,[],{},0,[],"[""sequencing_depth_bin""]",False,"[""integer_check"", ""frozen_universe_size"", ""sigma_donor_estimate"", ""envelope_membership""]",2025-01-30,analysis_set,1,"Gabitto 2024, SEA-AD DLPFC",strong,39,"[100,300)","[100,300)"
6f7fd0f1-a2ed-4ff1-80d3-33dde731cbc3,corticothalamic-projecting glutamatergic cortical neuron,CL:4023013,pending,dementia,normal,39,44,27454,"{""A"": {""max"": 651, ""median"": 309.0, ""min"": 19, ""n_cells"": 12002, ""n_donors"": 39}, ""B"": {""max"": 880, ""median"": 328.5, ""min"": 118, ""n_cells"": 15452, ""n_donors"": 44}}","{""A"": 29190.0, ""B"": 30737.0}",727646193812764637422200,"[""sequencing_depth_bin:partial_confound_v=0.248"", ""pooled:unresolved — no pool/library id in obs (D3 lower bound)""]","{""assay"": null, ""sequencing_depth_bin"": 0.248, ""suspension_type"": null, ""tissue_general"": null}",unresolved,81,pending,pending,pending,pending,pending,0.7,pending,candidate,[],{},0,[],"[""sequencing_depth_bin""]",False,"[""integer_check"", ""frozen_universe_size"", ""sigma_donor_estimate"", ""envelope_membership""]",2025-01-30,analysis_set,1,"Gabitto 2024, SEA-AD DLPFC",strong,39,"[300,1000)","[300,1000)"
6f7fd0f1-a2ed-4ff1-80d3-33dde731cbc3,lamp5 GABAergic cortical interneuron,CL:4023011,pending,dementia,normal,39,44,74431,"{""A"": {""max"": 1466, ""median"": 863.0, ""min"": 107, ""n_cells"": 34419, ""n_donors"": 39}, ""B"": {""max"": 1780, ""median"": 860.5, ""min"": 513, ""n_cells"": 40012, ""n_donors"": 44}}","{""A"": 15661.0, ""B"": 17938.5}",727646193812764637422200,"[""sequencing_depth_bin:partial_confound_v=0.251"", ""pooled:unresolved — no pool/library id in obs (D3 lower bound)""]","{""assay"": null, ""sequencing_depth_bin"": 0.251, ""suspension_type"": null, ""tissue_general"": null}",unresolved,81,pending,pending,pending,pending,pending,0.7,pending,candidate,[],{},0,[],"[""sequencing_depth_bin""]",False,"[""integer_check"", ""frozen_universe_size"", ""sigma_donor_estimate"", ""envelope_membership""]",2025-01-30,analysis_set,1,"Gabitto 2024, SEA-AD DLPFC",strong,39,"[300,1000)","[300,1000)"
6f7fd0f1-a2ed-4ff1-80d3-33dde731cbc3,microglial cell,CL:0000129,pending,dementia,normal,39,44,40625,"{""A"": {""max"": 1096, ""median"": 516.0, ""min"": 157, ""n_cells"": 20350, ""n_donors"": 39}, ""B"": {""max"": 1237, ""median"": 413.0, ""min"": 126, ""n_cells"": 20275, ""n_donors"": 44}}","{""A"": 4962.0, ""B"": 4734.0}",727646193812764637422200,"[""sequencing_depth_bin:partial_confound_v=0.074"", ""pooled:unresolved — no pool/library id in obs (D3 lower bound)""]","{""assay"": null, ""sequencing_depth_bin"": 0.074, ""suspension_type"": null, ""tissue_general"": null}",unresolved,81,pending,pending,pending,pending,pending,0.7,pending,candidate,[],{},0,[],"[""sequencing_depth_bin""]",False,"[""integer_check"", ""frozen_universe_size"", ""sigma_donor_estimate"", ""envelope_membership""]",2025-01-30,analysis_set,1,"Gabitto 2024, SEA-AD DLPFC",strong,39,"[300,1000)","[300,1000)"
6f7fd0f1-a2ed-4ff1-80d3-33dde731cbc3,near-projecting glutamatergic cortical neuron,CL:4023012,pending,dementia,normal,39,44,18154,"{""A"": {""max"": 486, ""median"": 216.0, ""min"": 27, ""n_cells"": 8059, ""n_donors"": 39}, ""B"": {""max"": 459, ""median"": 227.0, ""min"": 72, ""n_cells"": 10095, ""n_donors"": 44}}","{""A"": 23507.0, ""B"": 26101.0}",727646193812764637422200,"[""sequencing_depth_bin:partial_confound_v=0.358"", ""pooled:unresolved — no pool/library id in obs (D3 lower bound)""]","{""assay"": null, ""sequencing_depth_bin"": 0.358, ""suspension_type"": null, ""tissue_general"": null}",unresolved,81,pending,pending,pending,pending,pending,0.7,pending,candidate,[],{},0,[],"[""sequencing_depth_bin""]",False,"[""integer_check"", ""frozen_universe_size"", ""sigma_donor_estimate"", ""envelope_membership""]",2025-01-30,analysis_set,1,"Gabitto 2024, SEA-AD DLPFC",strong,39,"[100,300)","[100,300)"
6f7fd0f1-a2ed-4ff1-80d3-33dde731cbc3,oligodendrocyte,CL:0000128,pending,dementia,normal,39,44,136076,"{""A"": {""max"": 5445, ""median"": 1147.0, ""min"": 41, ""n_cells"": 54555, ""n_donors"": 39}, ""B"": {""max"": 5459, ""median"": 1757.5, ""min"": 163, ""n_cells"": 81521, ""n_donors"": 44}}","{""A"": 6040.0, ""B"": 5921.0}",727646193812764637422200,"[""sequencing_depth_bin:partial_confound_v=0.133"", ""pooled:unresolved — no pool/library id in obs (D3 lower bound)""]","{""assay"": null, ""sequencing_depth_bin"": 0.133, ""suspension_type"": null, ""tissue_general"": null}",unresolved,81,pending,pending,pending,pending,pending,0.7,pending,candidate,[],{},0,[],"[""sequencing_depth_bin""]",False,"[""integer_check"", ""frozen_universe_size"", ""sigma_donor_estimate"", ""envelope_membership""]",2025-01-30,analysis_set,1,"Gabitto 2024, SEA-AD DLPFC",strong,39,"[1000,3000)","[1000,3000)"
6f7fd0f1-a2ed-4ff1-80d3-33dde731cbc3,oligodendrocyte precursor cell,CL:0002453,pending,dementia,normal,39,44,27670,"{""A"": {""max"": 648, ""median"": 288.0, ""min"": 33, ""n_cells"": 11739, ""n_donors"": 39}, ""B"": {""max"": 932, ""median"": 290.0, ""min"": 107, ""n_cells"": 15931, ""n_donors"": 44}}","{""A"": 9079.0, ""B"": 8347.0}",727646193812764637422200,"[""sequencing_depth_bin:partial_confound_v=0.133"", ""pooled:unresolved — no pool/library id in obs (D3 lower bound)""]","{""assay"": null, ""sequencing_depth_bin"": 0.133, ""suspension_type"": null, ""tissue_general"": null}",unresolved,81,pending,pending,pending,pending,pending,0.7,pending,candidate,[],{},0,[],"[""sequencing_depth_bin""]",False,"[""integer_check"", ""frozen_universe_size"", ""sigma_donor_estimate"", ""envelope_membership""]",2025-01-30,analysis_set,1,"Gabitto 2024, SEA-AD DLPFC",strong,39,"[100,300)","[100,300)"
6f7fd0f1-a2ed-4ff1-80d3-33dde731cbc3,pvalb GABAergic cortical interneuron,CL:4023018,pending,dementia,normal,39,44,109618,"{""A"": {""max"": 2965, ""median"": 1276.0, ""min"": 49, ""n_cells"": 49566, ""n_donors"": 39}, ""B"": {""max"": 2644, ""median"": 1284.0, ""min"": 639, ""n_cells"": 60052, ""n_donors"": 44}}","{""A"": 21762.5, ""B"": 22852.0}",727646193812764637422200,"[""sequencing_depth_bin:partial_confound_v=0.209"", ""pooled:unresolved — no pool/library id in obs (D3 lower bound)""]","{""assay"": null, ""sequencing_depth_bin"": 0.209, ""suspension_type"": null, ""tissue_general"": null}",unresolved,81,pending,pending,pending,pending,pending,0.7,pending,candidate,[],{},0,[],"[""sequencing_depth_bin""]",False,"[""integer_check"", ""frozen_universe_size"", ""sigma_donor_estimate"", ""envelope_membership""]",2025-01-30,analysis_set,1,"Gabitto 2024, SEA-AD DLPFC",strong,39,"[1000,3000)","[1000,3000)"
6f7fd0f1-a2ed-4ff1-80d3-33dde731cbc3,sncg GABAergic cortical interneuron,CL:4023015,pending,dementia,normal,38,44,23632,"{""A"": {""max"": 674, ""median"": 248.0, ""min"": 16, ""n_cells"": 10263, ""n_donors"": 38}, ""B"": {""max"": 892, ""median"": 292.0, ""min"": 46, ""n_cells"": 13369, ""n_donors"": 44}}","{""A"": 13206.0, ""B"": 13090.0}",341906042875877359752600,"[""sequencing_depth_bin:partial_confound_v=0.118"", ""pooled:unresolved — no pool/library id in obs (D3 lower bound)""]","{""assay"": null, ""sequencing_depth_bin"": 0.118, ""suspension_type"": null, ""tissue_general"": null}",unresolved,80,pending,pending,pending,pending,pending,0.7,pending,candidate,[],"{""H21.33.020"": 8}",0,[],"[""sequencing_depth_bin""]",False,"[""integer_check"", ""frozen_universe_size"", ""sigma_donor_estimate"", ""envelope_membership""]",2025-01-30,analysis_set,1,"Gabitto 2024, SEA-AD DLPFC",strong,38,"[100,300)","[100,300)"
6f7fd0f1-a2ed-4ff1-80d3-33dde731cbc3,sst GABAergic cortical interneuron,CL:4023017,pending,dementia,normal,39,44,73317,"{""A"": {""max"": 1827, ""median"": 740.0, ""min"": 108, ""n_cells"": 30633, ""n_donors"": 39}, ""B"": {""max"": 2867, ""median"": 924.5, ""min"": 269, ""n_cells"": 42684, ""n_donors"": 44}}","{""A"": 12614.0, ""B"": 13945.0}",727646193812764637422200,"[""sequencing_depth_bin:partial_confound_v=0.306"", ""pooled:unresolved — no pool/library id in obs (D3 lower bound)""]","{""assay"": null, ""sequencing_depth_bin"": 0.306, ""suspension_type"": null, ""tissue_general"": null}",unresolved,81,pending,pending,pending,pending,pending,0.7,pending,candidate,[],{},0,[],"[""sequencing_depth_bin""]",False,"[""integer_check"", ""frozen_universe_size"", ""sigma_donor_estimate"", ""envelope_membership""]",2025-01-30,analysis_set,1,"Gabitto 2024, SEA-AD DLPFC",strong,39,"[300,1000)","[300,1000)"
6f7fd0f1-a2ed-4ff1-80d3-33dde731cbc3,vascular leptomeningeal cell,CL:4023051,pending,dementia,normal,39,41,4599,"{""A"": {""max"": 121, ""median"": 56.0, ""min"": 13, ""n_cells"": 2324, ""n_donors"": 39}, ""B"": {""max"": 137, ""median"": 47.0, ""min"": 11, ""n_cells"": 2275, ""n_donors"": 41}}","{""A"": 5884.0, ""B"": 5504.0}",104885081691059684352800,"[""sequencing_depth_bin:partial_confound_v=0.098"", ""pooled:unresolved — no pool/library id in obs (D3 lower bound)""]","{""assay"": null, ""sequencing_depth_bin"": 0.098, ""suspension_type"": null, ""tissue_general"": null}",unresolved,78,pending,pending,pending,pending,pending,0.7,pending,candidate,[],"{""H19.30.001"": 6, ""H20.33.008"": 8, ""H21.33.019"": 6}",0,[],"[""sequencing_depth_bin""]",False,"[""integer_check"", ""frozen_universe_size"", ""sigma_donor_estimate"", ""envelope_membership""]",2025-01-30,analysis_set,1,"Gabitto 2024, SEA-AD DLPFC",strong,39,"[30,100)","[30,100)"
ac0c6561-7a48-4185-af6f-af799f699172,T cell,CL:0000084,pending,Alzheimer disease,normal,3,3,117,"{""A"": {""max"": 33, ""median"": 29.0, ""min"": 20, ""n_cells"": 82, ""n_donors"": 3}, ""B"": {""max"": 12, ""median"": 12.0, ""min"": 11, ""n_cells"": 35, ""n_donors"": 3}}","{""A"": 1989.5, ""B"": 2077.0}",20,"[""pooled:unresolved — no pool/library id in obs (D3 lower bound)""]","{""assay"": null, ""sequencing_depth_bin"": 0.0, ""suspension_type"": null, ""tissue_general"": null}",unresolved,4,pending,pending,pending,pending,pending,,pending,candidate,[],"{""R24_P2576"": 3, ""R24_P2593"": 1, ""R24_P2726"": 1, ""R24_P2728"": 6, ""R24_P2733"": 7, ""R24_P2734"": 1}",0,[],[],False,"[""integer_check"", ""frozen_universe_size"", ""sigma_donor_estimate"", ""envelope_membership""]",2025-01-30,analysis_set,2,"Rexach 2024 Cell, cross-dementia",strong,3,"[10,30)","[10,30)"
ac0c6561-7a48-4185-af6f-af799f699172,astrocyte,CL:0000127,pending,Alzheimer disease,normal,10,10,32391,"{""A"": {""max"": 3055, ""median"": 1597.5, ""min"": 407, ""n_cells"": 16772, ""n_donors"": 10}, ""B"": {""max"": 2466, ""median"": 1416.5, ""min"": 657, ""n_cells"": 15619, ""n_donors"": 10}}","{""A"": 3492.5, ""B"": 3049.0}",184756,"[""assay:partial_confound_v=0.056"", ""sequencing_depth_bin:partial_confound_v=0.324"", ""pooled:unresolved — no pool/library id in obs (D3 lower bound)""]","{""assay"": 0.056, ""sequencing_depth_bin"": 0.324, ""suspension_type"": null, ""tissue_general"": null}",unresolved,18,pending,pending,pending,pending,pending,0.35,pending,candidate,[],{},0,[],"[""assay"", ""sequencing_depth_bin""]",False,"[""integer_check"", ""frozen_universe_size"", ""sigma_donor_estimate"", ""envelope_membership""]",2025-01-30,analysis_set,2,"Rexach 2024 Cell, cross-dementia",strong,10,"[1000,3000)","[1000,3000)"
ac0c6561-7a48-4185-af6f-af799f699172,endothelial cell of vascular tree,CL:0002139,pending,Alzheimer disease,normal,10,10,3017,"{""A"": {""max"": 243, ""median"": 121.5, ""min"": 80, ""n_cells"": 1373, ""n_donors"": 10}, ""B"": {""max"": 296, ""median"": 169.0, ""min"": 47, ""n_cells"": 1644, ""n_donors"": 10}}","{""A"": 1873.0, ""B"": 1543.5}",184756,"[""assay:partial_confound_v=0.056"", ""sequencing_depth_bin:partial_confound_v=0.359"", ""pooled:unresolved — no pool/library id in obs (D3 lower bound)""]","{""assay"": 0.056, ""sequencing_depth_bin"": 0.359, ""suspension_type"": null, ""tissue_general"": null}",unresolved,18,pending,pending,pending,pending,pending,0.35,pending,candidate,[],{},0,[],"[""assay"", ""sequencing_depth_bin""]",False,"[""integer_check"", ""frozen_universe_size"", ""sigma_donor_estimate"", ""envelope_membership""]",2025-01-30,analysis_set,2,"Rexach 2024 Cell, cross-dementia",strong,10,"[100,300)","[100,300)"
ac0c6561-7a48-4185-af6f-af799f699172,glutamatergic neuron,CL:0000679,pending,Alzheimer disease,normal,10,10,60846,"{""A"": {""max"": 7732, ""median"": 2725.5, ""min"": 1078, ""n_cells"": 33555, ""n_donors"": 10}, ""B"": {""max"": 5302, ""median"": 2662.0, ""min"": 843, ""n_cells"": 27291, ""n_donors"": 10}}","{""A"": 5309.0, ""B"": 4405.0}",184756,"[""assay:partial_confound_v=0.056"", ""sequencing_depth_bin:partial_confound_v=0.218"", ""pooled:unresolved — no pool/library id in obs (D3 lower bound)""]","{""assay"": 0.056, ""sequencing_depth_bin"": 0.218, ""suspension_type"": null, ""tissue_general"": null}",unresolved,18,pending,pending,pending,pending,pending,0.35,pending,candidate,[],{},0,[],"[""assay"", ""sequencing_depth_bin""]",False,"[""integer_check"", ""frozen_universe_size"", ""sigma_donor_estimate"", ""envelope_membership""]",2025-01-30,analysis_set,2,"Rexach 2024 Cell, cross-dementia",strong,10,"[1000,3000)","[1000,3000)"
ac0c6561-7a48-4185-af6f-af799f699172,inhibitory interneuron,CL:0000498,pending,Alzheimer disease,normal,10,10,18662,"{""A"": {""max"": 2218, ""median"": 969.0, ""min"": 444, ""n_cells"": 10601, ""n_donors"": 10}, ""B"": {""max"": 1711, ""median"": 777.5, ""min"": 69, ""n_cells"": 8061, ""n_donors"": 10}}","{""A"": 7618.0, ""B"": 5206.0}",184756,"[""assay:partial_confound_v=0.056"", ""sequencing_depth_bin:partial_confound_v=0.324"", ""pooled:unresolved — no pool/library id in obs (D3 lower bound)""]","{""assay"": 0.056, ""sequencing_depth_bin"": 0.324, ""suspension_type"": null, ""tissue_general"": null}",unresolved,18,pending,pending,pending,pending,pending,0.35,pending,candidate,[],{},0,[],"[""assay"", ""sequencing_depth_bin""]",False,"[""integer_check"", ""frozen_universe_size"", ""sigma_donor_estimate"", ""envelope_membership""]",2025-01-30,analysis_set,2,"Rexach 2024 Cell, cross-dementia",strong,10,"[300,1000)","[300,1000)"
ac0c6561-7a48-4185-af6f-af799f699172,microglial cell,CL:0000129,pending,Alzheimer disease,normal,10,9,10817,"{""A"": {""max"": 1051, ""median"": 715.5, ""min"": 387, ""n_cells"": 7213, ""n_donors"": 10}, ""B"": {""max"": 650, ""median"": 448.0, ""min"": 37, ""n_cells"": 3604, ""n_donors"": 9}}","{""A"": 2776.0, ""B"": 2402.5}",92378,"[""assay:partial_confound_v=0.029"", ""sequencing_depth_bin:partial_confound_v=0.317"", ""pooled:unresolved — no pool/library id in obs (D3 lower bound)""]","{""assay"": 0.029, ""sequencing_depth_bin"": 0.317, ""suspension_type"": null, ""tissue_general"": null}",unresolved,17,pending,pending,pending,pending,pending,0.35,pending,candidate,[],"{""R24_P2739"": 1}",0,[],"[""assay"", ""sequencing_depth_bin""]",False,"[""integer_check"", ""frozen_universe_size"", ""sigma_donor_estimate"", ""envelope_membership""]",2025-01-30,analysis_set,2,"Rexach 2024 Cell, cross-dementia",strong,9,"[300,1000)","[300,1000)"
ac0c6561-7a48-4185-af6f-af799f699172,oligodendrocyte,CL:0000128,pending,Alzheimer disease,normal,10,10,76181,"{""A"": {""max"": 5724, ""median"": 4058.5, ""min"": 886, ""n_cells"": 41229, ""n_donors"": 10}, ""B"": {""max"": 6354, ""median"": 3351.0, ""min"": 778, ""n_cells"": 34952, ""n_donors"": 10}}","{""A"": 3276.0, ""B"": 3246.5}",184756,"[""assay:partial_confound_v=0.056"", ""sequencing_depth_bin:partial_confound_v=0.12"", ""pooled:unresolved — no pool/library id in obs (D3 lower bound)""]","{""assay"": 0.056, ""sequencing_depth_bin"": 0.12, ""suspension_type"": null, ""tissue_general"": null}",unresolved,18,pending,pending,pending,pending,pending,0.35,pending,candidate,[],{},0,[],"[""assay"", ""sequencing_depth_bin""]",False,"[""integer_check"", ""frozen_universe_size"", ""sigma_donor_estimate"", ""envelope_membership""]",2025-01-30,analysis_set,2,"Rexach 2024 Cell, cross-dementia",strong,10,"[3000,inf)","[3000,inf)"
ac0c6561-7a48-4185-af6f-af799f699172,oligodendrocyte precursor cell,CL:0002453,pending,Alzheimer disease,normal,10,10,14054,"{""A"": {""max"": 912, ""median"": 714.5, ""min"": 447, ""n_cells"": 6943, ""n_donors"": 10}, ""B"": {""max"": 955, ""median"": 799.5, ""min"": 275, ""n_cells"": 7111, ""n_donors"": 10}}","{""A"": 3549.0, ""B"": 3161.0}",184756,"[""assay:partial_confound_v=0.056"", ""sequencing_depth_bin:partial_confound_v=0.324"", ""pooled:unresolved — no pool/library id in obs (D3 lower bound)""]","{""assay"": 0.056, ""sequencing_depth_bin"": 0.324, ""suspension_type"": null, ""tissue_general"": null}",unresolved,18,pending,pending,pending,pending,pending,0.35,pending,candidate,[],{},0,[],"[""assay"", ""sequencing_depth_bin""]",False,"[""integer_check"", ""frozen_universe_size"", ""sigma_donor_estimate"", ""envelope_membership""]",2025-01-30,analysis_set,2,"Rexach 2024 Cell, cross-dementia",strong,10,"[300,1000)","[300,1000)"
ac0c6561-7a48-4185-af6f-af799f699172,pericyte,CL:0000669,pending,Alzheimer disease,normal,9,9,916,"{""A"": {""max"": 90, ""median"": 53.0, ""min"": 19, ""n_cells"": 455, ""n_donors"": 9}, ""B"": {""max"": 184, ""median"": 30.0, ""min"": 12, ""n_cells"": 461, ""n_donors"": 9}}","{""A"": 2392.0, ""B"": 1929.0}",48620,"[""assay:partial_confound_v=0.062"", ""sequencing_depth_bin:partial_confound_v=0.272"", ""pooled:unresolved — no pool/library id in obs (D3 lower bound)""]","{""assay"": 0.062, ""sequencing_depth_bin"": 0.272, ""suspension_type"": null, ""tissue_general"": null}",unresolved,16,pending,pending,pending,pending,pending,0.35,pending,candidate,[],"{""R24_P2538"": 2, ""R24_P2733"": 7}",0,[],"[""assay"", ""sequencing_depth_bin""]",False,"[""integer_check"", ""frozen_universe_size"", ""sigma_donor_estimate"", ""envelope_membership""]",2025-01-30,analysis_set,2,"Rexach 2024 Cell, cross-dementia",strong,9,"[30,100)","[30,100)"
ac0c6561-7a48-4185-af6f-af799f699172,T cell,CL:0000084,pending,Pick disease,normal,4,3,104,"{""A"": {""max"": 25, ""median"": 16.0, ""min"": 12, ""n_cells"": 69, ""n_donors"": 4}, ""B"": {""max"": 12, ""median"": 12.0, ""min"": 11, ""n_cells"": 35, ""n_donors"": 3}}","{""A"": 2241.0, ""B"": 2077.0}",35,"[""sequencing_depth_bin:1 donor-unique level(s) set aside before screening; 2 level(s) group >= 2 donors and carry the test"", ""sequencing_depth_bin:partial_confound_v=0.333"", ""pooled:unresolved — no pool/library id in obs (D3 lower bound)""]","{""assay"": null, ""sequencing_depth_bin"": 0.333, ""suspension_type"": null, ""tissue_general"": null}",unresolved,5,pending,pending,pending,pending,pending,,pending,candidate,[],"{""R24_P2323"": 3, ""R24_P2634"": 8, ""R24_P2733"": 7, ""R24_P2734"": 1}",0,[],"[""sequencing_depth_bin""]",False,"[""integer_check"", ""frozen_universe_size"", ""sigma_donor_estimate"", ""envelope_membership""]",2025-01-30,analysis_set,2,"Rexach 2024 Cell, cross-dementia",strong,3,"[10,30)","[10,30)"
ac0c6561-7a48-4185-af6f-af799f699172,astrocyte,CL:0000127,pending,Pick disease,normal,9,10,28408,"{""A"": {""max"": 2262, ""median"": 1498.0, ""min"": 42, ""n_cells"": 12789, ""n_donors"": 9}, ""B"": {""max"": 2466, ""median"": 1416.5, ""min"": 657, ""n_cells"": 15619, ""n_donors"": 10}}","{""A"": 3187.0, ""B"": 3049.0}",92378,"[""assay:partial_confound_v=0.085"", ""sequencing_depth_bin:partial_confound_v=0.2"", ""pooled:unresolved — no pool/library id in obs (D3 lower bound)""]","{""assay"": 0.085, ""sequencing_depth_bin"": 0.2, ""suspension_type"": null, ""tissue_general"": null}",unresolved,17,pending,pending,pending,pending,pending,0.35,pending,candidate,[],{},0,[],"[""assay"", ""sequencing_depth_bin""]",False,"[""integer_check"", ""frozen_universe_size"", ""sigma_donor_estimate"", ""envelope_membership""]",2025-01-30,analysis_set,2,"Rexach 2024 Cell, cross-dementia",strong,9,"[1000,3000)","[1000,3000)"
ac0c6561-7a48-4185-af6f-af799f699172,endothelial cell of vascular tree,CL:0002139,pending,Pick disease,normal,9,10,3407,"{""A"": {""max"": 579, ""median"": 147.0, ""min"": 31, ""n_cells"": 1763, ""n_donors"": 9}, ""B"": {""max"": 296, ""median"": 169.0, ""min"": 47, ""n_cells"": 1644, ""n_donors"": 10}}","{""A"": 1615.0, ""B"": 1543.5}",92378,"[""assay:partial_confound_v=0.085"", ""sequencing_depth_bin:partial_confound_v=0.409"", ""pooled:unresolved — no pool/library id in obs (D3 lower bound)""]","{""assay"": 0.085, ""sequencing_depth_bin"": 0.409, ""suspension_type"": null, ""tissue_general"": null}",unresolved,17,pending,pending,pending,pending,pending,0.35,pending,candidate,[],{},0,[],"[""assay"", ""sequencing_depth_bin""]",False,"[""integer_check"", ""frozen_universe_size"", ""sigma_donor_estimate"", ""envelope_membership""]",2025-01-30,analysis_set,2,"Rexach 2024 Cell, cross-dementia",strong,9,"[100,300)","[100,300)"
ac0c6561-7a48-4185-af6f-af799f699172,glutamatergic neuron,CL:0000679,pending,Pick disease,normal,9,10,57685,"{""A"": {""max"": 6029, ""median"": 4060.0, ""min"": 170, ""n_cells"": 30394, ""n_donors"": 9}, ""B"": {""max"": 5302, ""median"": 2662.0, ""min"": 843, ""n_cells"": 27291, ""n_donors"": 10}}","{""A"": 4694.5, ""B"": 4405.0}",92378,"[""assay:partial_confound_v=0.085"", ""sequencing_depth_bin:partial_confound_v=0.317"", ""pooled:unresolved — no pool/library id in obs (D3 lower bound)""]","{""assay"": 0.085, ""sequencing_depth_bin"": 0.317, ""suspension_type"": null, ""tissue_general"": null}",unresolved,17,pending,pending,pending,pending,pending,0.35,pending,candidate,[],{},0,[],"[""assay"", ""sequencing_depth_bin""]",False,"[""integer_check"", ""frozen_universe_size"", ""sigma_donor_estimate"", ""envelope_membership""]",2025-01-30,analysis_set,2,"Rexach 2024 Cell, cross-dementia",strong,9,"[3000,inf)","[1000,3000)"
ac0c6561-7a48-4185-af6f-af799f699172,inhibitory interneuron,CL:0000498,pending,Pick disease,normal,8,10,16897,"{""A"": {""max"": 2176, ""median"": 1028.5, ""min"": 408, ""n_cells"": 8836, ""n_donors"": 8}, ""B"": {""max"": 1711, ""median"": 777.5, ""min"": 69, ""n_cells"": 8061, ""n_donors"": 10}}","{""A"": 6158.5, ""B"": 5206.0}",43758,"[""assay:partial_confound_v=0.056"", ""sequencing_depth_bin:partial_confound_v=0.316"", ""pooled:unresolved — no pool/library id in obs (D3 lower bound)""]","{""assay"": 0.056, ""sequencing_depth_bin"": 0.316, ""suspension_type"": null, ""tissue_general"": null}",unresolved,16,pending,pending,pending,pending,pending,0.35,pending,candidate,[],"{""R24_P2730"": 6}",0,[],"[""assay"", ""sequencing_depth_bin""]",False,"[""integer_check"", ""frozen_universe_size"", ""sigma_donor_estimate"", ""envelope_membership""]",2025-01-30,analysis_set,2,"Rexach 2024 Cell, cross-dementia",strong,8,"[1000,3000)","[300,1000)"
ac0c6561-7a48-4185-af6f-af799f699172,microglial cell,CL:0000129,pending,Pick disease,normal,8,9,8853,"{""A"": {""max"": 881, ""median"": 671.0, ""min"": 341, ""n_cells"": 5249, ""n_donors"": 8}, ""B"": {""max"": 650, ""median"": 448.0, ""min"": 37, ""n_cells"": 3604, ""n_donors"": 9}}","{""A"": 2573.0, ""B"": 2402.5}",24310,"[""assay:partial_confound_v=0.029"", ""sequencing_depth_bin:partial_confound_v=0.453"", ""pooled:unresolved — no pool/library id in obs (D3 lower bound)""]","{""assay"": 0.029, ""sequencing_depth_bin"": 0.453, ""suspension_type"": null, ""tissue_general"": null}",unresolved,15,pending,pending,pending,pending,pending,0.35,pending,candidate,[],"{""R24_P2730"": 2, ""R24_P2739"": 1}",0,[],"[""assay"", ""sequencing_depth_bin""]",False,"[""integer_check"", ""frozen_universe_size"", ""sigma_donor_estimate"", ""envelope_membership""]",2025-01-30,analysis_set,2,"Rexach 2024 Cell, cross-dementia",strong,8,"[300,1000)","[300,1000)"
ac0c6561-7a48-4185-af6f-af799f699172,oligodendrocyte,CL:0000128,pending,Pick disease,normal,9,10,67359,"{""A"": {""max"": 5738, ""median"": 3423.0, ""min"": 12, ""n_cells"": 32407, ""n_donors"": 9}, ""B"": {""max"": 6354, ""median"": 3351.0, ""min"": 778, ""n_cells"": 34952, ""n_donors"": 10}}","{""A"": 2921.0, ""B"": 3246.5}",92378,"[""assay:partial_confound_v=0.085"", ""sequencing_depth_bin:partial_confound_v=0.274"", ""pooled:unresolved — no pool/library id in obs (D3 lower bound)""]","{""assay"": 0.085, ""sequencing_depth_bin"": 0.274, ""suspension_type"": null, ""tissue_general"": null}",unresolved,17,pending,pending,pending,pending,pending,0.35,pending,candidate,[],{},0,[],"[""assay"", ""sequencing_depth_bin""]",False,"[""integer_check"", ""frozen_universe_size"", ""sigma_donor_estimate"", ""envelope_membership""]",2025-01-30,analysis_set,2,"Rexach 2024 Cell, cross-dementia",strong,9,"[3000,inf)","[3000,inf)"
ac0c6561-7a48-4185-af6f-af799f699172,oligodendrocyte precursor cell,CL:0002453,pending,Pick disease,normal,9,10,12788,"{""A"": {""max"": 907, ""median"": 673.0, ""min"": 21, ""n_cells"": 5677, ""n_donors"": 9}, ""B"": {""max"": 955, ""median"": 799.5, ""min"": 275, ""n_cells"": 7111, ""n_donors"": 10}}","{""A"": 3107.0, ""B"": 3161.0}",92378,"[""assay:partial_confound_v=0.085"", ""sequencing_depth_bin:partial_confound_v=0.151"", ""pooled:unresolved — no pool/library id in obs (D3 lower bound)""]","{""assay"": 0.085, ""sequencing_depth_bin"": 0.151, ""suspension_type"": null, ""tissue_general"": null}",unresolved,17,pending,pending,pending,pending,pending,0.35,pending,candidate,[],{},0,[],"[""assay"", ""sequencing_depth_bin""]",False,"[""integer_check"", ""frozen_universe_size"", ""sigma_donor_estimate"", ""envelope_membership""]",2025-01-30,analysis_set,2,"Rexach 2024 Cell, cross-dementia",strong,9,"[300,1000)","[300,1000)"
ac0c6561-7a48-4185-af6f-af799f699172,pericyte,CL:0000669,pending,Pick disease,normal,7,9,1292,"{""A"": {""max"": 293, ""median"": 88.0, ""min"": 33, ""n_cells"": 831, ""n_donors"": 7}, ""B"": {""max"": 184, ""median"": 30.0, ""min"": 12, ""n_cells"": 461, ""n_donors"": 9}}","{""A"": 1703.0, ""B"": 1929.0}",11440,"[""assay:partial_confound_v=0.063"", ""sequencing_depth_bin:partial_confound_v=0.392"", ""pooled:unresolved — no pool/library id in obs (D3 lower bound)""]","{""assay"": 0.063, ""sequencing_depth_bin"": 0.392, ""suspension_type"": null, ""tissue_general"": null}",unresolved,14,pending,pending,pending,pending,pending,0.2,pending,candidate,[],"{""R24_P2732"": 9, ""R24_P2733"": 7}",0,[],"[""assay"", ""sequencing_depth_bin""]",False,"[""integer_check"", ""frozen_universe_size"", ""sigma_donor_estimate"", ""envelope_membership""]",2025-01-30,analysis_set,2,"Rexach 2024 Cell, cross-dementia",strong,7,"[30,100)","[30,100)"
ac0c6561-7a48-4185-af6f-af799f699172,T cell,CL:0000084,pending,progressive supranuclear palsy,normal,3,3,73,"{""A"": {""max"": 15, ""median"": 13.0, ""min"": 10, ""n_cells"": 38, ""n_donors"": 3}, ""B"": {""max"": 12, ""median"": 12.0, ""min"": 11, ""n_cells"": 35, ""n_donors"": 3}}","{""A"": 1755.0, ""B"": 2077.0}",20,"[""pooled:unresolved — no pool/library id in obs (D3 lower bound)""]","{""assay"": null, ""sequencing_depth_bin"": 0.0, ""suspension_type"": null, ""tissue_general"": null}",unresolved,4,pending,pending,pending,pending,pending,,pending,candidate,[],"{""R24_P2462"": 7, ""R24_P2733"": 7, ""R24_P2734"": 1, ""R24_P2742"": 7, ""R24_P2743"": 7, ""R24_P2744"": 4}",0,[],[],False,"[""integer_check"", ""frozen_universe_size"", ""sigma_donor_estimate"", ""envelope_membership""]",2025-01-30,analysis_set,2,"Rexach 2024 Cell, cross-dementia",strong,3,"[10,30)","[10,30)"
ac0c6561-7a48-4185-af6f-af799f699172,astrocyte,CL:0000127,pending,progressive supranuclear palsy,normal,11,10,29535,"{""A"": {""max"": 3042, ""median"": 1101.0, ""min"": 481, ""n_cells"": 13916, ""n_donors"": 11}, ""B"": {""max"": 2466, ""median"": 1416.5, ""min"": 657, ""n_cells"": 15619, ""n_donors"": 10}}","{""A"": 2948.0, ""B"": 3049.0}",352716,"[""assay:partial_confound_v=0.056"", ""sequencing_depth_bin:partial_confound_v=0.357"", ""pooled:unresolved — no pool/library id in obs (D3 lower bound)""]","{""assay"": 0.056, ""sequencing_depth_bin"": 0.357, ""suspension_type"": null, ""tissue_general"": null}",unresolved,19,pending,pending,pending,pending,pending,0.35,pending,candidate,[],{},0,[],"[""assay"", ""sequencing_depth_bin""]",False,"[""integer_check"", ""frozen_universe_size"", ""sigma_donor_estimate"", ""envelope_membership""]",2025-01-30,analysis_set,2,"Rexach 2024 Cell, cross-dementia",strong,10,"[1000,3000)","[1000,3000)"
ac0c6561-7a48-4185-af6f-af799f699172,endothelial cell of vascular tree,CL:0002139,pending,progressive supranuclear palsy,normal,10,10,2779,"{""A"": {""max"": 234, ""median"": 110.5, ""min"": 22, ""n_cells"": 1135, ""n_donors"": 10}, ""B"": {""max"": 296, ""median"": 169.0, ""min"": 47, ""n_cells"": 1644, ""n_donors"": 10}}","{""A"": 1986.0, ""B"": 1543.5}",184756,"[""assay:partial_confound_v=0.029"", ""sequencing_depth_bin:partial_confound_v=0.359"", ""pooled:unresolved — no pool/library id in obs (D3 lower bound)""]","{""assay"": 0.029, ""sequencing_depth_bin"": 0.359, ""suspension_type"": null, ""tissue_general"": null}",unresolved,18,pending,pending,pending,pending,pending,0.35,pending,candidate,[],"{""R24_P2392"": 5}",0,[],"[""assay"", ""sequencing_depth_bin""]",False,"[""integer_check"", ""frozen_universe_size"", ""sigma_donor_estimate"", ""envelope_membership""]",2025-01-30,analysis_set,2,"Rexach 2024 Cell, cross-dementia",strong,10,"[100,300)","[100,300)"
ac0c6561-7a48-4185-af6f-af799f699172,glutamatergic neuron,CL:0000679,pending,progressive supranuclear palsy,normal,11,10,70508,"{""A"": {""max"": 7800, ""median"": 3970.0, ""min"": 445, ""n_cells"": 43217, ""n_donors"": 11}, ""B"": {""max"": 5302, ""median"": 2662.0, ""min"": 843, ""n_cells"": 27291, ""n_donors"": 10}}","{""A"": 4955.0, ""B"": 4405.0}",352716,"[""assay:partial_confound_v=0.056"", ""sequencing_depth_bin:partial_confound_v=0.135"", ""pooled:unresolved — no pool/library id in obs (D3 lower bound)""]","{""assay"": 0.056, ""sequencing_depth_bin"": 0.135, ""suspension_type"": null, ""tissue_general"": null}",unresolved,19,pending,pending,pending,pending,pending,0.35,pending,candidate,[],{},0,[],"[""assay"", ""sequencing_depth_bin""]",False,"[""integer_check"", ""frozen_universe_size"", ""sigma_donor_estimate"", ""envelope_membership""]",2025-01-30,analysis_set,2,"Rexach 2024 Cell, cross-dementia",strong,10,"[3000,inf)","[1000,3000)"
ac0c6561-7a48-4185-af6f-af799f699172,inhibitory interneuron,CL:0000498,pending,progressive supranuclear palsy,normal,11,10,19559,"{""A"": {""max"": 2047, ""median"": 998.0, ""min"": 85, ""n_cells"": 11498, ""n_donors"": 11}, ""B"": {""max"": 1711, ""median"": 777.5, ""min"": 69, ""n_cells"": 8061, ""n_donors"": 10}}","{""A"": 7181.5, ""B"": 5206.0}",352716,"[""assay:partial_confound_v=0.056"", ""sequencing_depth_bin:partial_confound_v=0.27"", ""pooled:unresolved — no pool/library id in obs (D3 lower bound)""]","{""assay"": 0.056, ""sequencing_depth_bin"": 0.27, ""suspension_type"": null, ""tissue_general"": null}",unresolved,19,pending,pending,pending,pending,pending,0.35,pending,candidate,[],{},0,[],"[""assay"", ""sequencing_depth_bin""]",False,"[""integer_check"", ""frozen_universe_size"", ""sigma_donor_estimate"", ""envelope_membership""]",2025-01-30,analysis_set,2,"Rexach 2024 Cell, cross-dementia",strong,10,"[300,1000)","[300,1000)"
ac0c6561-7a48-4185-af6f-af799f699172,microglial cell,CL:0000129,pending,progressive supranuclear palsy,normal,11,9,9110,"{""A"": {""max"": 1377, ""median"": 398.0, ""min"": 39, ""n_cells"": 5506, ""n_donors"": 11}, ""B"": {""max"": 650, ""median"": 448.0, ""min"": 37, ""n_cells"": 3604, ""n_donors"": 9}}","{""A"": 2457.0, ""B"": 2402.5}",167960,"[""assay:partial_confound_v=0.029"", ""sequencing_depth_bin:partial_confound_v=0.249"", ""pooled:unresolved — no pool/library id in obs (D3 lower bound)""]","{""assay"": 0.029, ""sequencing_depth_bin"": 0.249, ""suspension_type"": null, ""tissue_general"": null}",unresolved,18,pending,pending,pending,pending,pending,0.35,pending,candidate,[],"{""R24_P2739"": 1}",0,[],"[""assay"", ""sequencing_depth_bin""]",False,"[""integer_check"", ""frozen_universe_size"", ""sigma_donor_estimate"", ""envelope_membership""]",2025-01-30,analysis_set,2,"Rexach 2024 Cell, cross-dementia",strong,9,"[300,1000)","[300,1000)"
ac0c6561-7a48-4185-af6f-af799f699172,oligodendrocyte,CL:0000128,pending,progressive supranuclear palsy,normal,11,10,68607,"{""A"": {""max"": 4672, ""median"": 2852.0, ""min"": 842, ""n_cells"": 33655, ""n_donors"": 11}, ""B"": {""max"": 6354, ""median"": 3351.0, ""min"": 778, ""n_cells"": 34952, ""n_donors"": 10}}","{""A"": 2796.0, ""B"": 3246.5}",352716,"[""assay:partial_confound_v=0.056"", ""sequencing_depth_bin:partial_confound_v=0.135"", ""pooled:unresolved — no pool/library id in obs (D3 lower bound)""]","{""assay"": 0.056, ""sequencing_depth_bin"": 0.135, ""suspension_type"": null, ""tissue_general"": null}",unresolved,19,pending,pending,pending,pending,pending,0.35,pending,candidate,[],{},0,[],"[""assay"", ""sequencing_depth_bin""]",False,"[""integer_check"", ""frozen_universe_size"", ""sigma_donor_estimate"", ""envelope_membership""]",2025-01-30,analysis_set,2,"Rexach 2024 Cell, cross-dementia",strong,10,"[1000,3000)","[3000,inf)"
ac0c6561-7a48-4185-af6f-af799f699172,oligodendrocyte precursor cell,CL:0002453,pending,progressive supranuclear palsy,normal,11,10,14793,"{""A"": {""max"": 1153, ""median"": 677.0, ""min"": 286, ""n_cells"": 7682, ""n_donors"": 11}, ""B"": {""max"": 955, ""median"": 799.5, ""min"": 275, ""n_cells"": 7111, ""n_donors"": 10}}","{""A"": 3476.5, ""B"": 3161.0}",352716,"[""assay:partial_confound_v=0.056"", ""sequencing_depth_bin:partial_confound_v=0.135"", ""pooled:unresolved — no pool/library id in obs (D3 lower bound)""]","{""assay"": 0.056, ""sequencing_depth_bin"": 0.135, ""suspension_type"": null, ""tissue_general"": null}",unresolved,19,pending,pending,pending,pending,pending,0.35,pending,candidate,[],{},0,[],"[""assay"", ""sequencing_depth_bin""]",False,"[""integer_check"", ""frozen_universe_size"", ""sigma_donor_estimate"", ""envelope_membership""]",2025-01-30,analysis_set,2,"Rexach 2024 Cell, cross-dementia",strong,10,"[300,1000)","[300,1000)"
ac0c6561-7a48-4185-af6f-af799f699172,pericyte,CL:0000669,pending,progressive supranuclear palsy,normal,9,9,1258,"{""A"": {""max"": 284, ""median"": 58.0, ""min"": 10, ""n_cells"": 797, ""n_donors"": 9}, ""B"": {""max"": 184, ""median"": 30.0, ""min"": 12, ""n_cells"": 461, ""n_donors"": 9}}","{""A"": 1829.0, ""B"": 1929.0}",48620,"[""assay:partial_confound_v=0.033"", ""pooled:unresolved — no pool/library id in obs (D3 lower bound)""]","{""assay"": 0.033, ""sequencing_depth_bin"": 0.0, ""suspension_type"": null, ""tissue_general"": null}",unresolved,16,pending,pending,pending,pending,pending,0.35,pending,candidate,[],"{""R24_P2392"": 1, ""R24_P2733"": 7, ""R24_P2745"": 7}",0,[],"[""assay""]",False,"[""integer_check"", ""frozen_universe_size"", ""sigma_donor_estimate"", ""envelope_membership""]",2025-01-30,analysis_set,2,"Rexach 2024 Cell, cross-dementia",strong,9,"[30,100)","[30,100)"
d8da613f-e681-4c69-b463-e94f5e66847f,B cell,CL:0000236,pending,COVID-19,normal,16,6,1817,"{""A"": {""max"": 102, ""median"": 31.0, ""min"": 10, ""n_cells"": 720, ""n_donors"": 16}, ""B"": {""max"": 837, ""median"": 30.5, ""min"": 10, ""n_cells"": 1097, ""n_donors"": 6}}","{""A"": 641.0, ""B"": 653.0}",74613,"[""sequencing_depth_bin:partial_confound_v=0.216"", ""pooled:unresolved — no pool/library id in obs (D3 lower bound)""]","{""assay"": null, ""sequencing_depth_bin"": 0.216, ""suspension_type"": null, ""tissue_general"": null}",unresolved,20,pending,pending,pending,pending,pending,0.2,pending,candidate,[],"{""C52ctr"": 7, ""L10cov"": 2, ""L13cov"": 7, ""L19cov"": 4, ""L21cov"": 8}",0,[],"[""sequencing_depth_bin""]",False,"[""integer_check"", ""frozen_universe_size"", ""sigma_donor_estimate"", ""envelope_membership""]",2025-01-30,analysis_set,3,"Melms 2021 Nature, lethal COVID-19 lung",strong,6,"[30,100)","[30,100)"
d8da613f-e681-4c69-b463-e94f5e66847f,"CD4-positive, alpha-beta T cell",CL:0000624,pending,COVID-19,normal,20,7,7586,"{""A"": {""max"": 700, ""median"": 207.0, ""min"": 13, ""n_cells"": 4875, ""n_donors"": 20}, ""B"": {""max"": 907, ""median"": 325.0, ""min"": 103, ""n_cells"": 2711, ""n_donors"": 7}}","{""A"": 642.0, ""B"": 621.0}",888030,"[""sequencing_depth_bin:partial_confound_v=0.262"", ""pooled:unresolved — no pool/library id in obs (D3 lower bound)""]","{""assay"": null, ""sequencing_depth_bin"": 0.262, ""suspension_type"": null, ""tissue_general"": null}",unresolved,25,pending,pending,pending,pending,pending,0.2,pending,candidate,[],{},0,[],"[""sequencing_depth_bin""]",False,"[""integer_check"", ""frozen_universe_size"", ""sigma_donor_estimate"", ""envelope_membership""]",2025-01-30,analysis_set,3,"Melms 2021 Nature, lethal COVID-19 lung",strong,7,"[100,300)","[300,1000)"
d8da613f-e681-4c69-b463-e94f5e66847f,"CD8-positive, alpha-beta T cell",CL:0000625,pending,COVID-19,normal,19,7,3559,"{""A"": {""max"": 846, ""median"": 76.0, ""min"": 13, ""n_cells"": 2756, ""n_donors"": 19}, ""B"": {""max"": 293, ""median"": 73.0, ""min"": 11, ""n_cells"": 803, ""n_donors"": 7}}","{""A"": 590.0, ""B"": 551.0}",657800,"[""sequencing_depth_bin:partial_confound_v=0.301"", ""pooled:unresolved — no pool/library id in obs (D3 lower bound)""]","{""assay"": null, ""sequencing_depth_bin"": 0.301, ""suspension_type"": null, ""tissue_general"": null}",unresolved,24,pending,pending,pending,pending,pending,0.2,pending,candidate,[],"{""L10cov"": 2}",0,[],"[""sequencing_depth_bin""]",False,"[""integer_check"", ""frozen_universe_size"", ""sigma_donor_estimate"", ""envelope_membership""]",2025-01-30,analysis_set,3,"Melms 2021 Nature, lethal COVID-19 lung",strong,7,"[30,100)","[30,100)"
d8da613f-e681-4c69-b463-e94f5e66847f,alveolar adventitial fibroblast,CL:4028006,pending,COVID-19,normal,20,7,4670,"{""A"": {""max"": 459, ""median"": 103.0, ""min"": 12, ""n_cells"": 2730, ""n_donors"": 20}, ""B"": {""max"": 471, ""median"": 288.0, ""min"": 14, ""n_cells"": 1940, ""n_donors"": 7}}","{""A"": 955.5, ""B"": 841.0}",888030,"[""sequencing_depth_bin:partial_confound_v=0.12"", ""pooled:unresolved — no pool/library id in obs (D3 lower bound)""]","{""assay"": null, ""sequencing_depth_bin"": 0.12, ""suspension_type"": null, ""tissue_general"": null}",unresolved,25,pending,pending,pending,pending,pending,0.2,pending,candidate,[],{},0,[],"[""sequencing_depth_bin""]",False,"[""integer_check"", ""frozen_universe_size"", ""sigma_donor_estimate"", ""envelope_membership""]",2025-01-30,analysis_set,3,"Melms 2021 Nature, lethal COVID-19 lung",strong,7,"[100,300)","[100,300)"
d8da613f-e681-4c69-b463-e94f5e66847f,alveolar macrophage,CL:0000583,pending,COVID-19,normal,20,7,12511,"{""A"": {""max"": 1665, ""median"": 459.0, ""min"": 50, ""n_cells"": 10866, ""n_donors"": 20}, ""B"": {""max"": 354, ""median"": 266.0, ""min"": 103, ""n_cells"": 1645, ""n_donors"": 7}}","{""A"": 1768.5, ""B"": 2330.0}",888030,"[""sequencing_depth_bin:partial_confound_v=0.316"", ""pooled:unresolved — no pool/library id in obs (D3 lower bound)""]","{""assay"": null, ""sequencing_depth_bin"": 0.316, ""suspension_type"": null, ""tissue_general"": null}",unresolved,25,pending,pending,pending,pending,pending,0.2,pending,candidate,[],{},0,[],"[""sequencing_depth_bin""]",False,"[""integer_check"", ""frozen_universe_size"", ""sigma_donor_estimate"", ""envelope_membership""]",2025-01-30,analysis_set,3,"Melms 2021 Nature, lethal COVID-19 lung",strong,7,"[300,1000)","[100,300)"
d8da613f-e681-4c69-b463-e94f5e66847f,capillary endothelial cell,CL:0002144,pending,COVID-19,normal,11,6,973,"{""A"": {""max"": 89, ""median"": 37.0, ""min"": 13, ""n_cells"": 392, ""n_donors"": 11}, ""B"": {""max"": 217, ""median"": 84.5, ""min"": 31, ""n_cells"": 581, ""n_donors"": 6}}","{""A"": 770.0, ""B"": 695.0}",12376,"[""sequencing_depth_bin:partial_confound_v=0.253"", ""pooled:unresolved — no pool/library id in obs (D3 lower bound)""]","{""assay"": null, ""sequencing_depth_bin"": 0.253, ""suspension_type"": null, ""tissue_general"": null}",unresolved,15,pending,pending,pending,pending,pending,0.2,pending,candidate,[],"{""L04cov"": 9, ""L04covaddon"": 1, ""L07cov"": 9, ""L11cov"": 7, ""L13cov"": 3, ""L16cov"": 6, ""L19cov"": 2}",0,[],"[""sequencing_depth_bin""]",False,"[""integer_check"", ""frozen_universe_size"", ""sigma_donor_estimate"", ""envelope_membership""]",2025-01-30,analysis_set,3,"Melms 2021 Nature, lethal COVID-19 lung",strong,6,"[30,100)","[30,100)"
d8da613f-e681-4c69-b463-e94f5e66847f,club cell,CL:0000158,pending,COVID-19,normal,17,6,1209,"{""A"": {""max"": 174, ""median"": 31.0, ""min"": 10, ""n_cells"": 839, ""n_donors"": 17}, ""B"": {""max"": 129, ""median"": 54.5, ""min"": 16, ""n_cells"": 370, ""n_donors"": 6}}","{""A"": 1088.0, ""B"": 1208.0}",100947,"[""sequencing_depth_bin:partial_confound_v=0.24"", ""pooled:unresolved — no pool/library id in obs (D3 lower bound)""]","{""assay"": null, ""sequencing_depth_bin"": 0.24, ""suspension_type"": null, ""tissue_general"": null}",unresolved,21,pending,pending,pending,pending,pending,0.2,pending,candidate,[],"{""C56ctr"": 6, ""L05cov"": 5, ""L07cov"": 9, ""L11cov"": 3}",0,[],"[""sequencing_depth_bin""]",False,"[""integer_check"", ""frozen_universe_size"", ""sigma_donor_estimate"", ""envelope_membership""]",2025-01-30,analysis_set,3,"Melms 2021 Nature, lethal COVID-19 lung",strong,6,"[30,100)","[30,100)"
d8da613f-e681-4c69-b463-e94f5e66847f,dendritic cell,CL:0000451,pending,COVID-19,normal,13,7,1044,"{""A"": {""max"": 85, ""median"": 34.0, ""min"": 15, ""n_cells"": 498, ""n_donors"": 13}, ""B"": {""max"": 118, ""median"": 84.0, ""min"": 29, ""n_cells"": 546, ""n_donors"": 7}}","{""A"": 1212.0, ""B"": 1026.5}",77520,"[""sequencing_depth_bin:partial_confound_v=0.377"", ""pooled:unresolved — no pool/library id in obs (D3 lower bound)""]","{""assay"": null, ""sequencing_depth_bin"": 0.377, ""suspension_type"": null, ""tissue_general"": null}",unresolved,18,pending,pending,pending,pending,pending,0.2,pending,candidate,[],"{""L05cov"": 8, ""L10cov"": 3, ""L13cov"": 4, ""L16cov"": 9, ""L18cov"": 7, ""L19cov"": 8}",0,[],"[""sequencing_depth_bin""]",False,"[""integer_check"", ""frozen_universe_size"", ""sigma_donor_estimate"", ""envelope_membership""]",2025-01-30,analysis_set,3,"Melms 2021 Nature, lethal COVID-19 lung",strong,7,"[30,100)","[30,100)"
d8da613f-e681-4c69-b463-e94f5e66847f,endothelial cell,CL:0000115,pending,COVID-19,normal,19,7,2291,"{""A"": {""max"": 213, ""median"": 72.0, ""min"": 17, ""n_cells"": 1421, ""n_donors"": 19}, ""B"": {""max"": 271, ""median"": 125.0, ""min"": 19, ""n_cells"": 870, ""n_donors"": 7}}","{""A"": 760.0, ""B"": 772.5}",657800,"[""sequencing_depth_bin:partial_confound_v=0.159"", ""pooled:unresolved — no pool/library id in obs (D3 lower bound)""]","{""assay"": null, ""sequencing_depth_bin"": 0.159, ""suspension_type"": null, ""tissue_general"": null}",unresolved,24,pending,pending,pending,pending,pending,0.2,pending,candidate,[],"{""L16cov"": 8}",0,[],"[""sequencing_depth_bin""]",False,"[""integer_check"", ""frozen_universe_size"", ""sigma_donor_estimate"", ""envelope_membership""]",2025-01-30,analysis_set,3,"Melms 2021 Nature, lethal COVID-19 lung",strong,7,"[30,100)","[100,300)"
d8da613f-e681-4c69-b463-e94f5e66847f,endothelial cell of artery,CL:1000413,pending,COVID-19,normal,17,7,912,"{""A"": {""max"": 96, ""median"": 23.0, ""min"": 10, ""n_cells"": 499, ""n_donors"": 17}, ""B"": {""max"": 101, ""median"": 58.0, ""min"": 12, ""n_cells"": 413, ""n_donors"": 7}}","{""A"": 964.0, ""B"": 742.0}",346104,"[""sequencing_depth_bin:partial_confound_v=0.259"", ""pooled:unresolved — no pool/library id in obs (D3 lower bound)""]","{""assay"": null, ""sequencing_depth_bin"": 0.259, ""suspension_type"": null, ""tissue_general"": null}",unresolved,22,pending,pending,pending,pending,pending,0.2,pending,candidate,[],"{""L04cov"": 9, ""L16cov"": 8, ""L19cov"": 8}",0,[],"[""sequencing_depth_bin""]",False,"[""integer_check"", ""frozen_universe_size"", ""sigma_donor_estimate"", ""envelope_membership""]",2025-01-30,analysis_set,3,"Melms 2021 Nature, lethal COVID-19 lung",strong,7,"[10,30)","[30,100)"
d8da613f-e681-4c69-b463-e94f5e66847f,epithelial cell,CL:0000066,pending,COVID-19,normal,18,7,1774,"{""A"": {""max"": 634, ""median"": 36.5, ""min"": 11, ""n_cells"": 1251, ""n_donors"": 18}, ""B"": {""max"": 132, ""median"": 53.0, ""min"": 47, ""n_cells"": 523, ""n_donors"": 7}}","{""A"": 715.0, ""B"": 1530.0}",480700,"[""sequencing_depth_bin:partial_confound_v=0.655"", ""pooled:unresolved — no pool/library id in obs (D3 lower bound)""]","{""assay"": null, ""sequencing_depth_bin"": 0.655, ""suspension_type"": null, ""tissue_general"": null}",unresolved,23,pending,pending,pending,pending,pending,0.2,pending,candidate,[],"{""L10cov"": 7, ""L16cov"": 7}",0,[],"[""sequencing_depth_bin""]",False,"[""integer_check"", ""frozen_universe_size"", ""sigma_donor_estimate"", ""envelope_membership""]",2025-01-30,analysis_set,3,"Melms 2021 Nature, lethal COVID-19 lung",strong,7,"[30,100)","[30,100)"
d8da613f-e681-4c69-b463-e94f5e66847f,fibroblast,CL:0000057,pending,COVID-19,normal,20,7,15973,"{""A"": {""max"": 1446, ""median"": 566.0, ""min"": 132, ""n_cells"": 13350, ""n_donors"": 20}, ""B"": {""max"": 574, ""median"": 411.0, ""min"": 107, ""n_cells"": 2623, ""n_donors"": 7}}","{""A"": 1269.0, ""B"": 1002.0}",888030,"[""sequencing_depth_bin:partial_confound_v=0.316"", ""pooled:unresolved — no pool/library id in obs (D3 lower bound)""]","{""assay"": null, ""sequencing_depth_bin"": 0.316, ""suspension_type"": null, ""tissue_general"": null}",unresolved,25,pending,pending,pending,pending,pending,0.2,pending,candidate,[],{},0,[],"[""sequencing_depth_bin""]",False,"[""integer_check"", ""frozen_universe_size"", ""sigma_donor_estimate"", ""envelope_membership""]",2025-01-30,analysis_set,3,"Melms 2021 Nature, lethal COVID-19 lung",strong,7,"[300,1000)","[300,1000)"
d8da613f-e681-4c69-b463-e94f5e66847f,lung ciliated cell,CL:1000271,pending,COVID-19,normal,14,5,2372,"{""A"": {""max"": 596, ""median"": 28.0, ""min"": 11, ""n_cells"": 1229, ""n_donors"": 14}, ""B"": {""max"": 626, ""median"": 109.0, ""min"": 14, ""n_cells"": 1143, ""n_donors"": 5}}","{""A"": 1513.0, ""B"": 1949.0}",11628,"[""sequencing_depth_bin:partial_confound_v=0.086"", ""pooled:unresolved — no pool/library id in obs (D3 lower bound)""]","{""assay"": null, ""sequencing_depth_bin"": 0.086, ""suspension_type"": null, ""tissue_general"": null}",unresolved,17,pending,pending,pending,pending,pending,0.2,pending,candidate,[],"{""C52ctr"": 3, ""C54ctr"": 4, ""L03cov"": 2, ""L04covaddon"": 2, ""L05cov"": 1, ""L11cov"": 3, ""L19cov"": 5}",0,[],"[""sequencing_depth_bin""]",False,"[""integer_check"", ""frozen_universe_size"", ""sigma_donor_estimate"", ""envelope_membership""]",2025-01-30,analysis_set,3,"Melms 2021 Nature, lethal COVID-19 lung",strong,5,"[10,30)","[100,300)"
d8da613f-e681-4c69-b463-e94f5e66847f,lung goblet cell,CL:1000143,pending,COVID-19,normal,14,5,1709,"{""A"": {""max"": 319, ""median"": 29.0, ""min"": 11, ""n_cells"": 711, ""n_donors"": 14}, ""B"": {""max"": 668, ""median"": 94.0, ""min"": 25, ""n_cells"": 998, ""n_donors"": 5}}","{""A"": 1120.0, ""B"": 1776.0}",11628,"[""sequencing_depth_bin:partial_confound_v=0.209"", ""pooled:unresolved — no pool/library id in obs (D3 lower bound)""]","{""assay"": null, ""sequencing_depth_bin"": 0.209, ""suspension_type"": null, ""tissue_general"": null}",unresolved,17,pending,pending,pending,pending,pending,0.2,pending,candidate,[],"{""C52ctr"": 9, ""C54ctr"": 8, ""L04covaddon"": 4, ""L08cov"": 5, ""L10cov"": 6, ""L15cov"": 9, ""L18cov"": 2, ""L21cov"": 5}",0,[],"[""sequencing_depth_bin""]",False,"[""integer_check"", ""frozen_universe_size"", ""sigma_donor_estimate"", ""envelope_membership""]",2025-01-30,analysis_set,3,"Melms 2021 Nature, lethal COVID-19 lung",strong,5,"[10,30)","[30,100)"
d8da613f-e681-4c69-b463-e94f5e66847f,macrophage,CL:0000235,pending,COVID-19,normal,20,7,9534,"{""A"": {""max"": 1003, ""median"": 368.5, ""min"": 90, ""n_cells"": 7504, ""n_donors"": 20}, ""B"": {""max"": 560, ""median"": 289.0, ""min"": 102, ""n_cells"": 2030, ""n_donors"": 7}}","{""A"": 1015.5, ""B"": 851.0}",888030,"[""sequencing_depth_bin:partial_confound_v=0.316"", ""pooled:unresolved — no pool/library id in obs (D3 lower bound)""]","{""assay"": null, ""sequencing_depth_bin"": 0.316, ""suspension_type"": null, ""tissue_general"": null}",unresolved,25,pending,pending,pending,pending,pending,0.2,pending,candidate,[],{},0,[],"[""sequencing_depth_bin""]",False,"[""integer_check"", ""frozen_universe_size"", ""sigma_donor_estimate"", ""envelope_membership""]",2025-01-30,analysis_set,3,"Melms 2021 Nature, lethal COVID-19 lung",strong,7,"[300,1000)","[100,300)"
d8da613f-e681-4c69-b463-e94f5e66847f,mast cell,CL:0000097,pending,COVID-19,normal,16,7,1413,"{""A"": {""max"": 163, ""median"": 52.0, ""min"": 10, ""n_cells"": 858, ""n_donors"": 16}, ""B"": {""max"": 151, ""median"": 65.0, ""min"": 20, ""n_cells"": 555, ""n_donors"": 7}}","{""A"": 680.0, ""B"": 721.0}",245157,"[""sequencing_depth_bin:partial_confound_v=0.179"", ""pooled:unresolved — no pool/library id in obs (D3 lower bound)""]","{""assay"": null, ""sequencing_depth_bin"": 0.179, ""suspension_type"": null, ""tissue_general"": null}",unresolved,21,pending,pending,pending,pending,pending,0.2,pending,candidate,[],"{""L13cov"": 8, ""L18cov"": 3, ""L19cov"": 7, ""L22cov"": 7}",0,[],"[""sequencing_depth_bin""]",False,"[""integer_check"", ""frozen_universe_size"", ""sigma_donor_estimate"", ""envelope_membership""]",2025-01-30,analysis_set,3,"Melms 2021 Nature, lethal COVID-19 lung",strong,7,"[30,100)","[30,100)"
d8da613f-e681-4c69-b463-e94f5e66847f,monocyte,CL:0000576,pending,COVID-19,normal,20,7,7379,"{""A"": {""max"": 820, ""median"": 272.0, ""min"": 103, ""n_cells"": 6422, ""n_donors"": 20}, ""B"": {""max"": 304, ""median"": 121.0, ""min"": 46, ""n_cells"": 957, ""n_donors"": 7}}","{""A"": 697.0, ""B"": 765.0}",888030,"[""sequencing_depth_bin:partial_confound_v=0.316"", ""pooled:unresolved — no pool/library id in obs (D3 lower bound)""]","{""assay"": null, ""sequencing_depth_bin"": 0.316, ""suspension_type"": null, ""tissue_general"": null}",unresolved,25,pending,pending,pending,pending,pending,0.2,pending,candidate,[],{},0,[],"[""sequencing_depth_bin""]",False,"[""integer_check"", ""frozen_universe_size"", ""sigma_donor_estimate"", ""envelope_membership""]",2025-01-30,analysis_set,3,"Melms 2021 Nature, lethal COVID-19 lung",strong,7,"[100,300)","[100,300)"
d8da613f-e681-4c69-b463-e94f5e66847f,mucus secreting cell,CL:0000319,pending,COVID-19,normal,6,4,1242,"{""A"": {""max"": 89, ""median"": 26.5, ""min"": 12, ""n_cells"": 202, ""n_donors"": 6}, ""B"": {""max"": 989, ""median"": 19.5, ""min"": 12, ""n_cells"": 1040, ""n_donors"": 4}}","{""A"": 551.0, ""B"": 821.0}",210,"[""sequencing_depth_bin:partial_confound_v=0.553"", ""pooled:unresolved — no pool/library id in obs (D3 lower bound)""]","{""assay"": null, ""sequencing_depth_bin"": 0.553, ""suspension_type"": null, ""tissue_general"": null}",unresolved,8,pending,pending,pending,pending,pending,0.2,pending,candidate,[],"{""C51ctr"": 3, ""C52ctr"": 5, ""C54ctr"": 1, ""L01cov"": 7, ""L04cov"": 5, ""L04covaddon"": 3, ""L05cov"": 6, ""L07cov"": 4, ""L08cov"": 1, ""L10cov"": 6, ""L11cov"": 1, ""L12cov"": 8, ""L15cov"": 3, ""L16cov"": 3, ""L18cov"": 2, ""L21cov"": 4, ""L22cov"": 3}",0,[],"[""sequencing_depth_bin""]",False,"[""integer_check"", ""frozen_universe_size"", ""sigma_donor_estimate"", ""envelope_membership""]",2025-01-30,analysis_set,3,"Melms 2021 Nature, lethal COVID-19 lung",strong,4,"[10,30)","[10,30)"
d8da613f-e681-4c69-b463-e94f5e66847f,natural killer cell,CL:0000623,pending,COVID-19,normal,20,7,4955,"{""A"": {""max"": 452, ""median"": 156.5, ""min"": 16, ""n_cells"": 3593, ""n_donors"": 20}, ""B"": {""max"": 408, ""median"": 159.0, ""min"": 57, ""n_cells"": 1362, ""n_donors"": 7}}","{""A"": 914.0, ""B"": 884.0}",888030,"[""sequencing_depth_bin:partial_confound_v=0.239"", ""pooled:unresolved — no pool/library id in obs (D3 lower bound)""]","{""assay"": null, ""sequencing_depth_bin"": 0.239, ""suspension_type"": null, ""tissue_general"": null}",unresolved,25,pending,pending,pending,pending,pending,0.2,pending,candidate,[],{},0,[],"[""sequencing_depth_bin""]",False,"[""integer_check"", ""frozen_universe_size"", ""sigma_donor_estimate"", ""envelope_membership""]",2025-01-30,analysis_set,3,"Melms 2021 Nature, lethal COVID-19 lung",strong,7,"[100,300)","[100,300)"
d8da613f-e681-4c69-b463-e94f5e66847f,neuron,CL:0000540,pending,COVID-19,normal,20,6,2012,"{""A"": {""max"": 229, ""median"": 75.5, ""min"": 15, ""n_cells"": 1686, ""n_donors"": 20}, ""B"": {""max"": 82, ""median"": 55.5, ""min"": 29, ""n_cells"": 326, ""n_donors"": 6}}","{""A"": 1080.0, ""B"": 857.5}",230230,"[""sequencing_depth_bin:partial_confound_v=0.222"", ""pooled:unresolved — no pool/library id in obs (D3 lower bound)""]","{""assay"": null, ""sequencing_depth_bin"": 0.222, ""suspension_type"": null, ""tissue_general"": null}",unresolved,24,pending,pending,pending,pending,pending,0.2,pending,candidate,[],"{""C56ctr"": 5}",0,[],"[""sequencing_depth_bin""]",False,"[""integer_check"", ""frozen_universe_size"", ""sigma_donor_estimate"", ""envelope_membership""]",2025-01-30,analysis_set,3,"Melms 2021 Nature, lethal COVID-19 lung",strong,6,"[30,100)","[30,100)"
d8da613f-e681-4c69-b463-e94f5e66847f,pericyte,CL:0000669,pending,COVID-19,normal,16,6,560,"{""A"": {""max"": 64, ""median"": 18.0, ""min"": 10, ""n_cells"": 409, ""n_donors"": 16}, ""B"": {""max"": 31, ""median"": 25.5, ""min"": 17, ""n_cells"": 151, ""n_donors"": 6}}","{""A"": 809.0, ""B"": 773.0}",74613,"[""sequencing_depth_bin:partial_confound_v=0.083"", ""pooled:unresolved — no pool/library id in obs (D3 lower bound)""]","{""assay"": null, ""sequencing_depth_bin"": 0.083, ""suspension_type"": null, ""tissue_general"": null}",unresolved,20,pending,pending,pending,pending,pending,0.2,pending,candidate,[],"{""C54ctr"": 9, ""L04cov"": 9, ""L10cov"": 8, ""L16cov"": 7, ""L19cov"": 4}",0,[],"[""sequencing_depth_bin""]",False,"[""integer_check"", ""frozen_universe_size"", ""sigma_donor_estimate"", ""envelope_membership""]",2025-01-30,analysis_set,3,"Melms 2021 Nature, lethal COVID-19 lung",strong,6,"[10,30)","[10,30)"
d8da613f-e681-4c69-b463-e94f5e66847f,plasma cell,CL:0000786,pending,COVID-19,normal,20,6,5390,"{""A"": {""max"": 744, ""median"": 136.5, ""min"": 14, ""n_cells"": 4511, ""n_donors"": 20}, ""B"": {""max"": 307, ""median"": 133.5, ""min"": 18, ""n_cells"": 879, ""n_donors"": 6}}","{""A"": 976.0, ""B"": 673.0}",230230,"[""sequencing_depth_bin:partial_confound_v=0.369"", ""pooled:unresolved — no pool/library id in obs (D3 lower bound)""]","{""assay"": null, ""sequencing_depth_bin"": 0.369, ""suspension_type"": null, ""tissue_general"": null}",unresolved,24,pending,pending,pending,pending,pending,0.2,pending,candidate,[],"{""C52ctr"": 1}",0,[],"[""sequencing_depth_bin""]",False,"[""integer_check"", ""frozen_universe_size"", ""sigma_donor_estimate"", ""envelope_membership""]",2025-01-30,analysis_set,3,"Melms 2021 Nature, lethal COVID-19 lung",strong,6,"[100,300)","[100,300)"
d8da613f-e681-4c69-b463-e94f5e66847f,pulmonary alveolar type 2 cell,CL:0002063,pending,COVID-19,normal,20,7,20949,"{""A"": {""max"": 1433, ""median"": 371.0, ""min"": 61, ""n_cells"": 9099, ""n_donors"": 20}, ""B"": {""max"": 2821, ""median"": 1834.0, ""min"": 324, ""n_cells"": 11850, ""n_donors"": 7}}","{""A"": 1538.0, ""B"": 1290.0}",888030,"[""sequencing_depth_bin:partial_confound_v=0.316"", ""pooled:unresolved — no pool/library id in obs (D3 lower bound)""]","{""assay"": null, ""sequencing_depth_bin"": 0.316, ""suspension_type"": null, ""tissue_general"": null}",unresolved,25,pending,pending,pending,pending,pending,0.2,pending,candidate,[],{},0,[],"[""sequencing_depth_bin""]",False,"[""integer_check"", ""frozen_universe_size"", ""sigma_donor_estimate"", ""envelope_membership""]",2025-01-30,analysis_set,3,"Melms 2021 Nature, lethal COVID-19 lung",strong,7,"[300,1000)","[1000,3000)"
d8da613f-e681-4c69-b463-e94f5e66847f,regulatory T cell,CL:0000815,pending,COVID-19,normal,12,3,601,"{""A"": {""max"": 103, ""median"": 25.5, ""min"": 10, ""n_cells"": 410, ""n_donors"": 12}, ""B"": {""max"": 93, ""median"": 57.0, ""min"": 41, ""n_cells"": 191, ""n_donors"": 3}}","{""A"": 672.5, ""B"": 660.0}",455,"[""pooled:unresolved — no pool/library id in obs (D3 lower bound)""]","{""assay"": null, ""sequencing_depth_bin"": 0.0, ""suspension_type"": null, ""tissue_general"": null}",unresolved,13,pending,pending,pending,pending,pending,,pending,candidate,[],"{""C52ctr"": 4, ""C54ctr"": 7, ""C55ctr"": 6, ""C57ctr"": 8, ""L05cov"": 4, ""L09cov"": 5, ""L13cov"": 5, ""L16cov"": 4, ""L17cov"": 4, ""L19cov"": 1}",0,[],[],False,"[""integer_check"", ""frozen_universe_size"", ""sigma_donor_estimate"", ""envelope_membership""]",2025-01-30,analysis_set,3,"Melms 2021 Nature, lethal COVID-19 lung",strong,3,"[10,30)","[30,100)"
d8da613f-e681-4c69-b463-e94f5e66847f,respiratory basal cell,CL:0002633,pending,COVID-19,normal,9,3,476,"{""A"": {""max"": 122, ""median"": 21.0, ""min"": 13, ""n_cells"": 315, ""n_donors"": 9}, ""B"": {""max"": 73, ""median"": 72.0, ""min"": 16, ""n_cells"": 161, ""n_donors"": 3}}","{""A"": 1215.0, ""B"": 1438.0}",220,"[""pooled:unresolved — no pool/library id in obs (D3 lower bound)""]","{""assay"": null, ""sequencing_depth_bin"": 0.0, ""suspension_type"": null, ""tissue_general"": null}",unresolved,10,pending,pending,pending,pending,pending,,pending,candidate,[],"{""C56ctr"": 1, ""C57ctr"": 7, ""L03cov"": 9, ""L04covaddon"": 7, ""L05cov"": 1, ""L08cov"": 6, ""L10cov"": 5, ""L11cov"": 3, ""L13cov"": 4, ""L15cov"": 8, ""L21cov"": 3, ""L22cov"": 4}",0,[],[],False,"[""integer_check"", ""frozen_universe_size"", ""sigma_donor_estimate"", ""envelope_membership""]",2025-01-30,analysis_set,3,"Melms 2021 Nature, lethal COVID-19 lung",strong,3,"[10,30)","[30,100)"
d8da613f-e681-4c69-b463-e94f5e66847f,tracheobronchial smooth muscle cell,CL:0019019,pending,COVID-19,normal,16,6,993,"{""A"": {""max"": 206, ""median"": 19.5, ""min"": 10, ""n_cells"": 602, ""n_donors"": 16}, ""B"": {""max"": 122, ""median"": 47.5, ""min"": 25, ""n_cells"": 391, ""n_donors"": 6}}","{""A"": 735.0, ""B"": 913.0}",74613,"[""sequencing_depth_bin:partial_confound_v=0.189"", ""pooled:unresolved — no pool/library id in obs (D3 lower bound)""]","{""assay"": null, ""sequencing_depth_bin"": 0.189, ""suspension_type"": null, ""tissue_general"": null}",unresolved,20,pending,pending,pending,pending,pending,0.2,pending,candidate,[],"{""C54ctr"": 7, ""L04cov"": 5, ""L15cov"": 8, ""L19cov"": 2, ""L21cov"": 5}",0,[],"[""sequencing_depth_bin""]",False,"[""integer_check"", ""frozen_universe_size"", ""sigma_donor_estimate"", ""envelope_membership""]",2025-01-30,analysis_set,3,"Melms 2021 Nature, lethal COVID-19 lung",strong,6,"[10,30)","[30,100)"
d8da613f-e681-4c69-b463-e94f5e66847f,vascular associated smooth muscle cell,CL:0000359,pending,COVID-19,normal,8,3,358,"{""A"": {""max"": 91, ""median"": 14.5, ""min"": 11, ""n_cells"": 247, ""n_donors"": 8}, ""B"": {""max"": 77, ""median"": 24.0, ""min"": 10, ""n_cells"": 111, ""n_donors"": 3}}","{""A"": 2977.0, ""B"": 2556.0}",165,"[""sequencing_depth_bin:partial_confound_v=0.486"", ""pooled:unresolved — no pool/library id in obs (D3 lower bound)""]","{""assay"": null, ""sequencing_depth_bin"": 0.486, ""suspension_type"": null, ""tissue_general"": null}",unresolved,9,pending,pending,pending,pending,pending,,pending,candidate,[],"{""C51ctr"": 6, ""C52ctr"": 3, ""C54ctr"": 9, ""L04covaddon"": 2, ""L05cov"": 2, ""L08cov"": 4, ""L10cov"": 8, ""L11cov"": 1, ""L13cov"": 1, ""L16cov"": 1, ""L17cov"": 5, ""L18cov"": 3, ""L19cov"": 2, ""L21cov"": 6, ""L22cov"": 6}",0,[],"[""sequencing_depth_bin""]",False,"[""integer_check"", ""frozen_universe_size"", ""sigma_donor_estimate"", ""envelope_membership""]",2025-01-30,analysis_set,3,"Melms 2021 Nature, lethal COVID-19 lung",strong,3,"[10,30)","[10,30)"
d8da613f-e681-4c69-b463-e94f5e66847f,vein endothelial cell,CL:0002543,pending,COVID-19,normal,17,7,1122,"{""A"": {""max"": 231, ""median"": 30.0, ""min"": 13, ""n_cells"": 908, ""n_donors"": 17}, ""B"": {""max"": 60, ""median"": 28.0, ""min"": 15, ""n_cells"": 214, ""n_donors"": 7}}","{""A"": 976.5, ""B"": 890.0}",346104,"[""sequencing_depth_bin:partial_confound_v=0.13"", ""pooled:unresolved — no pool/library id in obs (D3 lower bound)""]","{""assay"": null, ""sequencing_depth_bin"": 0.13, ""suspension_type"": null, ""tissue_general"": null}",unresolved,22,pending,pending,pending,pending,pending,0.2,pending,candidate,[],"{""L07cov"": 3, ""L11cov"": 7, ""L19cov"": 8}",0,[],"[""sequencing_depth_bin""]",False,"[""integer_check"", ""frozen_universe_size"", ""sigma_donor_estimate"", ""envelope_membership""]",2025-01-30,analysis_set,3,"Melms 2021 Nature, lethal COVID-19 lung",strong,7,"[30,100)","[10,30)"
2a498ace-872a-4935-984b-1afa70fd9886,B cell,CL:0000236,pending,COVID-19,normal,4,24,987,"{""A"": {""max"": 89, ""median"": 23.5, ""min"": 14, ""n_cells"": 150, ""n_donors"": 4}, ""B"": {""max"": 142, ""median"": 26.0, ""min"": 11, ""n_cells"": 837, ""n_donors"": 24}}","{""A"": 4102.5, ""B"": 2994.0}",20475,"[""sequencing_depth_bin:partial_confound_v=0.593"", ""pooled:unresolved — no pool/library id in obs (D3 lower bound)""]","{""assay"": null, ""sequencing_depth_bin"": 0.593, ""suspension_type"": null, ""tissue_general"": null}",unresolved,26,pending,pending,pending,pending,pending,0.2,pending,candidate,[],"{""AN1"": 2, ""AN14"": 1, ""AN3"": 6, ""AN9"": 2, ""NP20"": 8, ""NP21"": 2, ""NP22"": 1, ""NP27"": 6, ""NP35"": 2, ""NP36"": 2, ""PP11"": 1, ""PP15"": 3, ""PP16"": 2, ""PP6"": 1, ""PP8"": 4}",0,[],"[""sequencing_depth_bin""]",False,"[""integer_check"", ""frozen_universe_size"", ""sigma_donor_estimate"", ""envelope_membership""]",2025-01-30,analysis_set,4,"Yoshida 2022 Nature, PBMC",strong,4,"[10,30)","[10,30)"
2a498ace-872a-4935-984b-1afa70fd9886,"CD16-negative, CD56-bright natural killer cell, human",CL:0000938,pending,COVID-19,normal,12,33,2817,"{""A"": {""max"": 138, ""median"": 24.0, ""min"": 11, ""n_cells"": 480, ""n_donors"": 12}, ""B"": {""max"": 248, ""median"": 52.0, ""min"": 15, ""n_cells"": 2337, ""n_donors"": 33}}","{""A"": 3281.5, ""B"": 2792.0}",28760021745,"[""sequencing_depth_bin:partial_confound_v=0.537"", ""pooled:unresolved — no pool/library id in obs (D3 lower bound)""]","{""assay"": null, ""sequencing_depth_bin"": 0.537, ""suspension_type"": null, ""tissue_general"": null}",unresolved,43,pending,pending,pending,pending,pending,0.35,pending,candidate,[],"{""AN1"": 7, ""NP16"": 9, ""PP8"": 8}",0,[],"[""sequencing_depth_bin""]",False,"[""integer_check"", ""frozen_universe_size"", ""sigma_donor_estimate"", ""envelope_membership""]",2025-01-30,analysis_set,4,"Yoshida 2022 Nature, PBMC",strong,12,"[10,30)","[30,100)"
2a498ace-872a-4935-984b-1afa70fd9886,CD4-positive helper T cell,CL:0000492,pending,COVID-19,normal,13,35,17662,"{""A"": {""max"": 714, ""median"": 295.0, ""min"": 49, ""n_cells"": 4110, ""n_donors"": 13}, ""B"": {""max"": 1509, ""median"": 269.0, ""min"": 47, ""n_cells"": 13552, ""n_donors"": 35}}","{""A"": 4276.0, ""B"": 3305.0}",192928249296,"[""sequencing_depth_bin:partial_confound_v=0.464"", ""pooled:unresolved — no pool/library id in obs (D3 lower bound)""]","{""assay"": null, ""sequencing_depth_bin"": 0.464, ""suspension_type"": null, ""tissue_general"": null}",unresolved,46,pending,pending,pending,pending,pending,0.5,pending,candidate,[],"{""PP11"": 1}",0,[],"[""sequencing_depth_bin""]",False,"[""integer_check"", ""frozen_universe_size"", ""sigma_donor_estimate"", ""envelope_membership""]",2025-01-30,analysis_set,4,"Yoshida 2022 Nature, PBMC",strong,13,"[100,300)","[100,300)"
2a498ace-872a-4935-984b-1afa70fd9886,"CD8-positive, alpha-beta cytotoxic T cell",CL:0000794,pending,COVID-19,normal,9,35,10959,"{""A"": {""max"": 770, ""median"": 77.0, ""min"": 13, ""n_cells"": 1382, ""n_donors"": 9}, ""B"": {""max"": 1161, ""median"": 129.0, ""min"": 10, ""n_cells"": 9577, ""n_donors"": 35}}","{""A"": 3014.0, ""B"": 2452.0}",708930508,"[""sequencing_depth_bin:partial_confound_v=0.354"", ""pooled:unresolved — no pool/library id in obs (D3 lower bound)""]","{""assay"": null, ""sequencing_depth_bin"": 0.354, ""suspension_type"": null, ""tissue_general"": null}",unresolved,42,pending,pending,pending,pending,pending,0.35,pending,candidate,[],"{""PP13"": 9, ""PP2"": 2, ""PP9"": 7}",0,[],"[""sequencing_depth_bin""]",False,"[""integer_check"", ""frozen_universe_size"", ""sigma_donor_estimate"", ""envelope_membership""]",2025-01-30,analysis_set,4,"Yoshida 2022 Nature, PBMC",strong,9,"[30,100)","[100,300)"
2a498ace-872a-4935-984b-1afa70fd9886,"central memory CD8-positive, alpha-beta T cell",CL:0000907,pending,COVID-19,normal,14,35,6955,"{""A"": {""max"": 307, ""median"": 97.5, ""min"": 18, ""n_cells"": 1411, ""n_donors"": 14}, ""B"": {""max"": 539, ""median"": 120.0, ""min"": 17, ""n_cells"": 5544, ""n_donors"": 35}}","{""A"": 3330.0, ""B"": 2975.0}",675248872536,"[""sequencing_depth_bin:partial_confound_v=0.243"", ""pooled:unresolved — no pool/library id in obs (D3 lower bound)""]","{""assay"": null, ""sequencing_depth_bin"": 0.243, ""suspension_type"": null, ""tissue_general"": null}",unresolved,47,pending,pending,pending,pending,pending,0.5,pending,candidate,[],{},0,[],"[""sequencing_depth_bin""]",False,"[""integer_check"", ""frozen_universe_size"", ""sigma_donor_estimate"", ""envelope_membership""]",2025-01-30,analysis_set,4,"Yoshida 2022 Nature, PBMC",strong,14,"[30,100)","[100,300)"
2a498ace-872a-4935-984b-1afa70fd9886,class switched memory B cell,CL:0000972,pending,COVID-19,normal,6,29,2519,"{""A"": {""max"": 189, ""median"": 70.5, ""min"": 10, ""n_cells"": 477, ""n_donors"": 6}, ""B"": {""max"": 194, ""median"": 47.0, ""min"": 15, ""n_cells"": 2042, ""n_donors"": 29}}","{""A"": 4221.0, ""B"": 3673.0}",1623160,"[""sequencing_depth_bin:partial_confound_v=0.184"", ""pooled:unresolved — no pool/library id in obs (D3 lower bound)""]","{""assay"": null, ""sequencing_depth_bin"": 0.184, ""suspension_type"": null, ""tissue_general"": null}",unresolved,33,pending,pending,pending,pending,pending,0.2,pending,candidate,[],"{""AN1"": 8, ""NP15"": 2, ""NP18"": 8, ""NP20"": 8, ""PP1"": 3, ""PP14"": 2, ""PP15"": 2, ""PP2"": 3, ""PP5"": 1, ""PP6"": 2}",0,[],"[""sequencing_depth_bin""]",False,"[""integer_check"", ""frozen_universe_size"", ""sigma_donor_estimate"", ""envelope_membership""]",2025-01-30,analysis_set,4,"Yoshida 2022 Nature, PBMC",strong,6,"[30,100)","[30,100)"
2a498ace-872a-4935-984b-1afa70fd9886,classical monocyte,CL:0000860,pending,COVID-19,normal,13,35,28868,"{""A"": {""max"": 1770, ""median"": 234.0, ""min"": 12, ""n_cells"": 5768, ""n_donors"": 13}, ""B"": {""max"": 2497, ""median"": 508.0, ""min"": 33, ""n_cells"": 23100, ""n_donors"": 35}}","{""A"": 4446.5, ""B"": 3016.0}",192928249296,"[""sequencing_depth_bin:partial_confound_v=0.518"", ""pooled:unresolved — no pool/library id in obs (D3 lower bound)""]","{""assay"": null, ""sequencing_depth_bin"": 0.518, ""suspension_type"": null, ""tissue_general"": null}",unresolved,46,pending,pending,pending,pending,pending,0.5,pending,candidate,[],"{""PP11"": 1}",0,[],"[""sequencing_depth_bin""]",False,"[""integer_check"", ""frozen_universe_size"", ""sigma_donor_estimate"", ""envelope_membership""]",2025-01-30,analysis_set,4,"Yoshida 2022 Nature, PBMC",strong,13,"[100,300)","[300,1000)"
2a498ace-872a-4935-984b-1afa70fd9886,conventional dendritic cell,CL:0000990,pending,COVID-19,normal,8,27,1582,"{""A"": {""max"": 85, ""median"": 13.0, ""min"": 10, ""n_cells"": 215, ""n_donors"": 8}, ""B"": {""max"": 387, ""median"": 30.0, ""min"": 10, ""n_cells"": 1367, ""n_donors"": 27}}","{""A"": 8334.0, ""B"": 8131.0}",23535820,"[""sequencing_depth_bin:partial_confound_v=0.181"", ""pooled:unresolved — no pool/library id in obs (D3 lower bound)""]","{""assay"": null, ""sequencing_depth_bin"": 0.181, ""suspension_type"": null, ""tissue_general"": null}",unresolved,33,pending,pending,pending,pending,pending,0.35,pending,candidate,[],"{""NP13"": 5, ""NP15"": 6, ""NP16"": 3, ""NP20"": 9, ""NP30"": 4, ""NP32"": 7, ""NP35"": 7, ""NP44"": 9, ""PP13"": 6, ""PP14"": 9, ""PP3"": 9, ""PP5"": 3}",0,[],"[""sequencing_depth_bin""]",False,"[""integer_check"", ""frozen_universe_size"", ""sigma_donor_estimate"", ""envelope_membership""]",2025-01-30,analysis_set,4,"Yoshida 2022 Nature, PBMC",strong,8,"[10,30)","[30,100)"
2a498ace-872a-4935-984b-1afa70fd9886,"effector memory CD8-positive, alpha-beta T cell",CL:0000913,pending,COVID-19,normal,3,28,844,"{""A"": {""max"": 56, ""median"": 19.0, ""min"": 14, ""n_cells"": 89, ""n_donors"": 3}, ""B"": {""max"": 80, ""median"": 24.0, ""min"": 10, ""n_cells"": 755, ""n_donors"": 28}}","{""A"": 2252.0, ""B"": 1669.0}",4495,"[""sequencing_depth_bin:partial_confound_v=0.261"", ""pooled:unresolved — no pool/library id in obs (D3 lower bound)""]","{""assay"": null, ""sequencing_depth_bin"": 0.261, ""suspension_type"": null, ""tissue_general"": null}",unresolved,29,pending,pending,pending,pending,pending,,pending,candidate,[],"{""AN1"": 6, ""AN11"": 6, ""AN3"": 7, ""NP21"": 2, ""NP23"": 6, ""NP36"": 8, ""NP37"": 5, ""PP1"": 3, ""PP11"": 4, ""PP15"": 3, ""PP16"": 5, ""PP2"": 4, ""PP5"": 3, ""PP6"": 5, ""PP8"": 3}",0,[],"[""sequencing_depth_bin""]",False,"[""integer_check"", ""frozen_universe_size"", ""sigma_donor_estimate"", ""envelope_membership""]",2025-01-30,analysis_set,4,"Yoshida 2022 Nature, PBMC",strong,3,"[10,30)","[10,30)"
2a498ace-872a-4935-984b-1afa70fd9886,"effector memory CD8-positive, alpha-beta T cell, terminally differentiated",CL:0001062,pending,COVID-19,normal,4,24,2146,"{""A"": {""max"": 209, ""median"": 59.5, ""min"": 11, ""n_cells"": 339, ""n_donors"": 4}, ""B"": {""max"": 207, ""median"": 62.0, ""min"": 10, ""n_cells"": 1807, ""n_donors"": 24}}","{""A"": 3426.0, ""B"": 2641.0}",20475,"[""sequencing_depth_bin:partial_confound_v=0.548"", ""pooled:unresolved — no pool/library id in obs (D3 lower bound)""]","{""assay"": null, ""sequencing_depth_bin"": 0.548, ""suspension_type"": null, ""tissue_general"": null}",unresolved,26,pending,pending,pending,pending,pending,0.2,pending,candidate,[],"{""AN1"": 5, ""AN11"": 6, ""AN3"": 2, ""NP15"": 2, ""NP20"": 1, ""NP22"": 3, ""NP26"": 7, ""NP36"": 1, ""PP1"": 4, ""PP15"": 1, ""PP16"": 3, ""PP2"": 1, ""PP6"": 2, ""PP9"": 1}",0,[],"[""sequencing_depth_bin""]",False,"[""integer_check"", ""frozen_universe_size"", ""sigma_donor_estimate"", ""envelope_membership""]",2025-01-30,analysis_set,4,"Yoshida 2022 Nature, PBMC",strong,4,"[30,100)","[30,100)"
2a498ace-872a-4935-984b-1afa70fd9886,gamma-delta T cell,CL:0000798,pending,COVID-19,normal,6,32,3430,"{""A"": {""max"": 129, ""median"": 26.5, ""min"": 12, ""n_cells"": 252, ""n_donors"": 6}, ""B"": {""max"": 310, ""median"": 77.0, ""min"": 13, ""n_cells"": 3178, ""n_donors"": 32}}","{""A"": 3056.5, ""B"": 2592.5}",2760681,"[""sequencing_depth_bin:partial_confound_v=0.458"", ""pooled:unresolved — no pool/library id in obs (D3 lower bound)""]","{""assay"": null, ""sequencing_depth_bin"": 0.458, ""suspension_type"": null, ""tissue_general"": null}",unresolved,36,pending,pending,pending,pending,pending,0.2,pending,candidate,[],"{""AN1"": 4, ""NP36"": 1, ""PP13"": 5, ""PP15"": 8, ""PP2"": 4, ""PP5"": 5, ""PP6"": 4}",0,[],"[""sequencing_depth_bin""]",False,"[""integer_check"", ""frozen_universe_size"", ""sigma_donor_estimate"", ""envelope_membership""]",2025-01-30,analysis_set,4,"Yoshida 2022 Nature, PBMC",strong,6,"[10,30)","[30,100)"
2a498ace-872a-4935-984b-1afa70fd9886,hematopoietic precursor cell,CL:0008001,pending,COVID-19,normal,5,6,559,"{""A"": {""max"": 108, ""median"": 39.0, ""min"": 16, ""n_cells"": 230, ""n_donors"": 5}, ""B"": {""max"": 258, ""median"": 15.0, ""min"": 10, ""n_cells"": 329, ""n_donors"": 6}}","{""A"": 7459.0, ""B"": 10960.0}",462,"[""sequencing_depth_bin:partial_confound_v=0.337"", ""pooled:unresolved — no pool/library id in obs (D3 lower bound)""]","{""assay"": null, ""sequencing_depth_bin"": 0.337, ""suspension_type"": null, ""tissue_general"": null}",unresolved,9,pending,pending,pending,pending,pending,0.2,pending,candidate,[],"{""AN1"": 2, ""AN11"": 4, ""AN12"": 9, ""AN13"": 9, ""AN14"": 4, ""AN2"": 7, ""AN3"": 1, ""AN5"": 2, ""AN6"": 3, ""AN9"": 1, ""AP13"": 1, ""NP13"": 1, ""NP19"": 5, ""NP20"": 1, ""NP21"": 4, ""NP23"": 1, ""NP24"": 1, ""NP26"": 1, ""NP28"": 4, ""NP30"": 5, ""NP31"": 1, ""NP32"": 7, ""NP35"": 2, ""NP37"": 2, ""NP38"": 2, ""NP39"": 6, ""NP41"": 2, ""PP13"": 6, ""PP16"": 5, ""PP2"": 3, ""PP3"": 3, ""PP4"": 3, ""PP8"": 1, ""PP9"": 1}",0,[],"[""sequencing_depth_bin""]",False,"[""integer_check"", ""frozen_universe_size"", ""sigma_donor_estimate"", ""envelope_membership""]",2025-01-30,analysis_set,4,"Yoshida 2022 Nature, PBMC",strong,5,"[30,100)","[10,30)"
2a498ace-872a-4935-984b-1afa70fd9886,mucosal invariant T cell,CL:0000940,pending,COVID-19,normal,4,28,2365,"{""A"": {""max"": 64, ""median"": 50.5, ""min"": 23, ""n_cells"": 188, ""n_donors"": 4}, ""B"": {""max"": 326, ""median"": 43.5, ""min"": 14, ""n_cells"": 2177, ""n_donors"": 28}}","{""A"": 3354.5, ""B"": 2955.0}",35960,"[""sequencing_depth_bin:partial_confound_v=0.274"", ""pooled:unresolved — no pool/library id in obs (D3 lower bound)""]","{""assay"": null, ""sequencing_depth_bin"": 0.274, ""suspension_type"": null, ""tissue_general"": null}",unresolved,30,pending,pending,pending,pending,pending,0.2,pending,candidate,[],"{""AN1"": 9, ""AN9"": 7, ""NP13"": 7, ""NP15"": 3, ""NP22"": 3, ""NP26"": 6, ""NP36"": 1, ""PP1"": 4, ""PP13"": 1, ""PP16"": 8, ""PP2"": 5, ""PP5"": 1, ""PP6"": 1}",0,[],"[""sequencing_depth_bin""]",False,"[""integer_check"", ""frozen_universe_size"", ""sigma_donor_estimate"", ""envelope_membership""]",2025-01-30,analysis_set,4,"Yoshida 2022 Nature, PBMC",strong,4,"[30,100)","[30,100)"
2a498ace-872a-4935-984b-1afa70fd9886,naive B cell,CL:0000788,pending,COVID-19,normal,13,35,29322,"{""A"": {""max"": 3083, ""median"": 255.0, ""min"": 43, ""n_cells"": 9282, ""n_donors"": 13}, ""B"": {""max"": 2279, ""median"": 371.0, ""min"": 41, ""n_cells"": 20040, ""n_donors"": 35}}","{""A"": 3057.5, ""B"": 2576.0}",192928249296,"[""sequencing_depth_bin:partial_confound_v=0.566"", ""pooled:unresolved — no pool/library id in obs (D3 lower bound)""]","{""assay"": null, ""sequencing_depth_bin"": 0.566, ""suspension_type"": null, ""tissue_general"": null}",unresolved,46,pending,pending,pending,pending,pending,0.5,pending,candidate,[],"{""PP11"": 6}",0,[],"[""sequencing_depth_bin""]",False,"[""integer_check"", ""frozen_universe_size"", ""sigma_donor_estimate"", ""envelope_membership""]",2025-01-30,analysis_set,4,"Yoshida 2022 Nature, PBMC",strong,13,"[100,300)","[300,1000)"
2a498ace-872a-4935-984b-1afa70fd9886,"naive thymus-derived CD4-positive, alpha-beta T cell",CL:0000895,pending,COVID-19,normal,13,35,59253,"{""A"": {""max"": 4531, ""median"": 1269.0, ""min"": 238, ""n_cells"": 24721, ""n_donors"": 13}, ""B"": {""max"": 3066, ""median"": 867.0, ""min"": 74, ""n_cells"": 34532, ""n_donors"": 35}}","{""A"": 3765.0, ""B"": 3084.0}",192928249296,"[""sequencing_depth_bin:partial_confound_v=0.518"", ""pooled:unresolved — no pool/library id in obs (D3 lower bound)""]","{""assay"": null, ""sequencing_depth_bin"": 0.518, ""suspension_type"": null, ""tissue_general"": null}",unresolved,46,pending,pending,pending,pending,pending,0.5,pending,candidate,[],{},0,[],"[""sequencing_depth_bin""]",False,"[""integer_check"", ""frozen_universe_size"", ""sigma_donor_estimate"", ""envelope_membership""]",2025-01-30,analysis_set,4,"Yoshida 2022 Nature, PBMC",strong,13,"[1000,3000)","[300,1000)"
2a498ace-872a-4935-984b-1afa70fd9886,"naive thymus-derived CD8-positive, alpha-beta T cell",CL:0000900,pending,COVID-19,normal,13,35,27221,"{""A"": {""max"": 2177, ""median"": 882.0, ""min"": 70, ""n_cells"": 11081, ""n_donors"": 13}, ""B"": {""max"": 1249, ""median"": 434.0, ""min"": 16, ""n_cells"": 16140, ""n_donors"": 35}}","{""A"": 4286.0, ""B"": 3559.0}",192928249296,"[""sequencing_depth_bin:partial_confound_v=0.566"", ""pooled:unresolved — no pool/library id in obs (D3 lower bound)""]","{""assay"": null, ""sequencing_depth_bin"": 0.566, ""suspension_type"": null, ""tissue_general"": null}",unresolved,46,pending,pending,pending,pending,pending,0.5,pending,candidate,[],{},0,[],"[""sequencing_depth_bin""]",False,"[""integer_check"", ""frozen_universe_size"", ""sigma_donor_estimate"", ""envelope_membership""]",2025-01-30,analysis_set,4,"Yoshida 2022 Nature, PBMC",strong,13,"[300,1000)","[300,1000)"
2a498ace-872a-4935-984b-1afa70fd9886,natural killer cell,CL:0000623,pending,COVID-19,normal,13,35,26255,"{""A"": {""max"": 940, ""median"": 203.0, ""min"": 42, ""n_cells"": 3582, ""n_donors"": 13}, ""B"": {""max"": 2083, ""median"": 575.0, ""min"": 127, ""n_cells"": 22673, ""n_donors"": 35}}","{""A"": 3019.0, ""B"": 2379.0}",192928249296,"[""sequencing_depth_bin:partial_confound_v=0.464"", ""pooled:unresolved — no pool/library id in obs (D3 lower bound)""]","{""assay"": null, ""sequencing_depth_bin"": 0.464, ""suspension_type"": null, ""tissue_general"": null}",unresolved,46,pending,pending,pending,pending,pending,0.5,pending,candidate,[],{},0,[],"[""sequencing_depth_bin""]",False,"[""integer_check"", ""frozen_universe_size"", ""sigma_donor_estimate"", ""envelope_membership""]",2025-01-30,analysis_set,4,"Yoshida 2022 Nature, PBMC",strong,13,"[100,300)","[300,1000)"
2a498ace-872a-4935-984b-1afa70fd9886,non-classical monocyte,CL:0000875,pending,COVID-19,normal,10,34,5939,"{""A"": {""max"": 136, ""median"": 16.0, ""min"": 10, ""n_cells"": 410, ""n_donors"": 10}, ""B"": {""max"": 740, ""median"": 92.5, ""min"": 14, ""n_cells"": 5529, ""n_donors"": 34}}","{""A"": 5016.5, ""B"": 4861.0}",2481256778,"[""sequencing_depth_bin:partial_confound_v=0.415"", ""pooled:unresolved — no pool/library id in obs (D3 lower bound)""]","{""assay"": null, ""sequencing_depth_bin"": 0.415, ""suspension_type"": null, ""tissue_general"": null}",unresolved,42,pending,pending,pending,pending,pending,0.35,pending,candidate,[],"{""NP22"": 8, ""PP3"": 3, ""PP5"": 5}",0,[],"[""sequencing_depth_bin""]",False,"[""integer_check"", ""frozen_universe_size"", ""sigma_donor_estimate"", ""envelope_membership""]",2025-01-30,analysis_set,4,"Yoshida 2022 Nature, PBMC",strong,10,"[10,30)","[30,100)"
2a498ace-872a-4935-984b-1afa70fd9886,plasma cell,CL:0000786,pending,COVID-19,normal,5,10,499,"{""A"": {""max"": 123, ""median"": 57.0, ""min"": 14, ""n_cells"": 291, ""n_donors"": 5}, ""B"": {""max"": 39, ""median"": 19.5, ""min"": 12, ""n_cells"": 208, ""n_donors"": 10}}","{""A"": 15070.0, ""B"": 15213.0}",3003,"[""sequencing_depth_bin:partial_confound_v=0.2"", ""pooled:unresolved — no pool/library id in obs (D3 lower bound)""]","{""assay"": null, ""sequencing_depth_bin"": 0.2, ""suspension_type"": null, ""tissue_general"": null}",unresolved,13,pending,pending,pending,pending,pending,0.2,pending,candidate,[],"{""AN1"": 1, ""AN11"": 6, ""AN12"": 3, ""AN13"": 8, ""AN14"": 5, ""AN2"": 5, ""AN5"": 1, ""AN6"": 2, ""AN7"": 8, ""AN9"": 3, ""NP15"": 1, ""NP16"": 6, ""NP18"": 5, ""NP19"": 8, ""NP20"": 5, ""NP21"": 3, ""NP22"": 3, ""NP23"": 7, ""NP31"": 7, ""NP32"": 4, ""NP35"": 2, ""NP36"": 2, ""NP39"": 2, ""PP11"": 5, ""PP14"": 1, ""PP15"": 5, ""PP6"": 2, ""PP8"": 3}",0,[],"[""sequencing_depth_bin""]",False,"[""integer_check"", ""frozen_universe_size"", ""sigma_donor_estimate"", ""envelope_membership""]",2025-01-30,analysis_set,4,"Yoshida 2022 Nature, PBMC",strong,5,"[30,100)","[10,30)"
2a498ace-872a-4935-984b-1afa70fd9886,platelet,CL:0000233,pending,COVID-19,normal,6,13,955,"{""A"": {""max"": 249, ""median"": 26.5, ""min"": 10, ""n_cells"": 379, ""n_donors"": 6}, ""B"": {""max"": 210, ""median"": 22.0, ""min"": 10, ""n_cells"": 576, ""n_donors"": 13}}","{""A"": 809.0, ""B"": 853.0}",27132,"[""sequencing_depth_bin:partial_confound_v=0.423"", ""pooled:unresolved — no pool/library id in obs (D3 lower bound)""]","{""assay"": null, ""sequencing_depth_bin"": 0.423, ""suspension_type"": null, ""tissue_general"": null}",unresolved,17,pending,pending,pending,pending,pending,0.2,pending,candidate,[],"{""AN11"": 4, ""AN3"": 7, ""NP17"": 3, ""NP19"": 1, ""NP20"": 5, ""NP21"": 3, ""NP22"": 2, ""NP24"": 4, ""NP26"": 2, ""NP28"": 2, ""NP30"": 4, ""NP32"": 2, ""NP37"": 3, ""NP38"": 2, ""NP44"": 6, ""PP14"": 2, ""PP2"": 1, ""PP4"": 8, ""PP5"": 6, ""PP9"": 1}",0,[],"[""sequencing_depth_bin""]",False,"[""integer_check"", ""frozen_universe_size"", ""sigma_donor_estimate"", ""envelope_membership""]",2025-01-30,analysis_set,4,"Yoshida 2022 Nature, PBMC",strong,6,"[10,30)","[10,30)"
2a498ace-872a-4935-984b-1afa70fd9886,regulatory T cell,CL:0000815,pending,COVID-19,normal,13,35,5174,"{""A"": {""max"": 287, ""median"": 144.0, ""min"": 18, ""n_cells"": 1923, ""n_donors"": 13}, ""B"": {""max"": 422, ""median"": 78.0, ""min"": 15, ""n_cells"": 3251, ""n_donors"": 35}}","{""A"": 3448.0, ""B"": 2765.0}",192928249296,"[""sequencing_depth_bin:partial_confound_v=0.478"", ""pooled:unresolved — no pool/library id in obs (D3 lower bound)""]","{""assay"": null, ""sequencing_depth_bin"": 0.478, ""suspension_type"": null, ""tissue_general"": null}",unresolved,46,pending,pending,pending,pending,pending,0.5,pending,candidate,[],"{""PP11"": 1}",0,[],"[""sequencing_depth_bin""]",False,"[""integer_check"", ""frozen_universe_size"", ""sigma_donor_estimate"", ""envelope_membership""]",2025-01-30,analysis_set,4,"Yoshida 2022 Nature, PBMC",strong,13,"[100,300)","[30,100)"
2a498ace-872a-4935-984b-1afa70fd9886,unknown,unknown,pending,COVID-19,normal,12,26,2166,"{""A"": {""max"": 338, ""median"": 55.0, ""min"": 32, ""n_cells"": 1199, ""n_donors"": 12}, ""B"": {""max"": 131, ""median"": 32.5, ""min"": 11, ""n_cells"": 967, ""n_donors"": 26}}","{""A"": 6666.0, ""B"": 5690.0}",2707475148,"[""sequencing_depth_bin:partial_confound_v=0.253"", ""pooled:unresolved — no pool/library id in obs (D3 lower bound)""]","{""assay"": null, ""sequencing_depth_bin"": 0.253, ""suspension_type"": null, ""tissue_general"": null}",unresolved,36,pending,pending,pending,pending,pending,0.35,pending,candidate,[],"{""AN1"": 2, ""AN11"": 7, ""AN14"": 6, ""AN2"": 4, ""AN3"": 1, ""AN5"": 7, ""AN9"": 9, ""NP16"": 6, ""NP35"": 3, ""PP1"": 2, ""PP8"": 3}",0,[],"[""sequencing_depth_bin""]",False,"[""integer_check"", ""frozen_universe_size"", ""sigma_donor_estimate"", ""envelope_membership""]",2025-01-30,analysis_set,4,"Yoshida 2022 Nature, PBMC",strong,12,"[30,100)","[30,100)"
2a498ace-872a-4935-984b-1afa70fd9886,B cell,CL:0000236,pending,post-COVID-19 disorder,normal,8,24,1202,"{""A"": {""max"": 192, ""median"": 25.0, ""min"": 10, ""n_cells"": 365, ""n_donors"": 8}, ""B"": {""max"": 142, ""median"": 26.0, ""min"": 11, ""n_cells"": 837, ""n_donors"": 24}}","{""A"": 3133.0, ""B"": 2994.0}",10518300,"[""sequencing_depth_bin:partial_confound_v=0.249"", ""pooled:unresolved — no pool/library id in obs (D3 lower bound)""]","{""assay"": null, ""sequencing_depth_bin"": 0.249, ""suspension_type"": null, ""tissue_general"": null}",unresolved,30,pending,pending,pending,pending,pending,0.35,pending,candidate,[],"{""AN1"": 2, ""AN14"": 1, ""AN3"": 6, ""AN9"": 2, ""AP1"": 2, ""NP20"": 8, ""NP21"": 2, ""NP22"": 1, ""NP27"": 6, ""NP35"": 2, ""NP36"": 2, ""PC17"": 2, ""PC18"": 5, ""PC19"": 9, ""PC2"": 7, ""PC24"": 7, ""PC26"": 3, ""PC9"": 4}",0,[],"[""sequencing_depth_bin""]",False,"[""integer_check"", ""frozen_universe_size"", ""sigma_donor_estimate"", ""envelope_membership""]",2025-01-30,analysis_set,4,"Yoshida 2022 Nature, PBMC",subtle,8,"[10,30)","[10,30)"
2a498ace-872a-4935-984b-1afa70fd9886,"CD16-negative, CD56-bright natural killer cell, human",CL:0000938,pending,post-COVID-19 disorder,normal,18,33,3483,"{""A"": {""max"": 163, ""median"": 53.5, ""min"": 14, ""n_cells"": 1146, ""n_donors"": 18}, ""B"": {""max"": 248, ""median"": 52.0, ""min"": 15, ""n_cells"": 2337, ""n_donors"": 33}}","{""A"": 1952.0, ""B"": 2792.0}",27900908274925,"[""sequencing_depth_bin:partial_confound_v=0.362"", ""pooled:unresolved — no pool/library id in obs (D3 lower bound)""]","{""assay"": null, ""sequencing_depth_bin"": 0.362, ""suspension_type"": null, ""tissue_general"": null}",unresolved,49,pending,pending,pending,pending,pending,0.5,pending,candidate,[],"{""AN1"": 7, ""AP2"": 4, ""AP7"": 2, ""NP16"": 9}",0,[],"[""sequencing_depth_bin""]",False,"[""integer_check"", ""frozen_universe_size"", ""sigma_donor_estimate"", ""envelope_membership""]",2025-01-30,analysis_set,4,"Yoshida 2022 Nature, PBMC",subtle,18,"[30,100)","[30,100)"
2a498ace-872a-4935-984b-1afa70fd9886,CD4-positive helper T cell,CL:0000492,pending,post-COVID-19 disorder,normal,20,35,25328,"{""A"": {""max"": 2165, ""median"": 448.5, ""min"": 38, ""n_cells"": 11776, ""n_donors"": 20}, ""B"": {""max"": 1509, ""median"": 269.0, ""min"": 47, ""n_cells"": 13552, ""n_donors"": 35}}","{""A"": 3539.0, ""B"": 3305.0}",505037289962205,"[""sequencing_depth_bin:partial_confound_v=0.446"", ""pooled:unresolved — no pool/library id in obs (D3 lower bound)""]","{""assay"": null, ""sequencing_depth_bin"": 0.446, ""suspension_type"": null, ""tissue_general"": null}",unresolved,53,pending,pending,pending,pending,pending,0.5,pending,candidate,[],{},0,[],"[""sequencing_depth_bin""]",False,"[""integer_check"", ""frozen_universe_size"", ""sigma_donor_estimate"", ""envelope_membership""]",2025-01-30,analysis_set,4,"Yoshida 2022 Nature, PBMC",subtle,20,"[300,1000)","[100,300)"
2a498ace-872a-4935-984b-1afa70fd9886,"CD4-positive, alpha-beta cytotoxic T cell",CL:0000934,pending,post-COVID-19 disorder,normal,13,19,2978,"{""A"": {""max"": 745, ""median"": 54.0, ""min"": 11, ""n_cells"": 1687, ""n_donors"": 13}, ""B"": {""max"": 367, ""median"": 41.0, ""min"": 12, ""n_cells"": 1291, ""n_donors"": 19}}","{""A"": 3015.0, ""B"": 2679.0}",347373600,"[""sequencing_depth_bin:partial_confound_v=0.623"", ""pooled:unresolved — no pool/library id in obs (D3 lower bound)""]","{""assay"": null, ""sequencing_depth_bin"": 0.623, ""suspension_type"": null, ""tissue_general"": null}",unresolved,30,pending,pending,pending,pending,pending,0.5,pending,candidate,[],"{""AN11"": 4, ""AN3"": 6, ""AN5"": 6, ""AP1"": 5, ""AP7"": 7, ""NP16"": 3, ""NP18"": 2, ""NP20"": 7, ""NP26"": 3, ""NP27"": 4, ""NP35"": 1, ""NP37"": 1, ""NP39"": 3, ""PC11"": 7, ""PC19"": 1, ""PC27"": 2}",0,[],"[""sequencing_depth_bin""]",False,"[""integer_check"", ""frozen_universe_size"", ""sigma_donor_estimate"", ""envelope_membership""]",2025-01-30,analysis_set,4,"Yoshida 2022 Nature, PBMC",subtle,13,"[30,100)","[30,100)"
2a498ace-872a-4935-984b-1afa70fd9886,"CD8-positive, alpha-beta cytotoxic T cell",CL:0000794,pending,post-COVID-19 disorder,normal,19,35,23303,"{""A"": {""max"": 3254, ""median"": 415.0, ""min"": 12, ""n_cells"": 13726, ""n_donors"": 19}, ""B"": {""max"": 1161, ""median"": 129.0, ""min"": 10, ""n_cells"": 9577, ""n_donors"": 35}}","{""A"": 2220.5, ""B"": 2452.0}",183649923622620,"[""sequencing_depth_bin:partial_confound_v=0.239"", ""pooled:unresolved — no pool/library id in obs (D3 lower bound)""]","{""assay"": null, ""sequencing_depth_bin"": 0.239, ""suspension_type"": null, ""tissue_general"": null}",unresolved,52,pending,pending,pending,pending,pending,0.5,pending,candidate,[],"{""PC26"": 5}",0,[],"[""sequencing_depth_bin""]",False,"[""integer_check"", ""frozen_universe_size"", ""sigma_donor_estimate"", ""envelope_membership""]",2025-01-30,analysis_set,4,"Yoshida 2022 Nature, PBMC",subtle,19,"[300,1000)","[100,300)"
2a498ace-872a-4935-984b-1afa70fd9886,"central memory CD8-positive, alpha-beta T cell",CL:0000907,pending,post-COVID-19 disorder,normal,20,35,8802,"{""A"": {""max"": 724, ""median"": 134.0, ""min"": 13, ""n_cells"": 3258, ""n_donors"": 20}, ""B"": {""max"": 539, ""median"": 120.0, ""min"": 17, ""n_cells"": 5544, ""n_donors"": 35}}","{""A"": 2226.5, ""B"": 2975.0}",505037289962205,"[""sequencing_depth_bin:partial_confound_v=0.446"", ""pooled:unresolved — no pool/library id in obs (D3 lower bound)""]","{""assay"": null, ""sequencing_depth_bin"": 0.446, ""suspension_type"": null, ""tissue_general"": null}",unresolved,53,pending,pending,pending,pending,pending,0.5,pending,candidate,[],{},0,[],"[""sequencing_depth_bin""]",False,"[""integer_check"", ""frozen_universe_size"", ""sigma_donor_estimate"", ""envelope_membership""]",2025-01-30,analysis_set,4,"Yoshida 2022 Nature, PBMC",subtle,20,"[100,300)","[100,300)"
2a498ace-872a-4935-984b-1afa70fd9886,class switched memory B cell,CL:0000972,pending,post-COVID-19 disorder,normal,15,29,2824,"{""A"": {""max"": 181, ""median"": 34.0, ""min"": 11, ""n_cells"": 782, ""n_donors"": 15}, ""B"": {""max"": 194, ""median"": 47.0, ""min"": 15, ""n_cells"": 2042, ""n_donors"": 29}}","{""A"": 3009.0, ""B"": 3673.0}",229911617056,"[""sequencing_depth_bin:partial_confound_v=0.497"", ""pooled:unresolved — no pool/library id in obs (D3 lower bound)""]","{""assay"": null, ""sequencing_depth_bin"": 0.497, ""suspension_type"": null, ""tissue_general"": null}",unresolved,42,pending,pending,pending,pending,pending,0.5,pending,candidate,[],"{""AN1"": 8, ""AP2"": 1, ""AP7"": 4, ""NP15"": 2, ""NP18"": 8, ""NP20"": 8, ""PC17"": 5, ""PC26"": 3}",0,[],"[""sequencing_depth_bin""]",False,"[""integer_check"", ""frozen_universe_size"", ""sigma_donor_estimate"", ""envelope_membership""]",2025-01-30,analysis_set,4,"Yoshida 2022 Nature, PBMC",subtle,15,"[30,100)","[30,100)"
2a498ace-872a-4935-984b-1afa70fd9886,classical monocyte,CL:0000860,pending,post-COVID-19 disorder,normal,20,35,37297,"{""A"": {""max"": 2495, ""median"": 490.0, ""min"": 21, ""n_cells"": 14197, ""n_donors"": 20}, ""B"": {""max"": 2497, ""median"": 508.0, ""min"": 33, ""n_cells"": 23100, ""n_donors"": 35}}","{""A"": 2303.0, ""B"": 3016.0}",505037289962205,"[""sequencing_depth_bin:partial_confound_v=0.263"", ""pooled:unresolved — no pool/library id in obs (D3 lower bound)""]","{""assay"": null, ""sequencing_depth_bin"": 0.263, ""suspension_type"": null, ""tissue_general"": null}",unresolved,53,pending,pending,pending,pending,pending,0.5,pending,candidate,[],{},0,[],"[""sequencing_depth_bin""]",False,"[""integer_check"", ""frozen_universe_size"", ""sigma_donor_estimate"", ""envelope_membership""]",2025-01-30,analysis_set,4,"Yoshida 2022 Nature, PBMC",subtle,20,"[300,1000)","[300,1000)"
2a498ace-872a-4935-984b-1afa70fd9886,conventional dendritic cell,CL:0000990,pending,post-COVID-19 disorder,normal,14,27,2338,"{""A"": {""max"": 172, ""median"": 68.5, ""min"": 13, ""n_cells"": 971, ""n_donors"": 14}, ""B"": {""max"": 387, ""median"": 30.0, ""min"": 10, ""n_cells"": 1367, ""n_donors"": 27}}","{""A"": 4161.0, ""B"": 8131.0}",35240152720,"[""sequencing_depth_bin:partial_confound_v=0.461"", ""pooled:unresolved — no pool/library id in obs (D3 lower bound)""]","{""assay"": null, ""sequencing_depth_bin"": 0.461, ""suspension_type"": null, ""tissue_general"": null}",unresolved,39,pending,pending,pending,pending,pending,0.5,pending,candidate,[],"{""AP2"": 1, ""NP13"": 5, ""NP15"": 6, ""NP16"": 3, ""NP20"": 9, ""NP30"": 4, ""NP32"": 7, ""NP35"": 7, ""NP44"": 9, ""PC17"": 7, ""PC24"": 4, ""PC27"": 8, ""PC29"": 7}",0,[],"[""sequencing_depth_bin""]",False,"[""integer_check"", ""frozen_universe_size"", ""sigma_donor_estimate"", ""envelope_membership""]",2025-01-30,analysis_set,4,"Yoshida 2022 Nature, PBMC",subtle,14,"[30,100)","[30,100)"
2a498ace-872a-4935-984b-1afa70fd9886,"effector memory CD8-positive, alpha-beta T cell",CL:0000913,pending,post-COVID-19 disorder,normal,15,28,1383,"{""A"": {""max"": 109, ""median"": 37.0, ""min"": 11, ""n_cells"": 628, ""n_donors"": 15}, ""B"": {""max"": 80, ""median"": 24.0, ""min"": 10, ""n_cells"": 755, ""n_donors"": 28}}","{""A"": 1293.0, ""B"": 1669.0}",151532656696,"[""sequencing_depth_bin:partial_confound_v=0.285"", ""pooled:unresolved — no pool/library id in obs (D3 lower bound)""]","{""assay"": null, ""sequencing_depth_bin"": 0.285, ""suspension_type"": null, ""tissue_general"": null}",unresolved,41,pending,pending,pending,pending,pending,0.5,pending,candidate,[],"{""AN1"": 6, ""AN11"": 6, ""AN3"": 7, ""AP7"": 9, ""NP21"": 2, ""NP23"": 6, ""NP36"": 8, ""NP37"": 5, ""PC11"": 2, ""PC26"": 1, ""PC27"": 2, ""PC5"": 9}",0,[],"[""sequencing_depth_bin""]",False,"[""integer_check"", ""frozen_universe_size"", ""sigma_donor_estimate"", ""envelope_membership""]",2025-01-30,analysis_set,4,"Yoshida 2022 Nature, PBMC",subtle,15,"[30,100)","[10,30)"
2a498ace-872a-4935-984b-1afa70fd9886,"effector memory CD8-positive, alpha-beta T cell, terminally differentiated",CL:0001062,pending,post-COVID-19 disorder,normal,15,24,4206,"{""A"": {""max"": 860, ""median"": 95.0, ""min"": 11, ""n_cells"": 2399, ""n_donors"": 15}, ""B"": {""max"": 207, ""median"": 62.0, ""min"": 10, ""n_cells"": 1807, ""n_donors"": 24}}","{""A"": 2346.0, ""B"": 2641.0}",25140840660,"[""sequencing_depth_bin:partial_confound_v=0.447"", ""pooled:unresolved — no pool/library id in obs (D3 lower bound)""]","{""assay"": null, ""sequencing_depth_bin"": 0.447, ""suspension_type"": null, ""tissue_general"": null}",unresolved,37,pending,pending,pending,pending,pending,0.5,pending,candidate,[],"{""AN1"": 5, ""AN11"": 6, ""AN3"": 2, ""NP15"": 2, ""NP20"": 1, ""NP22"": 3, ""NP26"": 7, ""NP36"": 1, ""PC11"": 1, ""PC26"": 2, ""PC27"": 6}",0,[],"[""sequencing_depth_bin""]",False,"[""integer_check"", ""frozen_universe_size"", ""sigma_donor_estimate"", ""envelope_membership""]",2025-01-30,analysis_set,4,"Yoshida 2022 Nature, PBMC",subtle,15,"[30,100)","[30,100)"
2a498ace-872a-4935-984b-1afa70fd9886,gamma-delta T cell,CL:0000798,pending,post-COVID-19 disorder,normal,16,32,4235,"{""A"": {""max"": 428, ""median"": 27.0, ""min"": 12, ""n_cells"": 1057, ""n_donors"": 16}, ""B"": {""max"": 310, ""median"": 77.0, ""min"": 13, ""n_cells"": 3178, ""n_donors"": 32}}","{""A"": 1762.0, ""B"": 2592.5}",2254848913647,"[""sequencing_depth_bin:partial_confound_v=0.596"", ""pooled:unresolved — no pool/library id in obs (D3 lower bound)""]","{""assay"": null, ""sequencing_depth_bin"": 0.596, ""suspension_type"": null, ""tissue_general"": null}",unresolved,46,pending,pending,pending,pending,pending,0.5,pending,candidate,[],"{""AN1"": 4, ""AP7"": 3, ""AP9"": 1, ""NP36"": 1}",0,[],"[""sequencing_depth_bin""]",False,"[""integer_check"", ""frozen_universe_size"", ""sigma_donor_estimate"", ""envelope_membership""]",2025-01-30,analysis_set,4,"Yoshida 2022 Nature, PBMC",subtle,16,"[10,30)","[30,100)"
2a498ace-872a-4935-984b-1afa70fd9886,hematopoietic precursor cell,CL:0008001,pending,post-COVID-19 disorder,normal,6,6,471,"{""A"": {""max"": 52, ""median"": 18.0, ""min"": 10, ""n_cells"": 142, ""n_donors"": 6}, ""B"": {""max"": 258, ""median"": 15.0, ""min"": 10, ""n_cells"": 329, ""n_donors"": 6}}","{""A"": 1997.0, ""B"": 10960.0}",924,"[""sequencing_depth_bin:near_confound_v=0.816"", ""pooled:unresolved — no pool/library id in obs (D3 lower bound)""]","{""assay"": null, ""sequencing_depth_bin"": 0.816, ""suspension_type"": null, ""tissue_general"": null}",unresolved,10,pending,pending,pending,pending,pending,0.2,pending,candidate,[],"{""AN1"": 2, ""AN11"": 4, ""AN12"": 9, ""AN13"": 9, ""AN14"": 4, ""AN2"": 7, ""AN3"": 1, ""AN5"": 2, ""AN6"": 3, ""AN9"": 1, ""AP5"": 9, ""AP6"": 7, ""AP9"": 3, ""NP13"": 1, ""NP19"": 5, ""NP20"": 1, ""NP21"": 4, ""NP23"": 1, ""NP24"": 1, ""NP26"": 1, ""NP28"": 4, ""NP30"": 5, ""NP31"": 1, ""NP32"": 7, ""NP35"": 2, ""NP37"": 2, ""NP38"": 2, ""NP39"": 6, ""NP41"": 2, ""PC10"": 2, ""PC11"": 3, ""PC17"": 5, ""PC19"": 3, ""PC24"": 9, ""PC27"": 4, ""PC5"": 1, ""PC6"": 7}",0,[],"[""sequencing_depth_bin""]",False,"[""integer_check"", ""frozen_universe_size"", ""sigma_donor_estimate"", ""envelope_membership""]",2025-01-30,analysis_set,4,"Yoshida 2022 Nature, PBMC",subtle,6,"[10,30)","[10,30)"
2a498ace-872a-4935-984b-1afa70fd9886,mature NK T cell,CL:0000814,pending,post-COVID-19 disorder,normal,6,10,331,"{""A"": {""max"": 61, ""median"": 31.0, ""min"": 11, ""n_cells"": 184, ""n_donors"": 6}, ""B"": {""max"": 24, ""median"": 13.0, ""min"": 10, ""n_cells"": 147, ""n_donors"": 10}}","{""A"": 2230.0, ""B"": 2559.0}",8008,"[""sequencing_depth_bin:partial_confound_v=0.258"", ""pooled:unresolved — no pool/library id in obs (D3 lower bound)""]","{""assay"": null, ""sequencing_depth_bin"": 0.258, ""suspension_type"": null, ""tissue_general"": null}",unresolved,14,pending,pending,pending,pending,pending,0.2,pending,candidate,[],"{""AN11"": 2, ""AN12"": 2, ""AN13"": 8, ""AN2"": 4, ""AN9"": 7, ""AP1"": 2, ""AP2"": 1, ""AP9"": 6, ""NP15"": 5, ""NP16"": 5, ""NP17"": 1, ""NP21"": 8, ""NP22"": 1, ""NP23"": 2, ""NP27"": 1, ""NP30"": 4, ""NP32"": 9, ""NP35"": 1, ""NP36"": 7, ""NP39"": 3, ""NP44"": 3, ""PC11"": 9, ""PC17"": 5, ""PC18"": 5, ""PC19"": 9, ""PC2"": 8, ""PC26"": 1, ""PC27"": 1, ""PC5"": 3, ""PC6"": 8, ""PC9"": 1}",0,[],"[""sequencing_depth_bin""]",False,"[""integer_check"", ""frozen_universe_size"", ""sigma_donor_estimate"", ""envelope_membership""]",2025-01-30,analysis_set,4,"Yoshida 2022 Nature, PBMC",subtle,6,"[30,100)","[10,30)"
2a498ace-872a-4935-984b-1afa70fd9886,mucosal invariant T cell,CL:0000940,pending,post-COVID-19 disorder,normal,15,28,2870,"{""A"": {""max"": 170, ""median"": 33.0, ""min"": 14, ""n_cells"": 693, ""n_donors"": 15}, ""B"": {""max"": 326, ""median"": 43.5, ""min"": 14, ""n_cells"": 2177, ""n_donors"": 28}}","{""A"": 1995.0, ""B"": 2955.0}",151532656696,"[""sequencing_depth_bin:partial_confound_v=0.537"", ""pooled:unresolved — no pool/library id in obs (D3 lower bound)""]","{""assay"": null, ""sequencing_depth_bin"": 0.537, ""suspension_type"": null, ""tissue_general"": null}",unresolved,41,pending,pending,pending,pending,pending,0.5,pending,candidate,[],"{""AN1"": 9, ""AN9"": 7, ""AP6"": 1, ""AP9"": 5, ""NP13"": 7, ""NP15"": 3, ""NP22"": 3, ""NP26"": 6, ""NP36"": 1, ""PC11"": 5, ""PC26"": 1, ""PC27"": 1}",0,[],"[""sequencing_depth_bin""]",False,"[""integer_check"", ""frozen_universe_size"", ""sigma_donor_estimate"", ""envelope_membership""]",2025-01-30,analysis_set,4,"Yoshida 2022 Nature, PBMC",subtle,15,"[30,100)","[30,100)"
2a498ace-872a-4935-984b-1afa70fd9886,naive B cell,CL:0000788,pending,post-COVID-19 disorder,normal,16,35,26189,"{""A"": {""max"": 1753, ""median"": 229.0, ""min"": 18, ""n_cells"": 6149, ""n_donors"": 16}, ""B"": {""max"": 2279, ""median"": 371.0, ""min"": 41, ""n_cells"": 20040, ""n_donors"": 35}}","{""A"": 2594.0, ""B"": 2576.0}",7174519270695,"[""sequencing_depth_bin:partial_confound_v=0.418"", ""pooled:unresolved — no pool/library id in obs (D3 lower bound)""]","{""assay"": null, ""sequencing_depth_bin"": 0.418, ""suspension_type"": null, ""tissue_general"": null}",unresolved,49,pending,pending,pending,pending,pending,0.5,pending,candidate,[],"{""AP7"": 1}",0,[],"[""sequencing_depth_bin""]",False,"[""integer_check"", ""frozen_universe_size"", ""sigma_donor_estimate"", ""envelope_membership""]",2025-01-30,analysis_set,4,"Yoshida 2022 Nature, PBMC",subtle,16,"[100,300)","[300,1000)"
2a498ace-872a-4935-984b-1afa70fd9886,"naive thymus-derived CD4-positive, alpha-beta T cell",CL:0000895,pending,post-COVID-19 disorder,normal,20,35,48974,"{""A"": {""max"": 1864, ""median"": 673.0, ""min"": 19, ""n_cells"": 14442, ""n_donors"": 20}, ""B"": {""max"": 3066, ""median"": 867.0, ""min"": 74, ""n_cells"": 34532, ""n_donors"": 35}}","{""A"": 2431.0, ""B"": 3084.0}",505037289962205,"[""sequencing_depth_bin:partial_confound_v=0.538"", ""pooled:unresolved — no pool/library id in obs (D3 lower bound)""]","{""assay"": null, ""sequencing_depth_bin"": 0.538, ""suspension_type"": null, ""tissue_general"": null}",unresolved,53,pending,pending,pending,pending,pending,0.5,pending,candidate,[],{},0,[],"[""sequencing_depth_bin""]",False,"[""integer_check"", ""frozen_universe_size"", ""sigma_donor_estimate"", ""envelope_membership""]",2025-01-30,analysis_set,4,"Yoshida 2022 Nature, PBMC",subtle,20,"[300,1000)","[300,1000)"
2a498ace-872a-4935-984b-1afa70fd9886,"naive thymus-derived CD8-positive, alpha-beta T cell",CL:0000900,pending,post-COVID-19 disorder,normal,18,35,19937,"{""A"": {""max"": 757, ""median"": 163.5, ""min"": 11, ""n_cells"": 3797, ""n_donors"": 18}, ""B"": {""max"": 1249, ""median"": 434.0, ""min"": 16, ""n_cells"": 16140, ""n_donors"": 35}}","{""A"": 2517.0, ""B"": 3559.0}",64617565719070,"[""sequencing_depth_bin:partial_confound_v=0.433"", ""pooled:unresolved — no pool/library id in obs (D3 lower bound)""]","{""assay"": null, ""sequencing_depth_bin"": 0.433, ""suspension_type"": null, ""tissue_general"": null}",unresolved,51,pending,pending,pending,pending,pending,0.5,pending,candidate,[],"{""AP9"": 4, ""PC27"": 1}",0,[],"[""sequencing_depth_bin""]",False,"[""integer_check"", ""frozen_universe_size"", ""sigma_donor_estimate"", ""envelope_membership""]",2025-01-30,analysis_set,4,"Yoshida 2022 Nature, PBMC",subtle,18,"[100,300)","[300,1000)"
2a498ace-872a-4935-984b-1afa70fd9886,natural killer cell,CL:0000623,pending,post-COVID-19 disorder,normal,18,35,35723,"{""A"": {""max"": 3921, ""median"": 515.0, ""min"": 139, ""n_cells"": 13050, ""n_donors"": 18}, ""B"": {""max"": 2083, ""median"": 575.0, ""min"": 127, ""n_cells"": 22673, ""n_donors"": 35}}","{""A"": 1916.0, ""B"": 2379.0}",64617565719070,"[""sequencing_depth_bin:partial_confound_v=0.413"", ""pooled:unresolved — no pool/library id in obs (D3 lower bound)""]","{""assay"": null, ""sequencing_depth_bin"": 0.413, ""suspension_type"": null, ""tissue_general"": null}",unresolved,51,pending,pending,pending,pending,pending,0.5,pending,candidate,[],"{""AP2"": 5, ""AP7"": 5}",0,[],"[""sequencing_depth_bin""]",False,"[""integer_check"", ""frozen_universe_size"", ""sigma_donor_estimate"", ""envelope_membership""]",2025-01-30,analysis_set,4,"Yoshida 2022 Nature, PBMC",subtle,18,"[300,1000)","[300,1000)"
2a498ace-872a-4935-984b-1afa70fd9886,non-classical monocyte,CL:0000875,pending,post-COVID-19 disorder,normal,18,34,8175,"{""A"": {""max"": 383, ""median"": 113.0, ""min"": 25, ""n_cells"": 2646, ""n_donors"": 18}, ""B"": {""max"": 740, ""median"": 92.5, ""min"": 14, ""n_cells"": 5529, ""n_donors"": 34}}","{""A"": 4251.0, ""B"": 4861.0}",42671977361650,"[""sequencing_depth_bin:partial_confound_v=0.4"", ""pooled:unresolved — no pool/library id in obs (D3 lower bound)""]","{""assay"": null, ""sequencing_depth_bin"": 0.4, ""suspension_type"": null, ""tissue_general"": null}",unresolved,50,pending,pending,pending,pending,pending,0.5,pending,candidate,[],"{""NP22"": 8, ""PC26"": 5}",0,[],"[""sequencing_depth_bin""]",False,"[""integer_check"", ""frozen_universe_size"", ""sigma_donor_estimate"", ""envelope_membership""]",2025-01-30,analysis_set,4,"Yoshida 2022 Nature, PBMC",subtle,18,"[100,300)","[30,100)"
2a498ace-872a-4935-984b-1afa70fd9886,plasma cell,CL:0000786,pending,post-COVID-19 disorder,normal,6,10,372,"{""A"": {""max"": 55, ""median"": 20.5, ""min"": 10, ""n_cells"": 164, ""n_donors"": 6}, ""B"": {""max"": 39, ""median"": 19.5, ""min"": 12, ""n_cells"": 208, ""n_donors"": 10}}","{""A"": 4499.5, ""B"": 15213.0}",8008,"[""sequencing_depth_bin:partial_confound_v=0.529"", ""pooled:unresolved — no pool/library id in obs (D3 lower bound)""]","{""assay"": null, ""sequencing_depth_bin"": 0.529, ""suspension_type"": null, ""tissue_general"": null}",unresolved,14,pending,pending,pending,pending,pending,0.2,pending,candidate,[],"{""AN1"": 1, ""AN11"": 6, ""AN12"": 3, ""AN13"": 8, ""AN14"": 5, ""AN2"": 5, ""AN5"": 1, ""AN6"": 2, ""AN7"": 8, ""AN9"": 3, ""AP1"": 8, ""AP2"": 2, ""NP15"": 1, ""NP16"": 6, ""NP18"": 5, ""NP19"": 8, ""NP20"": 5, ""NP21"": 3, ""NP22"": 3, ""NP23"": 7, ""NP31"": 7, ""NP32"": 4, ""NP35"": 2, ""NP36"": 2, ""NP39"": 2, ""PC10"": 3, ""PC11"": 5, ""PC17"": 4, ""PC18"": 9, ""PC19"": 7, ""PC2"": 8, ""PC24"": 9, ""PC26"": 1, ""PC27"": 1, ""PC29"": 3, ""PC5"": 4}",0,[],"[""sequencing_depth_bin""]",False,"[""integer_check"", ""frozen_universe_size"", ""sigma_donor_estimate"", ""envelope_membership""]",2025-01-30,analysis_set,4,"Yoshida 2022 Nature, PBMC",subtle,6,"[10,30)","[10,30)"
2a498ace-872a-4935-984b-1afa70fd9886,plasmacytoid dendritic cell,CL:0000784,pending,post-COVID-19 disorder,normal,10,18,1002,"{""A"": {""max"": 111, ""median"": 20.5, ""min"": 10, ""n_cells"": 368, ""n_donors"": 10}, ""B"": {""max"": 107, ""median"": 25.5, ""min"": 11, ""n_cells"": 634, ""n_donors"": 18}}","{""A"": 1488.0, ""B"": 4304.0}",13123110,"[""sequencing_depth_bin:partial_confound_v=0.293"", ""pooled:unresolved — no pool/library id in obs (D3 lower bound)""]","{""assay"": null, ""sequencing_depth_bin"": 0.293, ""suspension_type"": null, ""tissue_general"": null}",unresolved,26,pending,pending,pending,pending,pending,0.35,pending,candidate,[],"{""AN1"": 4, ""AN2"": 7, ""AN3"": 5, ""AN9"": 5, ""AP2"": 1, ""AP5"": 1, ""AP6"": 7, ""NP15"": 2, ""NP16"": 3, ""NP21"": 5, ""NP32"": 1, ""NP35"": 4, ""NP36"": 8, ""NP37"": 8, ""NP38"": 8, ""NP41"": 8, ""NP44"": 4, ""PC11"": 4, ""PC17"": 1, ""PC18"": 9, ""PC19"": 3, ""PC24"": 8, ""PC5"": 7}",0,[],"[""sequencing_depth_bin""]",False,"[""integer_check"", ""frozen_universe_size"", ""sigma_donor_estimate"", ""envelope_membership""]",2025-01-30,analysis_set,4,"Yoshida 2022 Nature, PBMC",subtle,10,"[10,30)","[10,30)"
2a498ace-872a-4935-984b-1afa70fd9886,platelet,CL:0000233,pending,post-COVID-19 disorder,normal,5,13,793,"{""A"": {""max"": 103, ""median"": 32.0, ""min"": 11, ""n_cells"": 217, ""n_donors"": 5}, ""B"": {""max"": 210, ""median"": 22.0, ""min"": 10, ""n_cells"": 576, ""n_donors"": 13}}","{""A"": 807.0, ""B"": 853.0}",8568,"[""sequencing_depth_bin:partial_confound_v=0.175"", ""pooled:unresolved — no pool/library id in obs (D3 lower bound)""]","{""assay"": null, ""sequencing_depth_bin"": 0.175, ""suspension_type"": null, ""tissue_general"": null}",unresolved,16,pending,pending,pending,pending,pending,0.2,pending,candidate,[],"{""AN11"": 4, ""AN3"": 7, ""AP7"": 1, ""NP17"": 3, ""NP19"": 1, ""NP20"": 5, ""NP21"": 3, ""NP22"": 2, ""NP24"": 4, ""NP26"": 2, ""NP28"": 2, ""NP30"": 4, ""NP32"": 2, ""NP37"": 3, ""NP38"": 2, ""NP44"": 6, ""PC10"": 5, ""PC11"": 3, ""PC17"": 3, ""PC18"": 1, ""PC19"": 8, ""PC2"": 4, ""PC21"": 5, ""PC5"": 3, ""PC6"": 4, ""PC9"": 1}",0,[],"[""sequencing_depth_bin""]",False,"[""integer_check"", ""frozen_universe_size"", ""sigma_donor_estimate"", ""envelope_membership""]",2025-01-30,analysis_set,4,"Yoshida 2022 Nature, PBMC",subtle,5,"[30,100)","[10,30)"
2a498ace-872a-4935-984b-1afa70fd9886,regulatory T cell,CL:0000815,pending,post-COVID-19 disorder,normal,18,35,5248,"{""A"": {""max"": 354, ""median"": 85.0, ""min"": 16, ""n_cells"": 1997, ""n_donors"": 18}, ""B"": {""max"": 422, ""median"": 78.0, ""min"": 15, ""n_cells"": 3251, ""n_donors"": 35}}","{""A"": 2505.0, ""B"": 2765.0}",64617565719070,"[""sequencing_depth_bin:partial_confound_v=0.278"", ""pooled:unresolved — no pool/library id in obs (D3 lower bound)""]","{""assay"": null, ""sequencing_depth_bin"": 0.278, ""suspension_type"": null, ""tissue_general"": null}",unresolved,51,pending,pending,pending,pending,pending,0.5,pending,candidate,[],"{""PC26"": 1}",0,[],"[""sequencing_depth_bin""]",False,"[""integer_check"", ""frozen_universe_size"", ""sigma_donor_estimate"", ""envelope_membership""]",2025-01-30,analysis_set,4,"Yoshida 2022 Nature, PBMC",subtle,18,"[30,100)","[30,100)"
2a498ace-872a-4935-984b-1afa70fd9886,unknown,unknown,pending,post-COVID-19 disorder,normal,16,26,1583,"{""A"": {""max"": 89, ""median"": 35.5, ""min"": 11, ""n_cells"": 616, ""n_donors"": 16}, ""B"": {""max"": 131, ""median"": 32.5, ""min"": 11, ""n_cells"": 967, ""n_donors"": 26}}","{""A"": 3985.5, ""B"": 5690.0}",166509721602,"[""sequencing_depth_bin:partial_confound_v=0.5"", ""pooled:unresolved — no pool/library id in obs (D3 lower bound)""]","{""assay"": null, ""sequencing_depth_bin"": 0.5, ""suspension_type"": null, ""tissue_general"": null}",unresolved,40,pending,pending,pending,pending,pending,0.5,pending,candidate,[],"{""AN1"": 2, ""AN11"": 7, ""AN14"": 6, ""AN2"": 4, ""AN3"": 1, ""AN5"": 7, ""AN9"": 9, ""AP1"": 5, ""NP16"": 6, ""NP35"": 3, ""PC17"": 5, ""PC18"": 7, ""PC27"": 2}",0,[],"[""sequencing_depth_bin""]",False,"[""integer_check"", ""frozen_universe_size"", ""sigma_donor_estimate"", ""envelope_membership""]",2025-01-30,analysis_set,4,"Yoshida 2022 Nature, PBMC",subtle,16,"[30,100)","[30,100)"
ebc2e1ff-c8f9-466a-acf4-9d291afaf8b3,B cell,CL:0000236,pending,COVID-19,normal,99,10,43649,"{""A"": {""max"": 3029, ""median"": 298.0, ""min"": 11, ""n_cells"": 40346, ""n_donors"": 99}, ""B"": {""max"": 522, ""median"": 309.0, ""min"": 164, ""n_cells"": 3303, ""n_donors"": 10}}","{""A"": 2901.0, ""B"": 3403.0}",42634215112710,"[""sequencing_depth_bin:partial_confound_v=0.163"", ""pooled:unresolved — no pool/library id in obs (D3 lower bound)""]","{""assay"": null, ""sequencing_depth_bin"": 0.163, ""suspension_type"": null, ""tissue_general"": null}",unresolved,107,pending,pending,pending,pending,pending,0.35,pending,candidate,[],"{""S00030"": 1}",0,[],"[""sequencing_depth_bin""]",False,"[""integer_check"", ""frozen_universe_size"", ""sigma_donor_estimate"", ""envelope_membership""]",2025-01-30,analysis_set,5,"Ahern 2022 Cell, COMBAT blood atlas",strong,10,"[100,300)","[300,1000)"
ebc2e1ff-c8f9-466a-acf4-9d291afaf8b3,"CD4-positive, alpha-beta T cell",CL:0000624,pending,COVID-19,normal,100,10,264564,"{""A"": {""max"": 10717, ""median"": 1873.0, ""min"": 195, ""n_cells"": 233339, ""n_donors"": 100}, ""B"": {""max"": 5140, ""median"": 3092.5, ""min"": 2104, ""n_cells"": 31225, ""n_donors"": 10}}","{""A"": 3730.0, ""B"": 3805.0}",46897636623981,"[""sequencing_depth_bin:partial_confound_v=0.049"", ""pooled:unresolved — no pool/library id in obs (D3 lower bound)""]","{""assay"": null, ""sequencing_depth_bin"": 0.049, ""suspension_type"": null, ""tissue_general"": null}",unresolved,108,pending,pending,pending,pending,pending,0.35,pending,candidate,[],{},0,[],"[""sequencing_depth_bin""]",False,"[""integer_check"", ""frozen_universe_size"", ""sigma_donor_estimate"", ""envelope_membership""]",2025-01-30,analysis_set,5,"Ahern 2022 Cell, COMBAT blood atlas",strong,10,"[1000,3000)","[3000,inf)"
ebc2e1ff-c8f9-466a-acf4-9d291afaf8b3,"CD8-positive, alpha-beta T cell",CL:0000625,pending,COVID-19,normal,100,10,103703,"{""A"": {""max"": 4135, ""median"": 696.5, ""min"": 55, ""n_cells"": 87958, ""n_donors"": 100}, ""B"": {""max"": 3084, ""median"": 1596.5, ""min"": 876, ""n_cells"": 15745, ""n_donors"": 10}}","{""A"": 3506.0, ""B"": 3271.0}",46897636623981,"[""sequencing_depth_bin:partial_confound_v=0.117"", ""pooled:unresolved — no pool/library id in obs (D3 lower bound)""]","{""assay"": null, ""sequencing_depth_bin"": 0.117, ""suspension_type"": null, ""tissue_general"": null}",unresolved,108,pending,pending,pending,pending,pending,0.35,pending,candidate,[],{},0,[],"[""sequencing_depth_bin""]",False,"[""integer_check"", ""frozen_universe_size"", ""sigma_donor_estimate"", ""envelope_membership""]",2025-01-30,analysis_set,5,"Ahern 2022 Cell, COMBAT blood atlas",strong,10,"[300,1000)","[1000,3000)"
ebc2e1ff-c8f9-466a-acf4-9d291afaf8b3,blood cell,CL:0000081,pending,COVID-19,normal,100,10,51553,"{""A"": {""max"": 2311, ""median"": 393.0, ""min"": 57, ""n_cells"": 46552, ""n_donors"": 100}, ""B"": {""max"": 936, ""median"": 457.0, ""min"": 342, ""n_cells"": 5001, ""n_donors"": 10}}","{""A"": 5008.5, ""B"": 4578.0}",46897636623981,"[""sequencing_depth_bin:partial_confound_v=0.24"", ""pooled:unresolved — no pool/library id in obs (D3 lower bound)""]","{""assay"": null, ""sequencing_depth_bin"": 0.24, ""suspension_type"": null, ""tissue_general"": null}",unresolved,108,pending,pending,pending,pending,pending,0.35,pending,candidate,[],"{""G05092"": 7, ""S00030"": 2}",0,[],"[""sequencing_depth_bin""]",False,"[""integer_check"", ""frozen_universe_size"", ""sigma_donor_estimate"", ""envelope_membership""]",2025-01-30,analysis_set,5,"Ahern 2022 Cell, COMBAT blood atlas",strong,10,"[300,1000)","[300,1000)"
ebc2e1ff-c8f9-466a-acf4-9d291afaf8b3,classical monocyte,CL:0000860,pending,COVID-19,normal,100,10,208034,"{""A"": {""max"": 5855, ""median"": 1443.5, ""min"": 325, ""n_cells"": 193228, ""n_donors"": 100}, ""B"": {""max"": 2045, ""median"": 1580.0, ""min"": 449, ""n_cells"": 14806, ""n_donors"": 10}}","{""A"": 3379.0, ""B"": 2874.5}",46897636623981,"[""sequencing_depth_bin:partial_confound_v=0.162"", ""pooled:unresolved — no pool/library id in obs (D3 lower bound)""]","{""assay"": null, ""sequencing_depth_bin"": 0.162, ""suspension_type"": null, ""tissue_general"": null}",unresolved,108,pending,pending,pending,pending,pending,0.35,pending,candidate,[],{},0,[],"[""sequencing_depth_bin""]",False,"[""integer_check"", ""frozen_universe_size"", ""sigma_donor_estimate"", ""envelope_membership""]",2025-01-30,analysis_set,5,"Ahern 2022 Cell, COMBAT blood atlas",strong,10,"[1000,3000)","[1000,3000)"
ebc2e1ff-c8f9-466a-acf4-9d291afaf8b3,dendritic cell,CL:0000451,pending,COVID-19,normal,95,10,8726,"{""A"": {""max"": 228, ""median"": 62.0, ""min"": 12, ""n_cells"": 6696, ""n_donors"": 95}, ""B"": {""max"": 390, ""median"": 183.0, ""min"": 63, ""n_cells"": 2030, ""n_donors"": 10}}","{""A"": 8158.0, ""B"": 7713.5}",28848458598960,"[""sequencing_depth_bin:partial_confound_v=0.2"", ""pooled:unresolved — no pool/library id in obs (D3 lower bound)""]","{""assay"": null, ""sequencing_depth_bin"": 0.2, ""suspension_type"": null, ""tissue_general"": null}",unresolved,103,pending,pending,pending,pending,pending,0.35,pending,candidate,[],"{""N00050"": 6, ""S00008"": 5, ""S00027"": 6, ""S00040"": 8, ""S00077"": 7}",0,[],"[""sequencing_depth_bin""]",False,"[""integer_check"", ""frozen_universe_size"", ""sigma_donor_estimate"", ""envelope_membership""]",2025-01-30,analysis_set,5,"Ahern 2022 Cell, COMBAT blood atlas",strong,10,"[30,100)","[100,300)"
ebc2e1ff-c8f9-466a-acf4-9d291afaf8b3,double negative T regulatory cell,CL:0011024,pending,COVID-19,normal,84,10,4412,"{""A"": {""max"": 653, ""median"": 30.0, ""min"": 10, ""n_cells"": 3864, ""n_donors"": 84}, ""B"": {""max"": 141, ""median"": 33.0, ""min"": 12, ""n_cells"": 548, ""n_donors"": 10}}","{""A"": 2935.0, ""B"": 2982.5}",9041256841903,"[""sequencing_depth_bin:partial_confound_v=0.14"", ""pooled:unresolved — no pool/library id in obs (D3 lower bound)""]","{""assay"": null, ""sequencing_depth_bin"": 0.14, ""suspension_type"": null, ""tissue_general"": null}",unresolved,92,pending,pending,pending,pending,pending,0.35,pending,candidate,[],"{""N00013"": 6, ""N00018"": 4, ""N00025"": 5, ""N00037"": 5, ""N00040"": 1, ""N00047"": 6, ""N00050"": 3, ""S00008"": 3, ""S00053"": 3, ""S00063"": 8, ""S00066"": 6, ""S00068"": 3, ""S00077"": 3, ""S00095"": 5, ""S00099"": 8}",0,[],"[""sequencing_depth_bin""]",False,"[""integer_check"", ""frozen_universe_size"", ""sigma_donor_estimate"", ""envelope_membership""]",2025-01-30,analysis_set,5,"Ahern 2022 Cell, COMBAT blood atlas",strong,10,"[30,100)","[30,100)"
ebc2e1ff-c8f9-466a-acf4-9d291afaf8b3,"double-positive, alpha-beta thymocyte",CL:0000809,pending,COVID-19,normal,96,10,6478,"{""A"": {""max"": 244, ""median"": 50.0, ""min"": 10, ""n_cells"": 5653, ""n_donors"": 96}, ""B"": {""max"": 130, ""median"": 79.5, ""min"": 45, ""n_cells"": 825, ""n_donors"": 10}}","{""A"": 4554.0, ""B"": 4279.0}",31853506369685,"[""sequencing_depth_bin:partial_confound_v=0.124"", ""pooled:unresolved — no pool/library id in obs (D3 lower bound)""]","{""assay"": null, ""sequencing_depth_bin"": 0.124, ""suspension_type"": null, ""tissue_general"": null}",unresolved,104,pending,pending,pending,pending,pending,0.35,pending,candidate,[],"{""N00040"": 7, ""S00008"": 4, ""S00066"": 3, ""S00077"": 5}",0,[],"[""sequencing_depth_bin""]",False,"[""integer_check"", ""frozen_universe_size"", ""sigma_donor_estimate"", ""envelope_membership""]",2025-01-30,analysis_set,5,"Ahern 2022 Cell, COMBAT blood atlas",strong,10,"[30,100)","[30,100)"
ebc2e1ff-c8f9-466a-acf4-9d291afaf8b3,gamma-delta T cell,CL:0000798,pending,COVID-19,normal,88,10,9315,"{""A"": {""max"": 694, ""median"": 45.5, ""min"": 10, ""n_cells"": 8192, ""n_donors"": 88}, ""B"": {""max"": 271, ""median"": 78.0, ""min"": 15, ""n_cells"": 1123, ""n_donors"": 10}}","{""A"": 3142.5, ""B"": 3081.0}",14005614014756,"[""sequencing_depth_bin:partial_confound_v=0.123"", ""pooled:unresolved — no pool/library id in obs (D3 lower bound)""]","{""assay"": null, ""sequencing_depth_bin"": 0.123, ""suspension_type"": null, ""tissue_general"": null}",unresolved,96,pending,pending,pending,pending,pending,0.35,pending,candidate,[],"{""N00012"": 6, ""N00025"": 9, ""N00037"": 7, ""N00040"": 2, ""S00008"": 5, ""S00040"": 5, ""S00053"": 7, ""S00063"": 7, ""S00068"": 5, ""S00069"": 6, ""S00076"": 8, ""S00095"": 8}",0,[],"[""sequencing_depth_bin""]",False,"[""integer_check"", ""frozen_universe_size"", ""sigma_donor_estimate"", ""envelope_membership""]",2025-01-30,analysis_set,5,"Ahern 2022 Cell, COMBAT blood atlas",strong,10,"[30,100)","[30,100)"
ebc2e1ff-c8f9-466a-acf4-9d291afaf8b3,hematopoietic stem cell,CL:0000037,pending,COVID-19,normal,54,3,1501,"{""A"": {""max"": 105, ""median"": 20.0, ""min"": 10, ""n_cells"": 1449, ""n_donors"": 54}, ""B"": {""max"": 20, ""median"": 17.0, ""min"": 15, ""n_cells"": 52, ""n_donors"": 3}}","{""A"": 10060.0, ""B"": 9322.5}",29260,"[""sequencing_depth_bin:partial_confound_v=0.192"", ""pooled:unresolved — no pool/library id in obs (D3 lower bound)""]","{""assay"": null, ""sequencing_depth_bin"": 0.192, ""suspension_type"": null, ""tissue_general"": null}",unresolved,55,pending,pending,pending,pending,pending,,pending,candidate,[],"{""G05061"": 4, ""G05064"": 2, ""G05073"": 1, ""G05077"": 9, ""G05097"": 8, ""G05145"": 6, ""G05153"": 8, ""G05164"": 7, ""H00054"": 8, ""H00058"": 5, ""H00064"": 5, ""H00067"": 8, ""H00070"": 8, ""H00072"": 7, ""H00085"": 2, ""N00006"": 6, ""N00032"": 3, ""N00033"": 5, ""N00049"": 5, ""S00002"": 8, ""S00003"": 3, ""S00006"": 5, ""S00016"": 1, ""S00028"": 2, ""S00037"": 9, ""S00040"": 7, ""S00041"": 1, ""S00045"": 9, ""S00049"": 1, ""S00050"": 9, ""S00057"": 9, ""S00058"": 4, ""S00060"": 9, ""S00061"": 9, ""S00063"": 6, ""S00064"": 4, ""S00065"": 2, ""S00066"": 5, ""S00067"": 8, ""S00069"": 8, ""S00072"": 7, ""S00076"": 4, ""S00077"": 2, ""S00082"": 5, ""S00094"": 3, ""S00096"": 6, ""S00104"": 3, ""S00106"": 2, ""S00114"": 2, ""S00126"": 2, ""S00142"": 9, ""U00519"": 6}",0,[],"[""sequencing_depth_bin""]",False,"[""integer_check"", ""frozen_universe_size"", ""sigma_donor_estimate"", ""envelope_membership""]",2025-01-30,analysis_set,5,"Ahern 2022 Cell, COMBAT blood atlas",strong,3,"[10,30)","[10,30)"
ebc2e1ff-c8f9-466a-acf4-9d291afaf8b3,mucosal invariant T cell,CL:0000940,pending,COVID-19,normal,54,10,4352,"{""A"": {""max"": 281, ""median"": 31.0, ""min"": 10, ""n_cells"": 3098, ""n_donors"": 54}, ""B"": {""max"": 465, ""median"": 93.5, ""min"": 21, ""n_cells"": 1254, ""n_donors"": 10}}","{""A"": 3510.5, ""B"": 3750.0}",151473214816,"[""sequencing_depth_bin:partial_confound_v=0.066"", ""pooled:unresolved — no pool/library id in obs (D3 lower bound)""]","{""assay"": null, ""sequencing_depth_bin"": 0.066, ""suspension_type"": null, ""tissue_general"": null}",unresolved,62,pending,pending,pending,pending,pending,0.35,pending,candidate,[],"{""G05112"": 6, ""N00013"": 1, ""N00017"": 2, ""N00018"": 4, ""N00021"": 3, ""N00025"": 1, ""N00027"": 5, ""N00029"": 4, ""N00032"": 5, ""N00037"": 7, ""N00040"": 5, ""N00049"": 6, ""S00006"": 1, ""S00008"": 3, ""S00027"": 5, ""S00028"": 6, ""S00037"": 7, ""S00040"": 5, ""S00042"": 4, ""S00048"": 2, ""S00052"": 2, ""S00054"": 1, ""S00056"": 5, ""S00063"": 1, ""S00065"": 2, ""S00066"": 1, ""S00067"": 4, ""S00069"": 1, ""S00076"": 1, ""S00078"": 7, ""S00094"": 3, ""S00095"": 2, ""S00096"": 1, ""S00097"": 9, ""S00099"": 6, ""S00114"": 9, ""S00119"": 5, ""S00126"": 1, ""S00134"": 9, ""S00148"": 2, ""U00519"": 3}",0,[],"[""sequencing_depth_bin""]",False,"[""integer_check"", ""frozen_universe_size"", ""sigma_donor_estimate"", ""envelope_membership""]",2025-01-30,analysis_set,5,"Ahern 2022 Cell, COMBAT blood atlas",strong,10,"[30,100)","[30,100)"
ebc2e1ff-c8f9-466a-acf4-9d291afaf8b3,natural killer cell,CL:0000623,pending,COVID-19,normal,100,10,68265,"{""A"": {""max"": 2956, ""median"": 424.0, ""min"": 44, ""n_cells"": 56313, ""n_donors"": 100}, ""B"": {""max"": 1994, ""median"": 1017.5, ""min"": 593, ""n_cells"": 11952, ""n_donors"": 10}}","{""A"": 3015.0, ""B"": 2824.0}",46897636623981,"[""sequencing_depth_bin:partial_confound_v=0.236"", ""pooled:unresolved — no pool/library id in obs (D3 lower bound)""]","{""assay"": null, ""sequencing_depth_bin"": 0.236, ""suspension_type"": null, ""tissue_general"": null}",unresolved,108,pending,pending,pending,pending,pending,0.35,pending,candidate,[],{},0,[],"[""sequencing_depth_bin""]",False,"[""integer_check"", ""frozen_universe_size"", ""sigma_donor_estimate"", ""envelope_membership""]",2025-01-30,analysis_set,5,"Ahern 2022 Cell, COMBAT blood atlas",strong,10,"[300,1000)","[1000,3000)"
ebc2e1ff-c8f9-466a-acf4-9d291afaf8b3,non-classical monocyte,CL:0000875,pending,COVID-19,normal,98,10,31857,"{""A"": {""max"": 1903, ""median"": 194.0, ""min"": 10, ""n_cells"": 27784, ""n_donors"": 98}, ""B"": {""max"": 551, ""median"": 410.0, ""min"": 228, ""n_cells"": 4073, ""n_donors"": 10}}","{""A"": 5291.0, ""B"": 5317.0}",38722819230810,"[""sequencing_depth_bin:partial_confound_v=0.12"", ""pooled:unresolved — no pool/library id in obs (D3 lower bound)""]","{""assay"": null, ""sequencing_depth_bin"": 0.12, ""suspension_type"": null, ""tissue_general"": null}",unresolved,106,pending,pending,pending,pending,pending,0.35,pending,candidate,[],"{""N00050"": 6, ""S00027"": 3}",0,[],"[""sequencing_depth_bin""]",False,"[""integer_check"", ""frozen_universe_size"", ""sigma_donor_estimate"", ""envelope_membership""]",2025-01-30,analysis_set,5,"Ahern 2022 Cell, COMBAT blood atlas",strong,10,"[100,300)","[300,1000)"
ebc2e1ff-c8f9-466a-acf4-9d291afaf8b3,plasmablast,CL:0000980,pending,COVID-19,normal,98,10,8148,"{""A"": {""max"": 563, ""median"": 51.0, ""min"": 10, ""n_cells"": 7951, ""n_donors"": 98}, ""B"": {""max"": 29, ""median"": 18.0, ""min"": 10, ""n_cells"": 197, ""n_donors"": 10}}","{""A"": 23907.0, ""B"": 22309.0}",38722819230810,"[""sequencing_depth_bin:partial_confound_v=0.045"", ""pooled:unresolved — no pool/library id in obs (D3 lower bound)""]","{""assay"": null, ""sequencing_depth_bin"": 0.045, ""suspension_type"": null, ""tissue_general"": null}",unresolved,106,pending,pending,pending,pending,pending,0.35,pending,candidate,[],"{""N00024"": 4, ""N00025"": 4, ""N00038"": 7, ""N00040"": 2}",0,[],"[""sequencing_depth_bin""]",False,"[""integer_check"", ""frozen_universe_size"", ""sigma_donor_estimate"", ""envelope_membership""]",2025-01-30,analysis_set,5,"Ahern 2022 Cell, COMBAT blood atlas",strong,10,"[30,100)","[10,30)"
ebc2e1ff-c8f9-466a-acf4-9d291afaf8b3,B cell,CL:0000236,pending,influenza,normal,10,10,3900,"{""A"": {""max"": 145, ""median"": 39.0, ""min"": 11, ""n_cells"": 597, ""n_donors"": 10}, ""B"": {""max"": 522, ""median"": 309.0, ""min"": 164, ""n_cells"": 3303, ""n_donors"": 10}}","{""A"": 3766.0, ""B"": 3403.0}",184756,"[""sequencing_depth_bin:partial_confound_v=0.12"", ""pooled:unresolved — no pool/library id in obs (D3 lower bound)""]","{""assay"": null, ""sequencing_depth_bin"": 0.12, ""suspension_type"": null, ""tissue_general"": null}",unresolved,18,pending,pending,pending,pending,pending,0.35,pending,candidate,[],"{""U00701"": 9}",0,[],"[""sequencing_depth_bin""]",False,"[""integer_check"", ""frozen_universe_size"", ""sigma_donor_estimate"", ""envelope_membership""]",2025-01-30,analysis_set,5,"Ahern 2022 Cell, COMBAT blood atlas",moderate,10,"[30,100)","[300,1000)"
ebc2e1ff-c8f9-466a-acf4-9d291afaf8b3,"CD4-positive, alpha-beta T cell",CL:0000624,pending,influenza,normal,12,10,36322,"{""A"": {""max"": 1033, ""median"": 364.5, ""min"": 38, ""n_cells"": 5097, ""n_donors"": 12}, ""B"": {""max"": 5140, ""median"": 3092.5, ""min"": 2104, ""n_cells"": 31225, ""n_donors"": 10}}","{""A"": 4045.0, ""B"": 3805.0}",646646,"[""sequencing_depth_bin:partial_confound_v=0.463"", ""pooled:unresolved — no pool/library id in obs (D3 lower bound)""]","{""assay"": null, ""sequencing_depth_bin"": 0.463, ""suspension_type"": null, ""tissue_general"": null}",unresolved,20,pending,pending,pending,pending,pending,0.35,pending,candidate,[],{},0,[],"[""sequencing_depth_bin""]",False,"[""integer_check"", ""frozen_universe_size"", ""sigma_donor_estimate"", ""envelope_membership""]",2025-01-30,analysis_set,5,"Ahern 2022 Cell, COMBAT blood atlas",moderate,10,"[300,1000)","[3000,inf)"
ebc2e1ff-c8f9-466a-acf4-9d291afaf8b3,"CD8-positive, alpha-beta T cell",CL:0000625,pending,influenza,normal,11,10,18058,"{""A"": {""max"": 632, ""median"": 188.0, ""min"": 13, ""n_cells"": 2313, ""n_donors"": 11}, ""B"": {""max"": 3084, ""median"": 1596.5, ""min"": 876, ""n_cells"": 15745, ""n_donors"": 10}}","{""A"": 3704.0, ""B"": 3271.0}",352716,"[""sequencing_depth_bin:partial_confound_v=0.27"", ""pooled:unresolved — no pool/library id in obs (D3 lower bound)""]","{""assay"": null, ""sequencing_depth_bin"": 0.27, ""suspension_type"": null, ""tissue_general"": null}",unresolved,19,pending,pending,pending,pending,pending,0.35,pending,candidate,[],"{""U00504"": 9}",0,[],"[""sequencing_depth_bin""]",False,"[""integer_check"", ""frozen_universe_size"", ""sigma_donor_estimate"", ""envelope_membership""]",2025-01-30,analysis_set,5,"Ahern 2022 Cell, COMBAT blood atlas",moderate,10,"[100,300)","[1000,3000)"
ebc2e1ff-c8f9-466a-acf4-9d291afaf8b3,blood cell,CL:0000081,pending,influenza,normal,12,10,5883,"{""A"": {""max"": 168, ""median"": 71.0, ""min"": 14, ""n_cells"": 882, ""n_donors"": 12}, ""B"": {""max"": 936, ""median"": 457.0, ""min"": 342, ""n_cells"": 5001, ""n_donors"": 10}}","{""A"": 6646.0, ""B"": 4578.0}",646646,"[""sequencing_depth_bin:partial_confound_v=0.703"", ""pooled:unresolved — no pool/library id in obs (D3 lower bound)""]","{""assay"": null, ""sequencing_depth_bin"": 0.703, ""suspension_type"": null, ""tissue_general"": null}",unresolved,20,pending,pending,pending,pending,pending,0.35,pending,candidate,[],{},0,[],"[""sequencing_depth_bin""]",False,"[""integer_check"", ""frozen_universe_size"", ""sigma_donor_estimate"", ""envelope_membership""]",2025-01-30,analysis_set,5,"Ahern 2022 Cell, COMBAT blood atlas",moderate,10,"[30,100)","[300,1000)"
ebc2e1ff-c8f9-466a-acf4-9d291afaf8b3,classical monocyte,CL:0000860,pending,influenza,normal,11,10,20464,"{""A"": {""max"": 1650, ""median"": 368.0, ""min"": 32, ""n_cells"": 5658, ""n_donors"": 11}, ""B"": {""max"": 2045, ""median"": 1580.0, ""min"": 449, ""n_cells"": 14806, ""n_donors"": 10}}","{""A"": 4374.5, ""B"": 2874.5}",352716,"[""sequencing_depth_bin:partial_confound_v=0.674"", ""pooled:unresolved — no pool/library id in obs (D3 lower bound)""]","{""assay"": null, ""sequencing_depth_bin"": 0.674, ""suspension_type"": null, ""tissue_general"": null}",unresolved,19,pending,pending,pending,pending,pending,0.35,pending,candidate,[],"{""U00504"": 5}",0,[],"[""sequencing_depth_bin""]",False,"[""integer_check"", ""frozen_universe_size"", ""sigma_donor_estimate"", ""envelope_membership""]",2025-01-30,analysis_set,5,"Ahern 2022 Cell, COMBAT blood atlas",moderate,10,"[300,1000)","[1000,3000)"
ebc2e1ff-c8f9-466a-acf4-9d291afaf8b3,dendritic cell,CL:0000451,pending,influenza,normal,7,10,2216,"{""A"": {""max"": 48, ""median"": 18.0, ""min"": 11, ""n_cells"": 186, ""n_donors"": 7}, ""B"": {""max"": 390, ""median"": 183.0, ""min"": 63, ""n_cells"": 2030, ""n_donors"": 10}}","{""A"": 8766.5, ""B"": 7713.5}",19448,"[""sequencing_depth_bin:partial_confound_v=0.278"", ""pooled:unresolved — no pool/library id in obs (D3 lower bound)""]","{""assay"": null, ""sequencing_depth_bin"": 0.278, ""suspension_type"": null, ""tissue_general"": null}",unresolved,15,pending,pending,pending,pending,pending,0.2,pending,candidate,[],"{""U00501"": 2, ""U00601"": 1, ""U00613"": 7, ""U00617"": 5}",0,[],"[""sequencing_depth_bin""]",False,"[""integer_check"", ""frozen_universe_size"", ""sigma_donor_estimate"", ""envelope_membership""]",2025-01-30,analysis_set,5,"Ahern 2022 Cell, COMBAT blood atlas",moderate,7,"[10,30)","[100,300)"
ebc2e1ff-c8f9-466a-acf4-9d291afaf8b3,gamma-delta T cell,CL:0000798,pending,influenza,normal,5,10,1294,"{""A"": {""max"": 58, ""median"": 33.0, ""min"": 15, ""n_cells"": 171, ""n_donors"": 5}, ""B"": {""max"": 271, ""median"": 78.0, ""min"": 15, ""n_cells"": 1123, ""n_donors"": 10}}","{""A"": 3205.0, ""B"": 3081.0}",3003,"[""sequencing_depth_bin:partial_confound_v=0.2"", ""pooled:unresolved — no pool/library id in obs (D3 lower bound)""]","{""assay"": null, ""sequencing_depth_bin"": 0.2, ""suspension_type"": null, ""tissue_general"": null}",unresolved,13,pending,pending,pending,pending,pending,0.2,pending,candidate,[],"{""U00501"": 3, ""U00503"": 2, ""U00504"": 3, ""U00605"": 1, ""U00607"": 2, ""U00617"": 3, ""U00701"": 5}",0,[],"[""sequencing_depth_bin""]",False,"[""integer_check"", ""frozen_universe_size"", ""sigma_donor_estimate"", ""envelope_membership""]",2025-01-30,analysis_set,5,"Ahern 2022 Cell, COMBAT blood atlas",moderate,5,"[30,100)","[30,100)"
ebc2e1ff-c8f9-466a-acf4-9d291afaf8b3,hematopoietic stem cell,CL:0000037,pending,influenza,normal,5,3,134,"{""A"": {""max"": 23, ""median"": 14.0, ""min"": 11, ""n_cells"": 82, ""n_donors"": 5}, ""B"": {""max"": 20, ""median"": 17.0, ""min"": 15, ""n_cells"": 52, ""n_donors"": 3}}","{""A"": 10214.5, ""B"": 9322.5}",56,"[""sequencing_depth_bin:partial_confound_v=0.537"", ""pooled:unresolved — no pool/library id in obs (D3 lower bound)""]","{""assay"": null, ""sequencing_depth_bin"": 0.537, ""suspension_type"": null, ""tissue_general"": null}",unresolved,6,pending,pending,pending,pending,pending,,pending,candidate,[],"{""H00054"": 8, ""H00058"": 5, ""H00064"": 5, ""H00067"": 8, ""H00070"": 8, ""H00072"": 7, ""H00085"": 2, ""U00607"": 7, ""U00701"": 1}",0,[],"[""sequencing_depth_bin""]",False,"[""integer_check"", ""frozen_universe_size"", ""sigma_donor_estimate"", ""envelope_membership""]",2025-01-30,analysis_set,5,"Ahern 2022 Cell, COMBAT blood atlas",moderate,3,"[10,30)","[10,30)"
ebc2e1ff-c8f9-466a-acf4-9d291afaf8b3,natural killer cell,CL:0000623,pending,influenza,normal,12,10,13986,"{""A"": {""max"": 1024, ""median"": 75.5, ""min"": 18, ""n_cells"": 2034, ""n_donors"": 12}, ""B"": {""max"": 1994, ""median"": 1017.5, ""min"": 593, ""n_cells"": 11952, ""n_donors"": 10}}","{""A"": 3475.0, ""B"": 2824.0}",646646,"[""sequencing_depth_bin:partial_confound_v=0.641"", ""pooled:unresolved — no pool/library id in obs (D3 lower bound)""]","{""assay"": null, ""sequencing_depth_bin"": 0.641, ""suspension_type"": null, ""tissue_general"": null}",unresolved,20,pending,pending,pending,pending,pending,0.35,pending,candidate,[],{},0,[],"[""sequencing_depth_bin""]",False,"[""integer_check"", ""frozen_universe_size"", ""sigma_donor_estimate"", ""envelope_membership""]",2025-01-30,analysis_set,5,"Ahern 2022 Cell, COMBAT blood atlas",moderate,10,"[30,100)","[1000,3000)"
ebc2e1ff-c8f9-466a-acf4-9d291afaf8b3,non-classical monocyte,CL:0000875,pending,influenza,normal,10,10,5368,"{""A"": {""max"": 399, ""median"": 66.0, ""min"": 11, ""n_cells"": 1295, ""n_donors"": 10}, ""B"": {""max"": 551, ""median"": 410.0, ""min"": 228, ""n_cells"": 4073, ""n_donors"": 10}}","{""A"": 6125.0, ""B"": 5317.0}",184756,"[""sequencing_depth_bin:partial_confound_v=0.12"", ""pooled:unresolved — no pool/library id in obs (D3 lower bound)""]","{""assay"": null, ""sequencing_depth_bin"": 0.12, ""suspension_type"": null, ""tissue_general"": null}",unresolved,18,pending,pending,pending,pending,pending,0.35,pending,candidate,[],"{""U00501"": 7, ""U00504"": 4}",0,[],"[""sequencing_depth_bin""]",False,"[""integer_check"", ""frozen_universe_size"", ""sigma_donor_estimate"", ""envelope_membership""]",2025-01-30,analysis_set,5,"Ahern 2022 Cell, COMBAT blood atlas",moderate,10,"[30,100)","[300,1000)"
ebc2e1ff-c8f9-466a-acf4-9d291afaf8b3,plasmablast,CL:0000980,pending,influenza,normal,8,10,610,"{""A"": {""max"": 200, ""median"": 32.0, ""min"": 10, ""n_cells"": 413, ""n_donors"": 8}, ""B"": {""max"": 29, ""median"": 18.0, ""min"": 10, ""n_cells"": 197, ""n_donors"": 10}}","{""A"": 21333.0, ""B"": 22309.0}",43758,"[""sequencing_depth_bin:partial_confound_v=0.158"", ""pooled:unresolved — no pool/library id in obs (D3 lower bound)""]","{""assay"": null, ""sequencing_depth_bin"": 0.158, ""suspension_type"": null, ""tissue_general"": null}",unresolved,16,pending,pending,pending,pending,pending,0.35,pending,candidate,[],"{""U00502"": 3, ""U00503"": 9, ""U00605"": 6}",0,[],"[""sequencing_depth_bin""]",False,"[""integer_check"", ""frozen_universe_size"", ""sigma_donor_estimate"", ""envelope_membership""]",2025-01-30,analysis_set,5,"Ahern 2022 Cell, COMBAT blood atlas",moderate,8,"[30,100)","[10,30)"
f1606894-59df-4794-a37f-baa7c6fb6de1,Schwann cell,CL:0002573,pending,atrial fibrillation,normal,22,27,4373,"{""A"": {""max"": 156, ""median"": 86.0, ""min"": 15, ""n_cells"": 1797, ""n_donors"": 22}, ""B"": {""max"": 171, ""median"": 94.0, ""min"": 19, ""n_cells"": 2576, ""n_donors"": 27}}","{""A"": 1860.0, ""B"": 1678.0}",49699896548176,"[""sequencing_depth_bin:partial_confound_v=0.174"", ""pooled:unresolved — no pool/library id in obs (D3 lower bound)""]","{""assay"": null, ""sequencing_depth_bin"": 0.174, ""suspension_type"": null, ""tissue_general"": null}",unresolved,47,pending,pending,pending,pending,pending,0.5,pending,candidate,[],"{""PH-L22"": 8, ""PH-Q25"": 6, ""PH-W93"": 4}",0,[],"[""sequencing_depth_bin""]",False,"[""integer_check"", ""frozen_universe_size"", ""sigma_donor_estimate"", ""envelope_membership""]",2025-01-30,analysis_set,6,"Linna-Kuosmanen 2024, PERIHEART right atrium",subtle,22,"[30,100)","[30,100)"
f1606894-59df-4794-a37f-baa7c6fb6de1,adipocyte,CL:0000136,pending,atrial fibrillation,normal,16,15,2571,"{""A"": {""max"": 138, ""median"": 66.0, ""min"": 14, ""n_cells"": 1131, ""n_donors"": 16}, ""B"": {""max"": 475, ""median"": 42.0, ""min"": 12, ""n_cells"": 1440, ""n_donors"": 15}}","{""A"": 3109.0, ""B"": 3349.5}",300540195,"[""sequencing_depth_bin:partial_confound_v=0.455"", ""pooled:unresolved — no pool/library id in obs (D3 lower bound)""]","{""assay"": null, ""sequencing_depth_bin"": 0.455, ""suspension_type"": null, ""tissue_general"": null}",unresolved,29,pending,pending,pending,pending,pending,0.5,pending,candidate,[],"{""PH-A45"": 1, ""PH-I28"": 6, ""PH-K48"": 2, ""PH-M22"": 1, ""PH-N33"": 9, ""PH-V28"": 2, ""PH-X61"": 3, ""PH-Y03"": 4}",0,[],"[""sequencing_depth_bin""]",False,"[""integer_check"", ""frozen_universe_size"", ""sigma_donor_estimate"", ""envelope_membership""]",2025-01-30,analysis_set,6,"Linna-Kuosmanen 2024, PERIHEART right atrium",subtle,15,"[30,100)","[30,100)"
f1606894-59df-4794-a37f-baa7c6fb6de1,cardiac blood vessel endothelial cell,CL:0010006,pending,atrial fibrillation,normal,25,29,52385,"{""A"": {""max"": 2941, ""median"": 866.0, ""min"": 69, ""n_cells"": 26611, ""n_donors"": 25}, ""B"": {""max"": 1895, ""median"": 811.0, ""min"": 327, ""n_cells"": 25774, ""n_donors"": 29}}","{""A"": 2100.0, ""B"": 1826.0}",1683191473897752,"[""sequencing_depth_bin:partial_confound_v=0.21"", ""pooled:unresolved — no pool/library id in obs (D3 lower bound)""]","{""assay"": null, ""sequencing_depth_bin"": 0.21, ""suspension_type"": null, ""tissue_general"": null}",unresolved,52,pending,pending,pending,pending,pending,0.7,pending,candidate,[],{},0,[],"[""sequencing_depth_bin""]",False,"[""integer_check"", ""frozen_universe_size"", ""sigma_donor_estimate"", ""envelope_membership""]",2025-01-30,analysis_set,6,"Linna-Kuosmanen 2024, PERIHEART right atrium",subtle,25,"[300,1000)","[300,1000)"
f1606894-59df-4794-a37f-baa7c6fb6de1,cardiac muscle cell,CL:0000746,pending,atrial fibrillation,normal,25,29,86194,"{""A"": {""max"": 3534, ""median"": 1478.0, ""min"": 625, ""n_cells"": 39072, ""n_donors"": 25}, ""B"": {""max"": 3539, ""median"": 1610.0, ""min"": 842, ""n_cells"": 47122, ""n_donors"": 29}}","{""A"": 3626.0, ""B"": 2959.0}",1683191473897752,"[""sequencing_depth_bin:partial_confound_v=0.368"", ""pooled:unresolved — no pool/library id in obs (D3 lower bound)""]","{""assay"": null, ""sequencing_depth_bin"": 0.368, ""suspension_type"": null, ""tissue_general"": null}",unresolved,52,pending,pending,pending,pending,pending,0.7,pending,candidate,[],{},0,[],"[""sequencing_depth_bin""]",False,"[""integer_check"", ""frozen_universe_size"", ""sigma_donor_estimate"", ""envelope_membership""]",2025-01-30,analysis_set,6,"Linna-Kuosmanen 2024, PERIHEART right atrium",subtle,25,"[1000,3000)","[1000,3000)"
f1606894-59df-4794-a37f-baa7c6fb6de1,endocardial cell,CL:0002350,pending,atrial fibrillation,normal,25,29,118154,"{""A"": {""max"": 4175, ""median"": 1707.0, ""min"": 273, ""n_cells"": 48345, ""n_donors"": 25}, ""B"": {""max"": 4408, ""median"": 2478.0, ""min"": 254, ""n_cells"": 69809, ""n_donors"": 29}}","{""A"": 2412.0, ""B"": 2054.0}",1683191473897752,"[""sequencing_depth_bin:partial_confound_v=0.189"", ""pooled:unresolved — no pool/library id in obs (D3 lower bound)""]","{""assay"": null, ""sequencing_depth_bin"": 0.189, ""suspension_type"": null, ""tissue_general"": null}",unresolved,52,pending,pending,pending,pending,pending,0.7,pending,candidate,[],{},0,[],"[""sequencing_depth_bin""]",False,"[""integer_check"", ""frozen_universe_size"", ""sigma_donor_estimate"", ""envelope_membership""]",2025-01-30,analysis_set,6,"Linna-Kuosmanen 2024, PERIHEART right atrium",subtle,25,"[1000,3000)","[1000,3000)"
f1606894-59df-4794-a37f-baa7c6fb6de1,fibroblast,CL:0000057,pending,atrial fibrillation,normal,25,29,73117,"{""A"": {""max"": 3127, ""median"": 1065.0, ""min"": 38, ""n_cells"": 30279, ""n_donors"": 25}, ""B"": {""max"": 3082, ""median"": 1512.0, ""min"": 312, ""n_cells"": 42838, ""n_donors"": 29}}","{""A"": 1932.0, ""B"": 1758.0}",1683191473897752,"[""sequencing_depth_bin:partial_confound_v=0.189"", ""pooled:unresolved — no pool/library id in obs (D3 lower bound)""]","{""assay"": null, ""sequencing_depth_bin"": 0.189, ""suspension_type"": null, ""tissue_general"": null}",unresolved,52,pending,pending,pending,pending,pending,0.7,pending,candidate,[],{},0,[],"[""sequencing_depth_bin""]",False,"[""integer_check"", ""frozen_universe_size"", ""sigma_donor_estimate"", ""envelope_membership""]",2025-01-30,analysis_set,6,"Linna-Kuosmanen 2024, PERIHEART right atrium",subtle,25,"[1000,3000)","[1000,3000)"
f1606894-59df-4794-a37f-baa7c6fb6de1,lymphocyte,CL:0000542,pending,atrial fibrillation,normal,19,23,3393,"{""A"": {""max"": 340, ""median"": 43.0, ""min"": 10, ""n_cells"": 1471, ""n_donors"": 19}, ""B"": {""max"": 492, ""median"": 35.0, ""min"": 10, ""n_cells"": 1922, ""n_donors"": 23}}","{""A"": 1449.0, ""B"": 1478.0}",446775310800,"[""sequencing_depth_bin:partial_confound_v=0.528"", ""pooled:unresolved — no pool/library id in obs (D3 lower bound)""]","{""assay"": null, ""sequencing_depth_bin"": 0.528, ""suspension_type"": null, ""tissue_general"": null}",unresolved,40,pending,pending,pending,pending,pending,0.5,pending,candidate,[],"{""PH-A91"": 2, ""PH-K47"": 7, ""PH-K48"": 2, ""PH-L22"": 1, ""PH-P77"": 2, ""PH-Q25"": 7, ""PH-V63"": 9, ""PH-V77"": 6, ""PH-W93"": 1, ""PH-Y03"": 2}",0,[],"[""sequencing_depth_bin""]",False,"[""integer_check"", ""frozen_universe_size"", ""sigma_donor_estimate"", ""envelope_membership""]",2025-01-30,analysis_set,6,"Linna-Kuosmanen 2024, PERIHEART right atrium",subtle,19,"[30,100)","[30,100)"
f1606894-59df-4794-a37f-baa7c6fb6de1,macrophage,CL:0000235,pending,atrial fibrillation,normal,23,29,14188,"{""A"": {""max"": 774, ""median"": 213.0, ""min"": 18, ""n_cells"": 6466, ""n_donors"": 23}, ""B"": {""max"": 779, ""median"": 212.0, ""min"": 19, ""n_cells"": 7722, ""n_donors"": 29}}","{""A"": 1773.0, ""B"": 1755.0}",352870329957600,"[""sequencing_depth_bin:partial_confound_v=0.241"", ""pooled:unresolved — no pool/library id in obs (D3 lower bound)""]","{""assay"": null, ""sequencing_depth_bin"": 0.241, ""suspension_type"": null, ""tissue_general"": null}",unresolved,50,pending,pending,pending,pending,pending,0.7,pending,candidate,[],"{""PH-W93"": 3, ""PH-Y03"": 7}",0,[],"[""sequencing_depth_bin""]",False,"[""integer_check"", ""frozen_universe_size"", ""sigma_donor_estimate"", ""envelope_membership""]",2025-01-30,analysis_set,6,"Linna-Kuosmanen 2024, PERIHEART right atrium",subtle,23,"[100,300)","[100,300)"
f1606894-59df-4794-a37f-baa7c6fb6de1,mesothelial cell,CL:0000077,pending,atrial fibrillation,normal,18,23,27966,"{""A"": {""max"": 6445, ""median"": 559.5, ""min"": 31, ""n_cells"": 15654, ""n_donors"": 18}, ""B"": {""max"": 2025, ""median"": 287.0, ""min"": 10, ""n_cells"": 12312, ""n_donors"": 23}}","{""A"": 3107.5, ""B"": 2616.5}",202112640600,"[""sequencing_depth_bin:partial_confound_v=0.095"", ""pooled:unresolved — no pool/library id in obs (D3 lower bound)""]","{""assay"": null, ""sequencing_depth_bin"": 0.095, ""suspension_type"": null, ""tissue_general"": null}",unresolved,39,pending,pending,pending,pending,pending,0.5,pending,candidate,[],"{""PH-E78"": 4, ""PH-H39"": 4}",0,[],"[""sequencing_depth_bin""]",False,"[""integer_check"", ""frozen_universe_size"", ""sigma_donor_estimate"", ""envelope_membership""]",2025-01-30,analysis_set,6,"Linna-Kuosmanen 2024, PERIHEART right atrium",subtle,18,"[300,1000)","[100,300)"
f1606894-59df-4794-a37f-baa7c6fb6de1,pericyte,CL:0000669,pending,atrial fibrillation,normal,22,29,5846,"{""A"": {""max"": 244, ""median"": 118.0, ""min"": 30, ""n_cells"": 2714, ""n_donors"": 22}, ""B"": {""max"": 233, ""median"": 101.0, ""min"": 17, ""n_cells"": 3132, ""n_donors"": 29}}","{""A"": 1835.5, ""B"": 1721.0}",156077261327400,"[""sequencing_depth_bin:partial_confound_v=0.202"", ""pooled:unresolved — no pool/library id in obs (D3 lower bound)""]","{""assay"": null, ""sequencing_depth_bin"": 0.202, ""suspension_type"": null, ""tissue_general"": null}",unresolved,49,pending,pending,pending,pending,pending,0.5,pending,candidate,[],"{""PH-U41"": 7, ""PH-W93"": 9, ""PH-Y03"": 6}",0,[],"[""sequencing_depth_bin""]",False,"[""integer_check"", ""frozen_universe_size"", ""sigma_donor_estimate"", ""envelope_membership""]",2025-01-30,analysis_set,6,"Linna-Kuosmanen 2024, PERIHEART right atrium",subtle,22,"[100,300)","[100,300)"
f1606894-59df-4794-a37f-baa7c6fb6de1,smooth muscle cell,CL:0000192,pending,atrial fibrillation,normal,23,29,4502,"{""A"": {""max"": 173, ""median"": 83.0, ""min"": 33, ""n_cells"": 2039, ""n_donors"": 23}, ""B"": {""max"": 187, ""median"": 74.0, ""min"": 21, ""n_cells"": 2463, ""n_donors"": 29}}","{""A"": 1988.0, ""B"": 1861.0}",352870329957600,"[""sequencing_depth_bin:partial_confound_v=0.335"", ""pooled:unresolved — no pool/library id in obs (D3 lower bound)""]","{""assay"": null, ""sequencing_depth_bin"": 0.335, ""suspension_type"": null, ""tissue_general"": null}",unresolved,50,pending,pending,pending,pending,pending,0.7,pending,candidate,[],"{""PH-W93"": 3, ""PH-Y03"": 2}",0,[],"[""sequencing_depth_bin""]",False,"[""integer_check"", ""frozen_universe_size"", ""sigma_donor_estimate"", ""envelope_membership""]",2025-01-30,analysis_set,6,"Linna-Kuosmanen 2024, PERIHEART right atrium",subtle,23,"[30,100)","[30,100)"
d18736c3-6292-4379-919a-d6d973204c87,"CD4-positive, alpha-beta T cell",CL:0000624,pending,rheumatoid arthritis,normal,8,4,509,"{""A"": {""max"": 56, ""median"": 19.0, ""min"": 11, ""n_cells"": 210, ""n_donors"": 8}, ""B"": {""max"": 139, ""median"": 74.0, ""min"": 12, ""n_cells"": 299, ""n_donors"": 4}}","{""A"": 299.0, ""B"": 550.0}",495,"[""sequencing_depth_bin:partial_confound_v=0.25"", ""pooled:unresolved — no pool/library id in obs (D3 lower bound)""]","{""assay"": null, ""sequencing_depth_bin"": 0.25, ""suspension_type"": null, ""tissue_general"": null}",unresolved,10,pending,pending,pending,pending,pending,0.2,pending,candidate,[],"{""Control03_1_C_F"": 9, ""Control05_1_C_M"": 1, ""Control06_1_C_M"": 1, ""Control07_1_C_F"": 8, ""Control09_1_C_M"": 4, ""Control10_1_C_F"": 5, ""Control15_1_C_F"": 7, ""Control16_1_C_F"": 4, ""Control18_1_C_F"": 2, ""Control20_1_A_F"": 3, ""Control21_1_C_F"": 9, ""Control23_1_C_F"": 1, ""RA01_1_A_M"": 4, ""RA03_1_C_F"": 2, ""RA07_1_C_F"": 9, ""RA08_1_C_M"": 3, ""RA15_1_C_F"": 4, ""RA17_1_C_F"": 1, ""RA21_1_H_F"": 8, ""RA22_1_C_F"": 1}",0,[],"[""sequencing_depth_bin""]",False,"[""integer_check"", ""frozen_universe_size"", ""sigma_donor_estimate"", ""envelope_membership""]",2025-01-30,analysis_set,7,"Binvignat 2024, rheumatoid arthritis blood",subtle,4,"[10,30)","[30,100)"
d18736c3-6292-4379-919a-d6d973204c87,"CD8-positive, alpha-beta memory T cell",CL:0000909,pending,rheumatoid arthritis,normal,18,18,2292,"{""A"": {""max"": 129, ""median"": 57.0, ""min"": 17, ""n_cells"": 1112, ""n_donors"": 18}, ""B"": {""max"": 145, ""median"": 55.5, ""min"": 11, ""n_cells"": 1180, ""n_donors"": 18}}","{""A"": 426.5, ""B"": 669.5}",9075135300,"[""pooled:unresolved — no pool/library id in obs (D3 lower bound)""]","{""assay"": null, ""sequencing_depth_bin"": 0.0, ""suspension_type"": null, ""tissue_general"": null}",unresolved,34,pending,pending,pending,pending,pending,0.5,pending,candidate,[],{},0,[],[],False,"[""integer_check"", ""frozen_universe_size"", ""sigma_donor_estimate"", ""envelope_membership""]",2025-01-30,analysis_set,7,"Binvignat 2024, rheumatoid arthritis blood",subtle,18,"[30,100)","[30,100)"
d18736c3-6292-4379-919a-d6d973204c87,"central memory CD4-positive, alpha-beta T cell",CL:0000904,pending,rheumatoid arthritis,normal,18,18,21531,"{""A"": {""max"": 1058, ""median"": 556.5, ""min"": 176, ""n_cells"": 10400, ""n_donors"": 18}, ""B"": {""max"": 1669, ""median"": 573.5, ""min"": 133, ""n_cells"": 11131, ""n_donors"": 18}}","{""A"": 369.0, ""B"": 321.0}",9075135300,"[""sequencing_depth_bin:partial_confound_v=0.272"", ""pooled:unresolved — no pool/library id in obs (D3 lower bound)""]","{""assay"": null, ""sequencing_depth_bin"": 0.272, ""suspension_type"": null, ""tissue_general"": null}",unresolved,34,pending,pending,pending,pending,pending,0.5,pending,candidate,[],{},0,[],"[""sequencing_depth_bin""]",False,"[""integer_check"", ""frozen_universe_size"", ""sigma_donor_estimate"", ""envelope_membership""]",2025-01-30,analysis_set,7,"Binvignat 2024, rheumatoid arthritis blood",subtle,18,"[300,1000)","[300,1000)"
d18736c3-6292-4379-919a-d6d973204c87,classical monocyte,CL:0000860,pending,rheumatoid arthritis,normal,18,18,15391,"{""A"": {""max"": 1125, ""median"": 339.5, ""min"": 14, ""n_cells"": 7067, ""n_donors"": 18}, ""B"": {""max"": 1483, ""median"": 392.5, ""min"": 40, ""n_cells"": 8324, ""n_donors"": 18}}","{""A"": 548.0, ""B"": 520.0}",9075135300,"[""sequencing_depth_bin:partial_confound_v=0.136"", ""pooled:unresolved — no pool/library id in obs (D3 lower bound)""]","{""assay"": null, ""sequencing_depth_bin"": 0.136, ""suspension_type"": null, ""tissue_general"": null}",unresolved,34,pending,pending,pending,pending,pending,0.5,pending,candidate,[],{},0,[],"[""sequencing_depth_bin""]",False,"[""integer_check"", ""frozen_universe_size"", ""sigma_donor_estimate"", ""envelope_membership""]",2025-01-30,analysis_set,7,"Binvignat 2024, rheumatoid arthritis blood",subtle,18,"[300,1000)","[300,1000)"
d18736c3-6292-4379-919a-d6d973204c87,"effector memory CD4-positive, alpha-beta T cell",CL:0000905,pending,rheumatoid arthritis,normal,18,18,12531,"{""A"": {""max"": 883, ""median"": 262.5, ""min"": 66, ""n_cells"": 5656, ""n_donors"": 18}, ""B"": {""max"": 898, ""median"": 379.0, ""min"": 52, ""n_cells"": 6875, ""n_donors"": 18}}","{""A"": 367.0, ""B"": 389.0}",9075135300,"[""sequencing_depth_bin:partial_confound_v=0.136"", ""pooled:unresolved — no pool/library id in obs (D3 lower bound)""]","{""assay"": null, ""sequencing_depth_bin"": 0.136, ""suspension_type"": null, ""tissue_general"": null}",unresolved,34,pending,pending,pending,pending,pending,0.5,pending,candidate,[],{},0,[],"[""sequencing_depth_bin""]",False,"[""integer_check"", ""frozen_universe_size"", ""sigma_donor_estimate"", ""envelope_membership""]",2025-01-30,analysis_set,7,"Binvignat 2024, rheumatoid arthritis blood",subtle,18,"[100,300)","[300,1000)"
d18736c3-6292-4379-919a-d6d973204c87,"effector memory CD8-positive, alpha-beta T cell, terminally differentiated",CL:0001062,pending,rheumatoid arthritis,normal,17,18,2695,"{""A"": {""max"": 291, ""median"": 69.0, ""min"": 12, ""n_cells"": 1395, ""n_donors"": 17}, ""B"": {""max"": 176, ""median"": 60.5, ""min"": 18, ""n_cells"": 1300, ""n_donors"": 18}}","{""A"": 521.0, ""B"": 504.5}",4537567650,"[""sequencing_depth_bin:partial_confound_v=0.179"", ""pooled:unresolved — no pool/library id in obs (D3 lower bound)""]","{""assay"": null, ""sequencing_depth_bin"": 0.179, ""suspension_type"": null, ""tissue_general"": null}",unresolved,33,pending,pending,pending,pending,pending,0.5,pending,candidate,[],"{""RA03_1_C_F"": 7}",0,[],"[""sequencing_depth_bin""]",False,"[""integer_check"", ""frozen_universe_size"", ""sigma_donor_estimate"", ""envelope_membership""]",2025-01-30,analysis_set,7,"Binvignat 2024, rheumatoid arthritis blood",subtle,17,"[30,100)","[30,100)"
d18736c3-6292-4379-919a-d6d973204c87,gamma-delta T cell,CL:0000798,pending,rheumatoid arthritis,normal,18,17,1416,"{""A"": {""max"": 109, ""median"": 25.0, ""min"": 10, ""n_cells"": 717, ""n_donors"": 18}, ""B"": {""max"": 92, ""median"": 36.0, ""min"": 12, ""n_cells"": 699, ""n_donors"": 17}}","{""A"": 451.0, ""B"": 356.0}",4537567650,"[""sequencing_depth_bin:partial_confound_v=0.265"", ""pooled:unresolved — no pool/library id in obs (D3 lower bound)""]","{""assay"": null, ""sequencing_depth_bin"": 0.265, ""suspension_type"": null, ""tissue_general"": null}",unresolved,33,pending,pending,pending,pending,pending,0.5,pending,candidate,[],"{""Control18_1_C_F"": 8}",0,[],"[""sequencing_depth_bin""]",False,"[""integer_check"", ""frozen_universe_size"", ""sigma_donor_estimate"", ""envelope_membership""]",2025-01-30,analysis_set,7,"Binvignat 2024, rheumatoid arthritis blood",subtle,17,"[10,30)","[30,100)"
d18736c3-6292-4379-919a-d6d973204c87,memory B cell,CL:0000787,pending,rheumatoid arthritis,normal,18,18,6177,"{""A"": {""max"": 346, ""median"": 118.0, ""min"": 17, ""n_cells"": 2586, ""n_donors"": 18}, ""B"": {""max"": 540, ""median"": 143.0, ""min"": 10, ""n_cells"": 3591, ""n_donors"": 18}}","{""A"": 379.0, ""B"": 444.0}",9075135300,"[""sequencing_depth_bin:partial_confound_v=0.136"", ""pooled:unresolved — no pool/library id in obs (D3 lower bound)""]","{""assay"": null, ""sequencing_depth_bin"": 0.136, ""suspension_type"": null, ""tissue_general"": null}",unresolved,34,pending,pending,pending,pending,pending,0.5,pending,candidate,[],{},0,[],"[""sequencing_depth_bin""]",False,"[""integer_check"", ""frozen_universe_size"", ""sigma_donor_estimate"", ""envelope_membership""]",2025-01-30,analysis_set,7,"Binvignat 2024, rheumatoid arthritis blood",subtle,18,"[100,300)","[100,300)"
d18736c3-6292-4379-919a-d6d973204c87,myeloid dendritic cell,CL:0000782,pending,rheumatoid arthritis,normal,18,18,6047,"{""A"": {""max"": 597, ""median"": 86.5, ""min"": 29, ""n_cells"": 3029, ""n_donors"": 18}, ""B"": {""max"": 695, ""median"": 122.5, ""min"": 15, ""n_cells"": 3018, ""n_donors"": 18}}","{""A"": 803.0, ""B"": 724.0}",9075135300,"[""sequencing_depth_bin:partial_confound_v=0.136"", ""pooled:unresolved — no pool/library id in obs (D3 lower bound)""]","{""assay"": null, ""sequencing_depth_bin"": 0.136, ""suspension_type"": null, ""tissue_general"": null}",unresolved,34,pending,pending,pending,pending,pending,0.5,pending,candidate,[],{},0,[],"[""sequencing_depth_bin""]",False,"[""integer_check"", ""frozen_universe_size"", ""sigma_donor_estimate"", ""envelope_membership""]",2025-01-30,analysis_set,7,"Binvignat 2024, rheumatoid arthritis blood",subtle,18,"[30,100)","[100,300)"
d18736c3-6292-4379-919a-d6d973204c87,naive B cell,CL:0000788,pending,rheumatoid arthritis,normal,18,18,6760,"{""A"": {""max"": 391, ""median"": 104.0, ""min"": 11, ""n_cells"": 2623, ""n_donors"": 18}, ""B"": {""max"": 677, ""median"": 208.5, ""min"": 33, ""n_cells"": 4137, ""n_donors"": 18}}","{""A"": 417.0, ""B"": 346.0}",9075135300,"[""sequencing_depth_bin:partial_confound_v=0.236"", ""pooled:unresolved — no pool/library id in obs (D3 lower bound)""]","{""assay"": null, ""sequencing_depth_bin"": 0.236, ""suspension_type"": null, ""tissue_general"": null}",unresolved,34,pending,pending,pending,pending,pending,0.5,pending,candidate,[],{},0,[],"[""sequencing_depth_bin""]",False,"[""integer_check"", ""frozen_universe_size"", ""sigma_donor_estimate"", ""envelope_membership""]",2025-01-30,analysis_set,7,"Binvignat 2024, rheumatoid arthritis blood",subtle,18,"[100,300)","[100,300)"
d18736c3-6292-4379-919a-d6d973204c87,"naive thymus-derived CD4-positive, alpha-beta T cell",CL:0000895,pending,rheumatoid arthritis,normal,18,18,17043,"{""A"": {""max"": 1150, ""median"": 323.5, ""min"": 57, ""n_cells"": 7649, ""n_donors"": 18}, ""B"": {""max"": 1788, ""median"": 450.5, ""min"": 23, ""n_cells"": 9394, ""n_donors"": 18}}","{""A"": 403.0, ""B"": 284.0}",9075135300,"[""sequencing_depth_bin:partial_confound_v=0.236"", ""pooled:unresolved — no pool/library id in obs (D3 lower bound)""]","{""assay"": null, ""sequencing_depth_bin"": 0.236, ""suspension_type"": null, ""tissue_general"": null}",unresolved,34,pending,pending,pending,pending,pending,0.5,pending,candidate,[],{},0,[],"[""sequencing_depth_bin""]",False,"[""integer_check"", ""frozen_universe_size"", ""sigma_donor_estimate"", ""envelope_membership""]",2025-01-30,analysis_set,7,"Binvignat 2024, rheumatoid arthritis blood",subtle,18,"[300,1000)","[300,1000)"
d18736c3-6292-4379-919a-d6d973204c87,"naive thymus-derived CD8-positive, alpha-beta T cell",CL:0000900,pending,rheumatoid arthritis,normal,17,17,2871,"{""A"": {""max"": 185, ""median"": 34.0, ""min"": 10, ""n_cells"": 1020, ""n_donors"": 17}, ""B"": {""max"": 401, ""median"": 79.0, ""min"": 11, ""n_cells"": 1851, ""n_donors"": 17}}","{""A"": 360.0, ""B"": 764.0}",2333606220,"[""sequencing_depth_bin:partial_confound_v=0.147"", ""pooled:unresolved — no pool/library id in obs (D3 lower bound)""]","{""assay"": null, ""sequencing_depth_bin"": 0.147, ""suspension_type"": null, ""tissue_general"": null}",unresolved,32,pending,pending,pending,pending,pending,0.5,pending,candidate,[],"{""Control03_1_C_F"": 3, ""RA21_1_H_F"": 8}",0,[],"[""sequencing_depth_bin""]",False,"[""integer_check"", ""frozen_universe_size"", ""sigma_donor_estimate"", ""envelope_membership""]",2025-01-30,analysis_set,7,"Binvignat 2024, rheumatoid arthritis blood",subtle,17,"[30,100)","[30,100)"
d18736c3-6292-4379-919a-d6d973204c87,natural killer cell,CL:0000623,pending,rheumatoid arthritis,normal,18,18,9698,"{""A"": {""max"": 488, ""median"": 175.0, ""min"": 37, ""n_cells"": 3906, ""n_donors"": 18}, ""B"": {""max"": 892, ""median"": 324.5, ""min"": 53, ""n_cells"": 5792, ""n_donors"": 18}}","{""A"": 318.0, ""B"": 327.0}",9075135300,"[""sequencing_depth_bin:partial_confound_v=0.136"", ""pooled:unresolved — no pool/library id in obs (D3 lower bound)""]","{""assay"": null, ""sequencing_depth_bin"": 0.136, ""suspension_type"": null, ""tissue_general"": null}",unresolved,34,pending,pending,pending,pending,pending,0.5,pending,candidate,[],{},0,[],"[""sequencing_depth_bin""]",False,"[""integer_check"", ""frozen_universe_size"", ""sigma_donor_estimate"", ""envelope_membership""]",2025-01-30,analysis_set,7,"Binvignat 2024, rheumatoid arthritis blood",subtle,18,"[100,300)","[300,1000)"
d18736c3-6292-4379-919a-d6d973204c87,non-classical monocyte,CL:0000875,pending,rheumatoid arthritis,normal,12,15,2125,"{""A"": {""max"": 92, ""median"": 62.0, ""min"": 13, ""n_cells"": 685, ""n_donors"": 12}, ""B"": {""max"": 284, ""median"": 73.0, ""min"": 10, ""n_cells"": 1440, ""n_donors"": 15}}","{""A"": 536.0, ""B"": 496.0}",17383860,"[""sequencing_depth_bin:partial_confound_v=0.183"", ""pooled:unresolved — no pool/library id in obs (D3 lower bound)""]","{""assay"": null, ""sequencing_depth_bin"": 0.183, ""suspension_type"": null, ""tissue_general"": null}",unresolved,25,pending,pending,pending,pending,pending,0.35,pending,candidate,[],"{""Control01_1_A_M"": 5, ""Control03_1_C_F"": 4, ""Control18_1_C_F"": 8, ""RA04_1_C_F"": 6, ""RA16_1_C_M"": 8, ""RA17_1_C_F"": 6, ""RA18_1_C_F"": 2, ""RA21_1_H_F"": 1, ""RA22_1_C_F"": 6}",0,[],"[""sequencing_depth_bin""]",False,"[""integer_check"", ""frozen_universe_size"", ""sigma_donor_estimate"", ""envelope_membership""]",2025-01-30,analysis_set,7,"Binvignat 2024, rheumatoid arthritis blood",subtle,12,"[30,100)","[30,100)"
d18736c3-6292-4379-919a-d6d973204c87,plasmablast,CL:0000980,pending,rheumatoid arthritis,normal,15,18,1453,"{""A"": {""max"": 62, ""median"": 34.0, ""min"": 10, ""n_cells"": 486, ""n_donors"": 15}, ""B"": {""max"": 129, ""median"": 48.0, ""min"": 16, ""n_cells"": 967, ""n_donors"": 18}}","{""A"": 592.5, ""B"": 574.0}",1037158320,"[""sequencing_depth_bin:partial_confound_v=0.149"", ""pooled:unresolved — no pool/library id in obs (D3 lower bound)""]","{""assay"": null, ""sequencing_depth_bin"": 0.149, ""suspension_type"": null, ""tissue_general"": null}",unresolved,31,pending,pending,pending,pending,pending,0.5,pending,candidate,[],"{""RA16_1_C_M"": 7, ""RA20_1_C_F"": 7, ""RA21_1_H_F"": 6}",0,[],"[""sequencing_depth_bin""]",False,"[""integer_check"", ""frozen_universe_size"", ""sigma_donor_estimate"", ""envelope_membership""]",2025-01-30,analysis_set,7,"Binvignat 2024, rheumatoid arthritis blood",subtle,15,"[30,100)","[30,100)"
a12ccb9b-4fbe-457d-8590-ac78053259ef,B cell,CL:0000236,pending,acute kidney failure,normal,7,3,631,"{""A"": {""max"": 217, ""median"": 16.0, ""min"": 13, ""n_cells"": 355, ""n_donors"": 7}, ""B"": {""max"": 222, ""median"": 43.0, ""min"": 11, ""n_cells"": 276, ""n_donors"": 3}}","{""A"": 1799.0, ""B"": 998.5}",120,"[""sequencing_depth_bin:partial_confound_v=0.218"", ""pooled:unresolved — no pool/library id in obs (D3 lower bound)""]","{""assay"": null, ""sequencing_depth_bin"": 0.218, ""suspension_type"": null, ""tissue_general"": null}",unresolved,8,pending,pending,pending,pending,pending,,pending,candidate,[],"{""164-10"": 1, ""164-5"": 2, ""165-7"": 3, ""18-142"": 4, ""18-162"": 2, ""30-10044"": 2, ""32-10003"": 3, ""32-2"": 5, ""33-10005"": 4, ""33-10006"": 3, ""34-10184"": 7, ""34-10187"": 4, ""KRP446"": 2, ""KRP462"": 2}",0,[],"[""sequencing_depth_bin""]",False,"[""integer_check"", ""frozen_universe_size"", ""sigma_donor_estimate"", ""envelope_membership""]",2025-01-30,analysis_set,8,KPMP adult human kidney snRNA-seq v1.5,moderate,3,"[10,30)","[30,100)"
a12ccb9b-4fbe-457d-8590-ac78053259ef,T cell,CL:0000084,pending,acute kidney failure,normal,13,12,2150,"{""A"": {""max"": 286, ""median"": 53.0, ""min"": 16, ""n_cells"": 952, ""n_donors"": 13}, ""B"": {""max"": 492, ""median"": 38.0, ""min"": 10, ""n_cells"": 1198, ""n_donors"": 12}}","{""A"": 1353.0, ""B"": 1107.5}",5200300,"[""sequencing_depth_bin:partial_confound_v=0.242"", ""pooled:unresolved — no pool/library id in obs (D3 lower bound)""]","{""assay"": null, ""sequencing_depth_bin"": 0.242, ""suspension_type"": null, ""tissue_general"": null}",unresolved,23,pending,pending,pending,pending,pending,0.35,pending,candidate,[],"{""164-10"": 3, ""164-3"": 1, ""164-5"": 2, ""164-6"": 5, ""164-7"": 3, ""164-8"": 1, ""165-10"": 5, ""165-7"": 7, ""165-9"": 5, ""32-10333"": 1, ""34-10050"": 8, ""34-10187"": 5, ""3499"": 2, ""KRP461"": 3}",0,[],"[""sequencing_depth_bin""]",False,"[""integer_check"", ""frozen_universe_size"", ""sigma_donor_estimate"", ""envelope_membership""]",2025-01-30,analysis_set,8,KPMP adult human kidney snRNA-seq v1.5,moderate,12,"[30,100)","[30,100)"
a12ccb9b-4fbe-457d-8590-ac78053259ef,endothelial cell,CL:0000115,pending,acute kidney failure,normal,16,24,12836,"{""A"": {""max"": 562, ""median"": 238.5, ""min"": 45, ""n_cells"": 3974, ""n_donors"": 16}, ""B"": {""max"": 1201, ""median"": 264.0, ""min"": 39, ""n_cells"": 8862, ""n_donors"": 24}}","{""A"": 2431.0, ""B"": 3122.0}",62852101650,"[""sequencing_depth_bin:partial_confound_v=0.26"", ""pooled:unresolved — no pool/library id in obs (D3 lower bound)""]","{""assay"": null, ""sequencing_depth_bin"": 0.26, ""suspension_type"": null, ""tissue_general"": null}",unresolved,38,pending,pending,pending,pending,pending,0.5,pending,candidate,[],"{""163-5"": 3}",0,[],"[""sequencing_depth_bin""]",False,"[""integer_check"", ""frozen_universe_size"", ""sigma_donor_estimate"", ""envelope_membership""]",2025-01-30,analysis_set,8,KPMP adult human kidney snRNA-seq v1.5,moderate,16,"[100,300)","[100,300)"
a12ccb9b-4fbe-457d-8590-ac78053259ef,epithelial cell of proximal tubule,CL:0002306,pending,acute kidney failure,normal,16,24,53374,"{""A"": {""max"": 2648, ""median"": 1097.5, ""min"": 306, ""n_cells"": 19475, ""n_donors"": 16}, ""B"": {""max"": 5245, ""median"": 998.0, ""min"": 10, ""n_cells"": 33899, ""n_donors"": 24}}","{""A"": 3355.0, ""B"": 2646.0}",62852101650,"[""sequencing_depth_bin:partial_confound_v=0.278"", ""pooled:unresolved — no pool/library id in obs (D3 lower bound)""]","{""assay"": null, ""sequencing_depth_bin"": 0.278, ""suspension_type"": null, ""tissue_general"": null}",unresolved,38,pending,pending,pending,pending,pending,0.5,pending,candidate,[],{},0,[],"[""sequencing_depth_bin""]",False,"[""integer_check"", ""frozen_universe_size"", ""sigma_donor_estimate"", ""envelope_membership""]",2025-01-30,analysis_set,8,KPMP adult human kidney snRNA-seq v1.5,moderate,16,"[1000,3000)","[300,1000)"
a12ccb9b-4fbe-457d-8590-ac78053259ef,kidney collecting duct intercalated cell,CL:1001432,pending,acute kidney failure,normal,16,23,9673,"{""A"": {""max"": 543, ""median"": 107.5, ""min"": 20, ""n_cells"": 2374, ""n_donors"": 16}, ""B"": {""max"": 1791, ""median"": 236.0, ""min"": 28, ""n_cells"": 7299, ""n_donors"": 23}}","{""A"": 4379.0, ""B"": 4327.0}",37711260990,"[""sequencing_depth_bin:partial_confound_v=0.195"", ""pooled:unresolved — no pool/library id in obs (D3 lower bound)""]","{""assay"": null, ""sequencing_depth_bin"": 0.195, ""suspension_type"": null, ""tissue_general"": null}",unresolved,37,pending,pending,pending,pending,pending,0.5,pending,candidate,[],"{""163-5"": 4, ""163-6"": 4}",0,[],"[""sequencing_depth_bin""]",False,"[""integer_check"", ""frozen_universe_size"", ""sigma_donor_estimate"", ""envelope_membership""]",2025-01-30,analysis_set,8,KPMP adult human kidney snRNA-seq v1.5,moderate,16,"[100,300)","[100,300)"
a12ccb9b-4fbe-457d-8590-ac78053259ef,kidney collecting duct principal cell,CL:1001431,pending,acute kidney failure,normal,16,23,15361,"{""A"": {""max"": 300, ""median"": 128.5, ""min"": 21, ""n_cells"": 2485, ""n_donors"": 16}, ""B"": {""max"": 2824, ""median"": 311.0, ""min"": 39, ""n_cells"": 12876, ""n_donors"": 23}}","{""A"": 4851.0, ""B"": 6249.5}",37711260990,"[""sequencing_depth_bin:partial_confound_v=0.195"", ""pooled:unresolved — no pool/library id in obs (D3 lower bound)""]","{""assay"": null, ""sequencing_depth_bin"": 0.195, ""suspension_type"": null, ""tissue_general"": null}",unresolved,37,pending,pending,pending,pending,pending,0.5,pending,candidate,[],"{""163-5"": 6, ""163-6"": 9}",0,[],"[""sequencing_depth_bin""]",False,"[""integer_check"", ""frozen_universe_size"", ""sigma_donor_estimate"", ""envelope_membership""]",2025-01-30,analysis_set,8,KPMP adult human kidney snRNA-seq v1.5,moderate,16,"[100,300)","[300,1000)"
a12ccb9b-4fbe-457d-8590-ac78053259ef,kidney connecting tubule epithelial cell,CL:1000768,pending,acute kidney failure,normal,16,18,7124,"{""A"": {""max"": 542, ""median"": 78.5, ""min"": 18, ""n_cells"": 2462, ""n_donors"": 16}, ""B"": {""max"": 1248, ""median"": 190.0, ""min"": 18, ""n_cells"": 4662, ""n_donors"": 18}}","{""A"": 5523.5, ""B"": 4138.5}",2203961430,"[""sequencing_depth_bin:partial_confound_v=0.296"", ""pooled:unresolved — no pool/library id in obs (D3 lower bound)""]","{""assay"": null, ""sequencing_depth_bin"": 0.296, ""suspension_type"": null, ""tissue_general"": null}",unresolved,32,pending,pending,pending,pending,pending,0.5,pending,candidate,[],"{""163-6"": 2, ""165-9"": 3, ""3490"": 7, ""3499"": 9, ""3613"": 6}",0,[],"[""sequencing_depth_bin""]",False,"[""integer_check"", ""frozen_universe_size"", ""sigma_donor_estimate"", ""envelope_membership""]",2025-01-30,analysis_set,8,KPMP adult human kidney snRNA-seq v1.5,moderate,16,"[30,100)","[100,300)"
a12ccb9b-4fbe-457d-8590-ac78053259ef,kidney distal convoluted tubule epithelial cell,CL:1000849,pending,acute kidney failure,normal,15,19,8240,"{""A"": {""max"": 635, ""median"": 102.0, ""min"": 14, ""n_cells"": 2610, ""n_donors"": 15}, ""B"": {""max"": 963, ""median"": 306.0, ""min"": 15, ""n_cells"": 5630, ""n_donors"": 19}}","{""A"": 5418.5, ""B"": 4288.0}",1855967520,"[""sequencing_depth_bin:partial_confound_v=0.297"", ""pooled:unresolved — no pool/library id in obs (D3 lower bound)""]","{""assay"": null, ""sequencing_depth_bin"": 0.297, ""suspension_type"": null, ""tissue_general"": null}",unresolved,32,pending,pending,pending,pending,pending,0.5,pending,candidate,[],"{""163-6"": 8, ""165-10"": 1, ""34-10184"": 9, ""3490"": 1, ""3499"": 2}",0,[],"[""sequencing_depth_bin""]",False,"[""integer_check"", ""frozen_universe_size"", ""sigma_donor_estimate"", ""envelope_membership""]",2025-01-30,analysis_set,8,KPMP adult human kidney snRNA-seq v1.5,moderate,15,"[100,300)","[300,1000)"
a12ccb9b-4fbe-457d-8590-ac78053259ef,kidney interstitial alternatively activated macrophage,CL:1000695,pending,acute kidney failure,normal,13,14,1781,"{""A"": {""max"": 166, ""median"": 54.0, ""min"": 11, ""n_cells"": 755, ""n_donors"": 13}, ""B"": {""max"": 270, ""median"": 56.5, ""min"": 13, ""n_cells"": 1026, ""n_donors"": 14}}","{""A"": 1457.0, ""B"": 1509.5}",20058300,"[""sequencing_depth_bin:partial_confound_v=0.277"", ""pooled:unresolved — no pool/library id in obs (D3 lower bound)""]","{""assay"": null, ""sequencing_depth_bin"": 0.277, ""suspension_type"": null, ""tissue_general"": null}",unresolved,25,pending,pending,pending,pending,pending,0.5,pending,candidate,[],"{""163-6"": 1, ""164-1"": 2, ""164-10"": 5, ""164-3"": 7, ""164-5"": 3, ""164-6"": 7, ""164-7"": 1, ""164-8"": 3, ""165-7"": 3, ""165-9"": 8, ""32-10333"": 5, ""32-2"": 8, ""34-10050"": 9, ""KRP461"": 4}",0,[],"[""sequencing_depth_bin""]",False,"[""integer_check"", ""frozen_universe_size"", ""sigma_donor_estimate"", ""envelope_membership""]",2025-01-30,analysis_set,8,KPMP adult human kidney snRNA-seq v1.5,moderate,13,"[30,100)","[30,100)"
a12ccb9b-4fbe-457d-8590-ac78053259ef,kidney interstitial fibroblast,CL:1000692,pending,acute kidney failure,normal,16,24,13115,"{""A"": {""max"": 1041, ""median"": 251.5, ""min"": 41, ""n_cells"": 4851, ""n_donors"": 16}, ""B"": {""max"": 1948, ""median"": 118.5, ""min"": 13, ""n_cells"": 8264, ""n_donors"": 24}}","{""A"": 2556.0, ""B"": 3047.0}",62852101650,"[""sequencing_depth_bin:partial_confound_v=0.335"", ""pooled:unresolved — no pool/library id in obs (D3 lower bound)""]","{""assay"": null, ""sequencing_depth_bin"": 0.335, ""suspension_type"": null, ""tissue_general"": null}",unresolved,38,pending,pending,pending,pending,pending,0.5,pending,candidate,[],"{""KRP461"": 5}",0,[],"[""sequencing_depth_bin""]",False,"[""integer_check"", ""frozen_universe_size"", ""sigma_donor_estimate"", ""envelope_membership""]",2025-01-30,analysis_set,8,KPMP adult human kidney snRNA-seq v1.5,moderate,16,"[100,300)","[100,300)"
a12ccb9b-4fbe-457d-8590-ac78053259ef,kidney loop of Henle thick ascending limb epithelial cell,CL:1001106,pending,acute kidney failure,normal,16,23,29067,"{""A"": {""max"": 1695, ""median"": 312.0, ""min"": 73, ""n_cells"": 7382, ""n_donors"": 16}, ""B"": {""max"": 3981, ""median"": 581.0, ""min"": 41, ""n_cells"": 21685, ""n_donors"": 23}}","{""A"": 5077.5, ""B"": 5092.0}",37711260990,"[""sequencing_depth_bin:partial_confound_v=0.266"", ""pooled:unresolved — no pool/library id in obs (D3 lower bound)""]","{""assay"": null, ""sequencing_depth_bin"": 0.266, ""suspension_type"": null, ""tissue_general"": null}",unresolved,37,pending,pending,pending,pending,pending,0.5,pending,candidate,[],"{""163-5"": 7, ""163-6"": 7}",0,[],"[""sequencing_depth_bin""]",False,"[""integer_check"", ""frozen_universe_size"", ""sigma_donor_estimate"", ""envelope_membership""]",2025-01-30,analysis_set,8,KPMP adult human kidney snRNA-seq v1.5,moderate,16,"[300,1000)","[300,1000)"
a12ccb9b-4fbe-457d-8590-ac78053259ef,kidney loop of Henle thin descending limb epithelial cell,CL:1001111,pending,acute kidney failure,normal,3,14,7852,"{""A"": {""max"": 973, ""median"": 554.0, ""min"": 260, ""n_cells"": 1787, ""n_donors"": 3}, ""B"": {""max"": 1253, ""median"": 371.5, ""min"": 18, ""n_cells"": 6065, ""n_donors"": 14}}","{""A"": 6573.0, ""B"": 5016.0}",680,"[""sequencing_depth_bin:partial_confound_v=0.04"", ""pooled:unresolved — no pool/library id in obs (D3 lower bound)""]","{""assay"": null, ""sequencing_depth_bin"": 0.04, ""suspension_type"": null, ""tissue_general"": null}",unresolved,15,pending,pending,pending,pending,pending,,pending,candidate,[],"{""164-1"": 3, ""164-10"": 1, ""164-6"": 1, ""164-7"": 5, ""18-142"": 3, ""18-312"": 3, ""30-10018"": 9, ""30-10034"": 8, ""30-10631"": 8, ""30-10929"": 2, ""32-10034"": 2, ""33-10006"": 1, ""34-10209"": 5}",0,[],"[""sequencing_depth_bin""]",False,"[""integer_check"", ""frozen_universe_size"", ""sigma_donor_estimate"", ""envelope_membership""]",2025-01-30,analysis_set,8,KPMP adult human kidney snRNA-seq v1.5,moderate,3,"[300,1000)","[300,1000)"
a12ccb9b-4fbe-457d-8590-ac78053259ef,mature NK T cell,CL:0000814,pending,acute kidney failure,normal,9,6,348,"{""A"": {""max"": 35, ""median"": 23.0, ""min"": 12, ""n_cells"": 199, ""n_donors"": 9}, ""B"": {""max"": 50, ""median"": 22.5, ""min"": 11, ""n_cells"": 149, ""n_donors"": 6}}","{""A"": 1424.0, ""B"": 1207.0}",5005,"[""sequencing_depth_bin:near_confound_v=0.882"", ""pooled:unresolved — no pool/library id in obs (D3 lower bound)""]","{""assay"": null, ""sequencing_depth_bin"": 0.882, ""suspension_type"": null, ""tissue_general"": null}",unresolved,13,pending,pending,pending,pending,pending,0.2,pending,candidate,[],"{""163-6"": 2, ""164-10"": 1, ""164-3"": 2, ""164-6"": 2, ""165-10"": 1, ""165-9"": 2, ""18-162"": 7, ""32-10034"": 7, ""32-10205"": 9, ""32-10333"": 2, ""32-2"": 4, ""33-10005"": 1, ""34-10050"": 1, ""34-10187"": 2, ""3490"": 4, ""3504"": 1, ""3593"": 8, ""3613"": 2, ""KRP461"": 3}",0,[],"[""sequencing_depth_bin""]",False,"[""integer_check"", ""frozen_universe_size"", ""sigma_donor_estimate"", ""envelope_membership""]",2025-01-30,analysis_set,8,KPMP adult human kidney snRNA-seq v1.5,moderate,6,"[10,30)","[10,30)"
a12ccb9b-4fbe-457d-8590-ac78053259ef,mononuclear phagocyte,CL:0000113,pending,acute kidney failure,normal,14,10,1234,"{""A"": {""max"": 102, ""median"": 36.0, ""min"": 11, ""n_cells"": 587, ""n_donors"": 14}, ""B"": {""max"": 245, ""median"": 42.0, ""min"": 16, ""n_cells"": 647, ""n_donors"": 10}}","{""A"": 1737.0, ""B"": 1668.0}",1961256,"[""sequencing_depth_bin:partial_confound_v=0.239"", ""pooled:unresolved — no pool/library id in obs (D3 lower bound)""]","{""assay"": null, ""sequencing_depth_bin"": 0.239, ""suspension_type"": null, ""tissue_general"": null}",unresolved,22,pending,pending,pending,pending,pending,0.35,pending,candidate,[],"{""163-5"": 9, ""163-6"": 1, ""164-1"": 1, ""164-10"": 1, ""164-3"": 2, ""164-5"": 2, ""164-6"": 3, ""164-7"": 1, ""164-8"": 4, ""165-10"": 6, ""165-7"": 1, ""165-9"": 2, ""32-10333"": 5, ""34-10050"": 8, ""3499"": 6, ""3504"": 5, ""KRP461"": 2}",0,[],"[""sequencing_depth_bin""]",False,"[""integer_check"", ""frozen_universe_size"", ""sigma_donor_estimate"", ""envelope_membership""]",2025-01-30,analysis_set,8,KPMP adult human kidney snRNA-seq v1.5,moderate,10,"[30,100)","[30,100)"
a12ccb9b-4fbe-457d-8590-ac78053259ef,non-classical monocyte,CL:0000875,pending,acute kidney failure,normal,11,5,353,"{""A"": {""max"": 57, ""median"": 14.0, ""min"": 11, ""n_cells"": 234, ""n_donors"": 11}, ""B"": {""max"": 35, ""median"": 29.0, ""min"": 11, ""n_cells"": 119, ""n_donors"": 5}}","{""A"": 1217.5, ""B"": 2200.0}",4368,"[""sequencing_depth_bin:partial_confound_v=0.313"", ""pooled:unresolved — no pool/library id in obs (D3 lower bound)""]","{""assay"": null, ""sequencing_depth_bin"": 0.313, ""suspension_type"": null, ""tissue_general"": null}",unresolved,14,pending,pending,pending,pending,pending,0.2,pending,candidate,[],"{""163-6"": 1, ""164-1"": 1, ""164-10"": 1, ""164-3"": 5, ""164-5"": 1, ""164-6"": 5, ""164-8"": 1, ""165-7"": 1, ""165-9"": 2, ""18-162"": 9, ""32-10333"": 6, ""32-2"": 6, ""33-10005"": 8, ""34-10050"": 6, ""34-10187"": 2, ""3490"": 2, ""3499"": 1, ""3504"": 1, ""3593"": 7, ""3613"": 2, ""KRP446"": 1, ""KRP460"": 6, ""KRP461"": 2}",0,[],"[""sequencing_depth_bin""]",False,"[""integer_check"", ""frozen_universe_size"", ""sigma_donor_estimate"", ""envelope_membership""]",2025-01-30,analysis_set,8,KPMP adult human kidney snRNA-seq v1.5,moderate,5,"[10,30)","[10,30)"
a12ccb9b-4fbe-457d-8590-ac78053259ef,parietal epithelial cell,CL:1000452,pending,acute kidney failure,normal,14,16,1963,"{""A"": {""max"": 160, ""median"": 50.0, ""min"": 10, ""n_cells"": 874, ""n_donors"": 14}, ""B"": {""max"": 142, ""median"": 57.0, ""min"": 16, ""n_cells"": 1089, ""n_donors"": 16}}","{""A"": 2814.0, ""B"": 2449.0}",145422675,"[""sequencing_depth_bin:partial_confound_v=0.189"", ""pooled:unresolved — no pool/library id in obs (D3 lower bound)""]","{""assay"": null, ""sequencing_depth_bin"": 0.189, ""suspension_type"": null, ""tissue_general"": null}",unresolved,28,pending,pending,pending,pending,pending,0.5,pending,candidate,[],"{""163-6"": 1, ""165-10"": 3, ""32-2"": 4, ""34-10050"": 8, ""3490"": 2, ""3499"": 1, ""3504"": 8, ""3593"": 8, ""3613"": 1}",0,[],"[""sequencing_depth_bin""]",False,"[""integer_check"", ""frozen_universe_size"", ""sigma_donor_estimate"", ""envelope_membership""]",2025-01-30,analysis_set,8,KPMP adult human kidney snRNA-seq v1.5,moderate,14,"[30,100)","[30,100)"
a12ccb9b-4fbe-457d-8590-ac78053259ef,podocyte,CL:0000653,pending,acute kidney failure,normal,14,17,3731,"{""A"": {""max"": 246, ""median"": 62.0, ""min"": 14, ""n_cells"": 1236, ""n_donors"": 14}, ""B"": {""max"": 301, ""median"": 141.0, ""min"": 12, ""n_cells"": 2495, ""n_donors"": 17}}","{""A"": 3528.5, ""B"": 3552.0}",265182525,"[""sequencing_depth_bin:partial_confound_v=0.208"", ""pooled:unresolved — no pool/library id in obs (D3 lower bound)""]","{""assay"": null, ""sequencing_depth_bin"": 0.208, ""suspension_type"": null, ""tissue_general"": null}",unresolved,29,pending,pending,pending,pending,pending,0.5,pending,candidate,[],"{""163-6"": 4, ""165-10"": 2, ""165-9"": 5, ""32-2"": 2, ""34-10050"": 7, ""3490"": 5, ""KRP461"": 5}",0,[],"[""sequencing_depth_bin""]",False,"[""integer_check"", ""frozen_universe_size"", ""sigma_donor_estimate"", ""envelope_membership""]",2025-01-30,analysis_set,8,KPMP adult human kidney snRNA-seq v1.5,moderate,14,"[30,100)","[100,300)"
a12ccb9b-4fbe-457d-8590-ac78053259ef,renal interstitial pericyte,CL:1001318,pending,acute kidney failure,normal,15,22,3480,"{""A"": {""max"": 181, ""median"": 53.0, ""min"": 16, ""n_cells"": 1059, ""n_donors"": 15}, ""B"": {""max"": 410, ""median"": 82.0, ""min"": 15, ""n_cells"": 2421, ""n_donors"": 22}}","{""A"": 1712.0, ""B"": 2662.0}",9364199760,"[""sequencing_depth_bin:partial_confound_v=0.431"", ""pooled:unresolved — no pool/library id in obs (D3 lower bound)""]","{""assay"": null, ""sequencing_depth_bin"": 0.431, ""suspension_type"": null, ""tissue_general"": null}",unresolved,35,pending,pending,pending,pending,pending,0.5,pending,candidate,[],"{""163-5"": 1, ""164-8"": 6, ""32-2"": 1, ""KRP461"": 4}",0,[],"[""sequencing_depth_bin""]",False,"[""integer_check"", ""frozen_universe_size"", ""sigma_donor_estimate"", ""envelope_membership""]",2025-01-30,analysis_set,8,KPMP adult human kidney snRNA-seq v1.5,moderate,15,"[30,100)","[30,100)"
a12ccb9b-4fbe-457d-8590-ac78053259ef,B cell,CL:0000236,pending,chronic kidney disease,normal,9,3,499,"{""A"": {""max"": 51, ""median"": 22.0, ""min"": 12, ""n_cells"": 223, ""n_donors"": 9}, ""B"": {""max"": 222, ""median"": 43.0, ""min"": 11, ""n_cells"": 276, ""n_donors"": 3}}","{""A"": 1156.0, ""B"": 998.5}",220,"[""sequencing_depth_bin:partial_confound_v=0.471"", ""pooled:unresolved — no pool/library id in obs (D3 lower bound)""]","{""assay"": null, ""sequencing_depth_bin"": 0.471, ""suspension_type"": null, ""tissue_general"": null}",unresolved,10,pending,pending,pending,pending,pending,,pending,candidate,[],"{""164-10"": 1, ""164-5"": 2, ""165-7"": 3, ""18-142"": 4, ""18-162"": 2, ""27-10041"": 5, ""27-10043"": 5, ""27-10074"": 9, ""27-10089"": 5, ""28-10051"": 1, ""29-10011"": 4, ""29-10016"": 6, ""29-10277"": 5, ""29-10393"": 1, ""29-10400"": 8, ""31-10035"": 4, ""31-10061"": 8, ""31-10063"": 1, ""31-10081"": 8, ""31-10105"": 9, ""31-10177"": 2, ""31-10210"": 3, ""KRP446"": 2, ""KRP462"": 2}",0,[],"[""sequencing_depth_bin""]",False,"[""integer_check"", ""frozen_universe_size"", ""sigma_donor_estimate"", ""envelope_membership""]",2025-01-30,analysis_set,8,KPMP adult human kidney snRNA-seq v1.5,moderate,3,"[10,30)","[30,100)"
a12ccb9b-4fbe-457d-8590-ac78053259ef,T cell,CL:0000084,pending,chronic kidney disease,normal,26,12,2254,"{""A"": {""max"": 147, ""median"": 27.0, ""min"": 11, ""n_cells"": 1056, ""n_donors"": 26}, ""B"": {""max"": 492, ""median"": 38.0, ""min"": 10, ""n_cells"": 1198, ""n_donors"": 12}}","{""A"": 1215.5, ""B"": 1107.5}",2707475148,"[""sequencing_depth_bin:partial_confound_v=0.302"", ""pooled:unresolved — no pool/library id in obs (D3 lower bound)""]","{""assay"": null, ""sequencing_depth_bin"": 0.302, ""suspension_type"": null, ""tissue_general"": null}",unresolved,36,pending,pending,pending,pending,pending,0.35,pending,candidate,[],"{""164-10"": 3, ""164-3"": 1, ""164-5"": 2, ""164-6"": 5, ""164-7"": 3, ""164-8"": 1, ""165-10"": 5, ""165-7"": 7, ""165-9"": 5, ""27-10088"": 7, ""27-10104"": 1, ""28-10051"": 4, ""28-12178"": 2, ""29-10006"": 5, ""29-10013"": 7, ""29-10406"": 2, ""31-10105"": 4, ""31-10177"": 3, ""3499"": 2, ""KRP461"": 3}",0,[],"[""sequencing_depth_bin""]",False,"[""integer_check"", ""frozen_universe_size"", ""sigma_donor_estimate"", ""envelope_membership""]",2025-01-30,analysis_set,8,KPMP adult human kidney snRNA-seq v1.5,moderate,12,"[10,30)","[30,100)"
a12ccb9b-4fbe-457d-8590-ac78053259ef,endothelial cell,CL:0000115,pending,chronic kidney disease,normal,38,24,19896,"{""A"": {""max"": 925, ""median"": 273.5, ""min"": 14, ""n_cells"": 11034, ""n_donors"": 38}, ""B"": {""max"": 1201, ""median"": 264.0, ""min"": 39, ""n_cells"": 8862, ""n_donors"": 24}}","{""A"": 2181.0, ""B"": 3122.0}",96977332473382725,"[""sequencing_depth_bin:partial_confound_v=0.322"", ""pooled:unresolved — no pool/library id in obs (D3 lower bound)""]","{""assay"": null, ""sequencing_depth_bin"": 0.322, ""suspension_type"": null, ""tissue_general"": null}",unresolved,60,pending,pending,pending,pending,pending,0.7,pending,candidate,[],"{""163-5"": 3, ""28-12510"": 5}",0,[],"[""sequencing_depth_bin""]",False,"[""integer_check"", ""frozen_universe_size"", ""sigma_donor_estimate"", ""envelope_membership""]",2025-01-30,analysis_set,8,KPMP adult human kidney snRNA-seq v1.5,moderate,24,"[100,300)","[100,300)"
a12ccb9b-4fbe-457d-8590-ac78053259ef,epithelial cell of proximal tubule,CL:0002306,pending,chronic kidney disease,normal,38,24,68118,"{""A"": {""max"": 4094, ""median"": 690.5, ""min"": 13, ""n_cells"": 34219, ""n_donors"": 38}, ""B"": {""max"": 5245, ""median"": 998.0, ""min"": 10, ""n_cells"": 33899, ""n_donors"": 24}}","{""A"": 2074.0, ""B"": 2646.0}",96977332473382725,"[""sequencing_depth_bin:partial_confound_v=0.208"", ""pooled:unresolved — no pool/library id in obs (D3 lower bound)""]","{""assay"": null, ""sequencing_depth_bin"": 0.208, ""suspension_type"": null, ""tissue_general"": null}",unresolved,60,pending,pending,pending,pending,pending,0.7,pending,candidate,[],"{""29-10406"": 6}",0,[],"[""sequencing_depth_bin""]",False,"[""integer_check"", ""frozen_universe_size"", ""sigma_donor_estimate"", ""envelope_membership""]",2025-01-30,analysis_set,8,KPMP adult human kidney snRNA-seq v1.5,moderate,24,"[300,1000)","[300,1000)"
a12ccb9b-4fbe-457d-8590-ac78053259ef,kidney collecting duct intercalated cell,CL:1001432,pending,chronic kidney disease,normal,36,23,15314,"{""A"": {""max"": 780, ""median"": 197.0, ""min"": 21, ""n_cells"": 8015, ""n_donors"": 36}, ""B"": {""max"": 1791, ""median"": 236.0, ""min"": 28, ""n_cells"": 7299, ""n_donors"": 23}}","{""A"": 4063.0, ""B"": 4327.0}",14420954992868970,"[""sequencing_depth_bin:partial_confound_v=0.206"", ""pooled:unresolved — no pool/library id in obs (D3 lower bound)""]","{""assay"": null, ""sequencing_depth_bin"": 0.206, ""suspension_type"": null, ""tissue_general"": null}",unresolved,57,pending,pending,pending,pending,pending,0.7,pending,candidate,[],"{""163-5"": 4, ""163-6"": 4, ""28-12510"": 9, ""29-10401"": 8, ""31-10091"": 4}",0,[],"[""sequencing_depth_bin""]",False,"[""integer_check"", ""frozen_universe_size"", ""sigma_donor_estimate"", ""envelope_membership""]",2025-01-30,analysis_set,8,KPMP adult human kidney snRNA-seq v1.5,moderate,23,"[100,300)","[100,300)"
a12ccb9b-4fbe-457d-8590-ac78053259ef,kidney collecting duct principal cell,CL:1001431,pending,chronic kidney disease,normal,38,23,25045,"{""A"": {""max"": 1284, ""median"": 227.0, ""min"": 11, ""n_cells"": 12169, ""n_donors"": 38}, ""B"": {""max"": 2824, ""median"": 311.0, ""min"": 39, ""n_cells"": 12876, ""n_donors"": 23}}","{""A"": 4456.0, ""B"": 6249.5}",37539612570341700,"[""sequencing_depth_bin:partial_confound_v=0.292"", ""pooled:unresolved — no pool/library id in obs (D3 lower bound)""]","{""assay"": null, ""sequencing_depth_bin"": 0.292, ""suspension_type"": null, ""tissue_general"": null}",unresolved,59,pending,pending,pending,pending,pending,0.7,pending,candidate,[],"{""163-5"": 6, ""163-6"": 9, ""29-10006"": 7}",0,[],"[""sequencing_depth_bin""]",False,"[""integer_check"", ""frozen_universe_size"", ""sigma_donor_estimate"", ""envelope_membership""]",2025-01-30,analysis_set,8,KPMP adult human kidney snRNA-seq v1.5,moderate,23,"[100,300)","[300,1000)"
a12ccb9b-4fbe-457d-8590-ac78053259ef,kidney connecting tubule epithelial cell,CL:1000768,pending,chronic kidney disease,normal,32,18,8530,"{""A"": {""max"": 344, ""median"": 93.0, ""min"": 12, ""n_cells"": 3868, ""n_donors"": 32}, ""B"": {""max"": 1248, ""median"": 190.0, ""min"": 18, ""n_cells"": 4662, ""n_donors"": 18}}","{""A"": 4410.0, ""B"": 4138.5}",18053528883775,"[""sequencing_depth_bin:partial_confound_v=0.294"", ""pooled:unresolved — no pool/library id in obs (D3 lower bound)""]","{""assay"": null, ""sequencing_depth_bin"": 0.294, ""suspension_type"": null, ""tissue_general"": null}",unresolved,48,pending,pending,pending,pending,pending,0.5,pending,candidate,[],"{""163-6"": 2, ""165-9"": 3, ""28-12510"": 1, ""29-10393"": 2, ""29-10401"": 3, ""29-10406"": 2, ""31-10006"": 5, ""31-10091"": 4, ""3490"": 7, ""3499"": 9, ""3613"": 6}",0,[],"[""sequencing_depth_bin""]",False,"[""integer_check"", ""frozen_universe_size"", ""sigma_donor_estimate"", ""envelope_membership""]",2025-01-30,analysis_set,8,KPMP adult human kidney snRNA-seq v1.5,moderate,18,"[30,100)","[100,300)"
a12ccb9b-4fbe-457d-8590-ac78053259ef,kidney distal convoluted tubule epithelial cell,CL:1000849,pending,chronic kidney disease,normal,30,19,9296,"{""A"": {""max"": 382, ""median"": 102.0, ""min"": 14, ""n_cells"": 3666, ""n_donors"": 30}, ""B"": {""max"": 963, ""median"": 306.0, ""min"": 15, ""n_cells"": 5630, ""n_donors"": 19}}","{""A"": 4104.5, ""B"": 4288.0}",18851684897584,"[""sequencing_depth_bin:partial_confound_v=0.304"", ""pooled:unresolved — no pool/library id in obs (D3 lower bound)""]","{""assay"": null, ""sequencing_depth_bin"": 0.304, ""suspension_type"": null, ""tissue_general"": null}",unresolved,47,pending,pending,pending,pending,pending,0.5,pending,candidate,[],"{""163-6"": 8, ""165-10"": 1, ""28-12510"": 1, ""29-10393"": 1, ""29-10401"": 7, ""31-10000"": 1, ""31-10006"": 3, ""31-10091"": 1, ""31-10105"": 9, ""31-10210"": 3, ""3490"": 1, ""3499"": 2}",0,[],"[""sequencing_depth_bin""]",False,"[""integer_check"", ""frozen_universe_size"", ""sigma_donor_estimate"", ""envelope_membership""]",2025-01-30,analysis_set,8,KPMP adult human kidney snRNA-seq v1.5,moderate,19,"[100,300)","[300,1000)"
a12ccb9b-4fbe-457d-8590-ac78053259ef,kidney interstitial alternatively activated macrophage,CL:1000695,pending,chronic kidney disease,normal,28,14,2087,"{""A"": {""max"": 176, ""median"": 28.5, ""min"": 10, ""n_cells"": 1061, ""n_donors"": 28}, ""B"": {""max"": 270, ""median"": 56.5, ""min"": 13, ""n_cells"": 1026, ""n_donors"": 14}}","{""A"": 1316.0, ""B"": 1509.5}",52860229080,"[""sequencing_depth_bin:partial_confound_v=0.468"", ""pooled:unresolved — no pool/library id in obs (D3 lower bound)""]","{""assay"": null, ""sequencing_depth_bin"": 0.468, ""suspension_type"": null, ""tissue_general"": null}",unresolved,40,pending,pending,pending,pending,pending,0.5,pending,candidate,[],"{""163-6"": 1, ""164-1"": 2, ""164-10"": 5, ""164-3"": 7, ""164-5"": 3, ""164-6"": 7, ""164-7"": 1, ""164-8"": 3, ""165-7"": 3, ""165-9"": 8, ""27-10088"": 9, ""27-10104"": 4, ""28-12178"": 1, ""29-10006"": 2, ""29-10010"": 3, ""29-10013"": 7, ""31-10081"": 1, ""31-10091"": 1, ""31-10177"": 7, ""KRP461"": 4}",0,[],"[""sequencing_depth_bin""]",False,"[""integer_check"", ""frozen_universe_size"", ""sigma_donor_estimate"", ""envelope_membership""]",2025-01-30,analysis_set,8,KPMP adult human kidney snRNA-seq v1.5,moderate,14,"[10,30)","[30,100)"
a12ccb9b-4fbe-457d-8590-ac78053259ef,kidney interstitial fibroblast,CL:1000692,pending,chronic kidney disease,normal,37,24,16911,"{""A"": {""max"": 1090, ""median"": 213.0, ""min"": 11, ""n_cells"": 8647, ""n_donors"": 37}, ""B"": {""max"": 1948, ""median"": 118.5, ""min"": 13, ""n_cells"": 8264, ""n_donors"": 24}}","{""A"": 2228.0, ""B"": 3047.0}",59437719903041025,"[""sequencing_depth_bin:partial_confound_v=0.167"", ""pooled:unresolved — no pool/library id in obs (D3 lower bound)""]","{""assay"": null, ""sequencing_depth_bin"": 0.167, ""suspension_type"": null, ""tissue_general"": null}",unresolved,59,pending,pending,pending,pending,pending,0.7,pending,candidate,[],"{""28-12510"": 1, ""29-10401"": 1, ""KRP461"": 5}",0,[],"[""sequencing_depth_bin""]",False,"[""integer_check"", ""frozen_universe_size"", ""sigma_donor_estimate"", ""envelope_membership""]",2025-01-30,analysis_set,8,KPMP adult human kidney snRNA-seq v1.5,moderate,24,"[100,300)","[100,300)"
a12ccb9b-4fbe-457d-8590-ac78053259ef,kidney loop of Henle thick ascending limb epithelial cell,CL:1001106,pending,chronic kidney disease,normal,38,23,49775,"{""A"": {""max"": 3131, ""median"": 595.5, ""min"": 30, ""n_cells"": 28090, ""n_donors"": 38}, ""B"": {""max"": 3981, ""median"": 581.0, ""min"": 41, ""n_cells"": 21685, ""n_donors"": 23}}","{""A"": 3437.0, ""B"": 5092.0}",37539612570341700,"[""sequencing_depth_bin:partial_confound_v=0.36"", ""pooled:unresolved — no pool/library id in obs (D3 lower bound)""]","{""assay"": null, ""sequencing_depth_bin"": 0.36, ""suspension_type"": null, ""tissue_general"": null}",unresolved,59,pending,pending,pending,pending,pending,0.7,pending,candidate,[],"{""163-5"": 7, ""163-6"": 7, ""31-10091"": 4}",0,[],"[""sequencing_depth_bin""]",False,"[""integer_check"", ""frozen_universe_size"", ""sigma_donor_estimate"", ""envelope_membership""]",2025-01-30,analysis_set,8,KPMP adult human kidney snRNA-seq v1.5,moderate,23,"[300,1000)","[300,1000)"
a12ccb9b-4fbe-457d-8590-ac78053259ef,kidney loop of Henle thin ascending limb epithelial cell,CL:1001107,pending,chronic kidney disease,normal,5,9,3360,"{""A"": {""max"": 471, ""median"": 26.0, ""min"": 12, ""n_cells"": 637, ""n_donors"": 5}, ""B"": {""max"": 970, ""median"": 83.0, ""min"": 10, ""n_cells"": 2723, ""n_donors"": 9}}","{""A"": 5070.0, ""B"": 5098.0}",2002,"[""sequencing_depth_bin:partial_confound_v=0.72"", ""pooled:unresolved — no pool/library id in obs (D3 lower bound)""]","{""assay"": null, ""sequencing_depth_bin"": 0.72, ""suspension_type"": null, ""tissue_general"": null}",unresolved,12,pending,pending,pending,pending,pending,0.2,pending,candidate,[],"{""164-10"": 1, ""164-5"": 1, ""165-7"": 1, ""165-9"": 1, ""18-162"": 1, ""27-10094"": 2, ""29-10010"": 1, ""29-10012"": 3, ""31-10000"": 1, ""31-10001"": 3, ""31-10210"": 2, ""3490"": 8}",0,[],"[""sequencing_depth_bin""]",False,"[""integer_check"", ""frozen_universe_size"", ""sigma_donor_estimate"", ""envelope_membership""]",2025-01-30,analysis_set,8,KPMP adult human kidney snRNA-seq v1.5,moderate,5,"[10,30)","[30,100)"
a12ccb9b-4fbe-457d-8590-ac78053259ef,kidney loop of Henle thin descending limb epithelial cell,CL:1001111,pending,chronic kidney disease,normal,17,14,11954,"{""A"": {""max"": 1229, ""median"": 357.0, ""min"": 10, ""n_cells"": 5889, ""n_donors"": 17}, ""B"": {""max"": 1253, ""median"": 371.5, ""min"": 18, ""n_cells"": 6065, ""n_donors"": 14}}","{""A"": 2634.0, ""B"": 5016.0}",265182525,"[""sequencing_depth_bin:partial_confound_v=0.367"", ""pooled:unresolved — no pool/library id in obs (D3 lower bound)""]","{""assay"": null, ""sequencing_depth_bin"": 0.367, ""suspension_type"": null, ""tissue_general"": null}",unresolved,29,pending,pending,pending,pending,pending,0.5,pending,candidate,[],"{""164-1"": 3, ""164-10"": 1, ""164-6"": 1, ""164-7"": 5, ""18-142"": 3, ""18-312"": 3, ""27-10039"": 6, ""27-10041"": 1, ""27-10043"": 1, ""27-10089"": 2, ""28-10109"": 2, ""28-12178"": 1, ""28-12510"": 1, ""29-10010"": 2, ""29-10011"": 1, ""29-10012"": 7, ""29-10380"": 3, ""29-10400"": 3, ""29-10401"": 2, ""31-10105"": 2, ""31-10177"": 4}",0,[],"[""sequencing_depth_bin""]",False,"[""integer_check"", ""frozen_universe_size"", ""sigma_donor_estimate"", ""envelope_membership""]",2025-01-30,analysis_set,8,KPMP adult human kidney snRNA-seq v1.5,moderate,14,"[300,1000)","[300,1000)"
a12ccb9b-4fbe-457d-8590-ac78053259ef,mature NK T cell,CL:0000814,pending,chronic kidney disease,normal,7,6,244,"{""A"": {""max"": 25, ""median"": 11.0, ""min"": 10, ""n_cells"": 95, ""n_donors"": 7}, ""B"": {""max"": 50, ""median"": 22.5, ""min"": 11, ""n_cells"": 149, ""n_donors"": 6}}","{""A"": 1907.0, ""B"": 1207.0}",1716,"[""sequencing_depth_bin:near_confound_v=0.831"", ""pooled:unresolved — no pool/library id in obs (D3 lower bound)""]","{""assay"": null, ""sequencing_depth_bin"": 0.831, ""suspension_type"": null, ""tissue_general"": null}",unresolved,11,pending,pending,pending,pending,pending,0.2,pending,candidate,[],"{""163-6"": 2, ""164-10"": 1, ""164-3"": 2, ""164-6"": 2, ""165-10"": 1, ""165-9"": 2, ""18-162"": 7, ""27-10039"": 2, ""27-10041"": 8, ""27-10043"": 5, ""27-10088"": 2, ""27-10089"": 6, ""27-10094"": 5, ""27-10104"": 4, ""28-10051"": 7, ""28-12178"": 1, ""29-10008"": 4, ""29-10011"": 5, ""29-10012"": 8, ""29-10013"": 8, ""29-10276"": 6, ""29-10277"": 3, ""29-10280"": 2, ""29-10393"": 9, ""29-10401"": 1, ""29-10406"": 5, ""31-10001"": 9, ""31-10006"": 7, ""31-10013"": 9, ""31-10035"": 4, ""31-10061"": 3, ""31-10081"": 2, ""31-10177"": 3, ""31-10210"": 3, ""3490"": 4, ""3504"": 1, ""3593"": 8, ""3613"": 2, ""KRP461"": 3}",0,[],"[""sequencing_depth_bin""]",False,"[""integer_check"", ""frozen_universe_size"", ""sigma_donor_estimate"", ""envelope_membership""]",2025-01-30,analysis_set,8,KPMP adult human kidney snRNA-seq v1.5,moderate,6,"[10,30)","[10,30)"
a12ccb9b-4fbe-457d-8590-ac78053259ef,mononuclear phagocyte,CL:0000113,pending,chronic kidney disease,normal,23,10,1270,"{""A"": {""max"": 78, ""median"": 21.0, ""min"": 11, ""n_cells"": 623, ""n_donors"": 23}, ""B"": {""max"": 245, ""median"": 42.0, ""min"": 16, ""n_cells"": 647, ""n_donors"": 10}}","{""A"": 1623.0, ""B"": 1668.0}",92561040,"[""sequencing_depth_bin:partial_confound_v=0.247"", ""pooled:unresolved — no pool/library id in obs (D3 lower bound)""]","{""assay"": null, ""sequencing_depth_bin"": 0.247, ""suspension_type"": null, ""tissue_general"": null}",unresolved,31,pending,pending,pending,pending,pending,0.35,pending,candidate,[],"{""163-5"": 9, ""163-6"": 1, ""164-1"": 1, ""164-10"": 1, ""164-3"": 2, ""164-5"": 2, ""164-6"": 3, ""164-7"": 1, ""164-8"": 4, ""165-10"": 6, ""165-7"": 1, ""165-9"": 2, ""27-10088"": 2, ""27-10104"": 3, ""28-10051"": 3, ""28-12178"": 2, ""29-10013"": 9, ""29-10280"": 4, ""29-10380"": 8, ""29-10401"": 1, ""29-10406"": 2, ""31-10081"": 8, ""31-10177"": 4, ""31-10210"": 8, ""3499"": 6, ""3504"": 5, ""KRP461"": 2}",0,[],"[""sequencing_depth_bin""]",False,"[""integer_check"", ""frozen_universe_size"", ""sigma_donor_estimate"", ""envelope_membership""]",2025-01-30,analysis_set,8,KPMP adult human kidney snRNA-seq v1.5,moderate,10,"[10,30)","[30,100)"
a12ccb9b-4fbe-457d-8590-ac78053259ef,non-classical monocyte,CL:0000875,pending,chronic kidney disease,normal,11,5,258,"{""A"": {""max"": 20, ""median"": 11.0, ""min"": 10, ""n_cells"": 139, ""n_donors"": 11}, ""B"": {""max"": 35, ""median"": 29.0, ""min"": 11, ""n_cells"": 119, ""n_donors"": 5}}","{""A"": 1847.0, ""B"": 2200.0}",4368,"[""sequencing_depth_bin:partial_confound_v=0.174"", ""pooled:unresolved — no pool/library id in obs (D3 lower bound)""]","{""assay"": null, ""sequencing_depth_bin"": 0.174, ""suspension_type"": null, ""tissue_general"": null}",unresolved,14,pending,pending,pending,pending,pending,0.2,pending,candidate,[],"{""163-6"": 1, ""164-1"": 1, ""164-10"": 1, ""164-3"": 5, ""164-5"": 1, ""164-6"": 5, ""164-8"": 1, ""165-7"": 1, ""165-9"": 2, ""18-162"": 9, ""27-10039"": 8, ""27-10041"": 7, ""27-10088"": 6, ""27-10089"": 6, ""27-10094"": 5, ""27-10104"": 8, ""28-10051"": 5, ""28-12178"": 1, ""28-12510"": 6, ""29-10010"": 1, ""29-10011"": 9, ""29-10012"": 4, ""29-10013"": 7, ""29-10380"": 6, ""29-10393"": 6, ""29-10401"": 1, ""29-10406"": 4, ""31-10000"": 9, ""31-10006"": 8, ""31-10013"": 8, ""31-10035"": 5, ""31-10061"": 1, ""31-10081"": 4, ""31-10091"": 1, ""31-10105"": 2, ""31-10177"": 1, ""31-10210"": 7, ""3490"": 2, ""3499"": 1, ""3504"": 1, ""3593"": 7, ""3613"": 2, ""KRP446"": 1, ""KRP460"": 6, ""KRP461"": 2}",0,[],"[""sequencing_depth_bin""]",False,"[""integer_check"", ""frozen_universe_size"", ""sigma_donor_estimate"", ""envelope_membership""]",2025-01-30,analysis_set,8,KPMP adult human kidney snRNA-seq v1.5,moderate,5,"[10,30)","[10,30)"
a12ccb9b-4fbe-457d-8590-ac78053259ef,parietal epithelial cell,CL:1000452,pending,chronic kidney disease,normal,25,16,2306,"{""A"": {""max"": 192, ""median"": 32.0, ""min"": 10, ""n_cells"": 1217, ""n_donors"": 25}, ""B"": {""max"": 142, ""median"": 57.0, ""min"": 16, ""n_cells"": 1089, ""n_donors"": 16}}","{""A"": 2640.0, ""B"": 2449.0}",103077446706,"[""sequencing_depth_bin:partial_confound_v=0.182"", ""pooled:unresolved — no pool/library id in obs (D3 lower bound)""]","{""assay"": null, ""sequencing_depth_bin"": 0.182, ""suspension_type"": null, ""tissue_general"": null}",unresolved,39,pending,pending,pending,pending,pending,0.5,pending,candidate,[],"{""163-6"": 1, ""165-10"": 3, ""27-10094"": 3, ""28-12178"": 5, ""29-10006"": 4, ""29-10393"": 1, ""29-10401"": 3, ""29-10406"": 2, ""31-10000"": 7, ""31-10001"": 8, ""31-10091"": 8, ""31-10105"": 9, ""31-10210"": 7, ""3490"": 2, ""3499"": 1, ""3504"": 8, ""3593"": 8, ""3613"": 1}",0,[],"[""sequencing_depth_bin""]",False,"[""integer_check"", ""frozen_universe_size"", ""sigma_donor_estimate"", ""envelope_membership""]",2025-01-30,analysis_set,8,KPMP adult human kidney snRNA-seq v1.5,moderate,16,"[30,100)","[30,100)"
a12ccb9b-4fbe-457d-8590-ac78053259ef,podocyte,CL:0000653,pending,chronic kidney disease,normal,32,17,5102,"{""A"": {""max"": 192, ""median"": 80.5, ""min"": 12, ""n_cells"": 2607, ""n_donors"": 32}, ""B"": {""max"": 301, ""median"": 141.0, ""min"": 12, ""n_cells"": 2495, ""n_donors"": 17}}","{""A"": 2824.0, ""B"": 3552.0}",6499270398159,"[""sequencing_depth_bin:partial_confound_v=0.265"", ""pooled:unresolved — no pool/library id in obs (D3 lower bound)""]","{""assay"": null, ""sequencing_depth_bin"": 0.265, ""suspension_type"": null, ""tissue_general"": null}",unresolved,47,pending,pending,pending,pending,pending,0.5,pending,candidate,[],"{""163-6"": 4, ""165-10"": 2, ""165-9"": 5, ""28-12178"": 5, ""28-12510"": 1, ""29-10401"": 4, ""31-10006"": 1, ""31-10013"": 9, ""3490"": 5, ""KRP461"": 5}",0,[],"[""sequencing_depth_bin""]",False,"[""integer_check"", ""frozen_universe_size"", ""sigma_donor_estimate"", ""envelope_membership""]",2025-01-30,analysis_set,8,KPMP adult human kidney snRNA-seq v1.5,moderate,17,"[30,100)","[100,300)"
a12ccb9b-4fbe-457d-8590-ac78053259ef,renal interstitial pericyte,CL:1001318,pending,chronic kidney disease,normal,36,22,5397,"{""A"": {""max"": 308, ""median"": 66.5, ""min"": 13, ""n_cells"": 2976, ""n_donors"": 36}, ""B"": {""max"": 410, ""median"": 82.0, ""min"": 15, ""n_cells"": 2421, ""n_donors"": 22}}","{""A"": 1760.0, ""B"": 2662.0}",5621728217559090,"[""sequencing_depth_bin:partial_confound_v=0.426"", ""pooled:unresolved — no pool/library id in obs (D3 lower bound)""]","{""assay"": null, ""sequencing_depth_bin"": 0.426, ""suspension_type"": null, ""tissue_general"": null}",unresolved,56,pending,pending,pending,pending,pending,0.5,pending,candidate,[],"{""163-5"": 1, ""164-8"": 6, ""28-12510"": 1, ""29-10006"": 5, ""29-10401"": 2, ""KRP461"": 4}",0,[],"[""sequencing_depth_bin""]",False,"[""integer_check"", ""frozen_universe_size"", ""sigma_donor_estimate"", ""envelope_membership""]",2025-01-30,analysis_set,8,KPMP adult human kidney snRNA-seq v1.5,moderate,22,"[30,100)","[30,100)"
19e46756-9100-4e01-8b0e-23b557558a4c,B cell,CL:0000236,pending,clonal hematopoiesis,normal,17,7,3540,"{""A"": {""max"": 545, ""median"": 89.0, ""min"": 16, ""n_cells"": 2356, ""n_donors"": 17}, ""B"": {""max"": 519, ""median"": 143.0, ""min"": 42, ""n_cells"": 1184, ""n_donors"": 7}}","{""A"": 1735.5, ""B"": 2060.5}",346104,"[""sequencing_depth_bin:partial_confound_v=0.259"", ""pooled:unresolved — no pool/library id in obs (D3 lower bound)""]","{""assay"": null, ""sequencing_depth_bin"": 0.259, ""suspension_type"": null, ""tissue_general"": null}",unresolved,22,pending,pending,pending,pending,pending,0.2,pending,candidate,[],{},0,[],"[""sequencing_depth_bin""]",False,"[""integer_check"", ""frozen_universe_size"", ""sigma_donor_estimate"", ""envelope_membership""]",2025-01-30,analysis_set,9,"Heimlich 2024, clonal haematopoiesis PBMC",subtle,7,"[30,100)","[100,300)"
19e46756-9100-4e01-8b0e-23b557558a4c,CD14-positive monocyte,CL:0001054,pending,clonal hematopoiesis,normal,17,6,18604,"{""A"": {""max"": 2089, ""median"": 685.0, ""min"": 181, ""n_cells"": 15058, ""n_donors"": 17}, ""B"": {""max"": 867, ""median"": 568.5, ""min"": 278, ""n_cells"": 3546, ""n_donors"": 6}}","{""A"": 3332.0, ""B"": 3571.0}",100947,"[""sequencing_depth_bin:partial_confound_v=0.214"", ""pooled:unresolved — no pool/library id in obs (D3 lower bound)""]","{""assay"": null, ""sequencing_depth_bin"": 0.214, ""suspension_type"": null, ""tissue_general"": null}",unresolved,21,pending,pending,pending,pending,pending,0.2,pending,candidate,[],"{""CH-21-021"": 7}",0,[],"[""sequencing_depth_bin""]",False,"[""integer_check"", ""frozen_universe_size"", ""sigma_donor_estimate"", ""envelope_membership""]",2025-01-30,analysis_set,9,"Heimlich 2024, clonal haematopoiesis PBMC",subtle,6,"[300,1000)","[300,1000)"
19e46756-9100-4e01-8b0e-23b557558a4c,"CD16-positive, CD56-dim natural killer cell, human",CL:0000939,pending,clonal hematopoiesis,normal,15,6,913,"{""A"": {""max"": 210, ""median"": 46.0, ""min"": 10, ""n_cells"": 723, ""n_donors"": 15}, ""B"": {""max"": 62, ""median"": 28.0, ""min"": 11, ""n_cells"": 190, ""n_donors"": 6}}","{""A"": 4060.0, ""B"": 3422.0}",54264,"[""pooled:unresolved — no pool/library id in obs (D3 lower bound)""]","{""assay"": null, ""sequencing_depth_bin"": 0.0, ""suspension_type"": null, ""tissue_general"": null}",unresolved,19,pending,pending,pending,pending,pending,0.2,pending,candidate,[],"{""CH-21-014"": 4, ""CH-21-021"": 2, ""CH-21-037"": 1}",0,[],[],False,"[""integer_check"", ""frozen_universe_size"", ""sigma_donor_estimate"", ""envelope_membership""]",2025-01-30,analysis_set,9,"Heimlich 2024, clonal haematopoiesis PBMC",subtle,6,"[30,100)","[10,30)"
19e46756-9100-4e01-8b0e-23b557558a4c,"CD4-positive, alpha-beta T cell",CL:0000624,pending,clonal hematopoiesis,normal,17,7,19046,"{""A"": {""max"": 1417, ""median"": 667.0, ""min"": 120, ""n_cells"": 11407, ""n_donors"": 17}, ""B"": {""max"": 3931, ""median"": 598.0, ""min"": 208, ""n_cells"": 7639, ""n_donors"": 7}}","{""A"": 1735.0, ""B"": 2058.0}",346104,"[""sequencing_depth_bin:partial_confound_v=0.13"", ""pooled:unresolved — no pool/library id in obs (D3 lower bound)""]","{""assay"": null, ""sequencing_depth_bin"": 0.13, ""suspension_type"": null, ""tissue_general"": null}",unresolved,22,pending,pending,pending,pending,pending,0.2,pending,candidate,[],{},0,[],"[""sequencing_depth_bin""]",False,"[""integer_check"", ""frozen_universe_size"", ""sigma_donor_estimate"", ""envelope_membership""]",2025-01-30,analysis_set,9,"Heimlich 2024, clonal haematopoiesis PBMC",subtle,7,"[300,1000)","[300,1000)"
19e46756-9100-4e01-8b0e-23b557558a4c,"CD8-positive, alpha-beta T cell",CL:0000625,pending,clonal hematopoiesis,normal,17,7,14525,"{""A"": {""max"": 2388, ""median"": 476.0, ""min"": 59, ""n_cells"": 10342, ""n_donors"": 17}, ""B"": {""max"": 1378, ""median"": 373.0, ""min"": 73, ""n_cells"": 4183, ""n_donors"": 7}}","{""A"": 1767.0, ""B"": 1808.0}",346104,"[""sequencing_depth_bin:partial_confound_v=0.13"", ""pooled:unresolved — no pool/library id in obs (D3 lower bound)""]","{""assay"": null, ""sequencing_depth_bin"": 0.13, ""suspension_type"": null, ""tissue_general"": null}",unresolved,22,pending,pending,pending,pending,pending,0.2,pending,candidate,[],{},0,[],"[""sequencing_depth_bin""]",False,"[""integer_check"", ""frozen_universe_size"", ""sigma_donor_estimate"", ""envelope_membership""]",2025-01-30,analysis_set,9,"Heimlich 2024, clonal haematopoiesis PBMC",subtle,7,"[300,1000)","[300,1000)"
19e46756-9100-4e01-8b0e-23b557558a4c,natural killer cell,CL:0000623,pending,clonal hematopoiesis,normal,17,7,9014,"{""A"": {""max"": 812, ""median"": 358.0, ""min"": 115, ""n_cells"": 6485, ""n_donors"": 17}, ""B"": {""max"": 863, ""median"": 330.0, ""min"": 52, ""n_cells"": 2529, ""n_donors"": 7}}","{""A"": 1603.0, ""B"": 1771.0}",346104,"[""sequencing_depth_bin:partial_confound_v=0.259"", ""pooled:unresolved — no pool/library id in obs (D3 lower bound)""]","{""assay"": null, ""sequencing_depth_bin"": 0.259, ""suspension_type"": null, ""tissue_general"": null}",unresolved,22,pending,pending,pending,pending,pending,0.2,pending,candidate,[],{},0,[],"[""sequencing_depth_bin""]",False,"[""integer_check"", ""frozen_universe_size"", ""sigma_donor_estimate"", ""envelope_membership""]",2025-01-30,analysis_set,9,"Heimlich 2024, clonal haematopoiesis PBMC",subtle,7,"[300,1000)","[300,1000)"
19e46756-9100-4e01-8b0e-23b557558a4c,platelet,CL:0000233,pending,clonal hematopoiesis,normal,7,5,461,"{""A"": {""max"": 124, ""median"": 30.0, ""min"": 15, ""n_cells"": 303, ""n_donors"": 7}, ""B"": {""max"": 69, ""median"": 29.0, ""min"": 13, ""n_cells"": 158, ""n_donors"": 5}}","{""A"": 1040.0, ""B"": 1207.5}",792,"[""sequencing_depth_bin:partial_confound_v=0.239"", ""pooled:unresolved — no pool/library id in obs (D3 lower bound)""]","{""assay"": null, ""sequencing_depth_bin"": 0.239, ""suspension_type"": null, ""tissue_general"": null}",unresolved,10,pending,pending,pending,pending,pending,0.2,pending,candidate,[],"{""CH-20-001"": 5, ""CH-20-005"": 5, ""CH-21-002"": 3, ""CH-21-017"": 1, ""CH-21-021"": 1, ""CH-21-029"": 7, ""CH-21-036"": 4, ""CH-21-073"": 4, ""CH-21-074"": 3, ""CH-21-077"": 5, ""CH-21-079"": 6}",0,[],"[""sequencing_depth_bin""]",False,"[""integer_check"", ""frozen_universe_size"", ""sigma_donor_estimate"", ""envelope_membership""]",2025-01-30,analysis_set,9,"Heimlich 2024, clonal haematopoiesis PBMC",subtle,5,"[30,100)","[10,30)"
c893ddc3-f25b-45e2-8c9e-155918b4261c,astrocyte,CL:0000127,pending,opiate dependence,normal,6,6,8463,"{""A"": {""max"": 1357, ""median"": 684.5, ""min"": 216, ""n_cells"": 4248, ""n_donors"": 6}, ""B"": {""max"": 1612, ""median"": 624.0, ""min"": 237, ""n_cells"": 4215, ""n_donors"": 6}}","{""A"": 10919.5, ""B"": 12819.0}",924,"[""sequencing_depth_bin:partial_confound_v=0.408"", ""pooled:unresolved — no pool/library id in obs (D3 lower bound)""]","{""assay"": null, ""sequencing_depth_bin"": 0.408, ""suspension_type"": null, ""tissue_general"": null}",unresolved,10,pending,pending,pending,pending,pending,0.2,pending,candidate,[],{},0,[],"[""sequencing_depth_bin""]",False,"[""integer_check"", ""frozen_universe_size"", ""sigma_donor_estimate"", ""envelope_membership""]",2025-01-30,analysis_set,10,"Phan 2024, opioid use disorder striatum",subtle,6,"[300,1000)","[300,1000)"
c893ddc3-f25b-45e2-8c9e-155918b4261c,direct pathway medium spiny neuron,CL:4023026,pending,opiate dependence,normal,6,6,5385,"{""A"": {""max"": 759, ""median"": 520.5, ""min"": 376, ""n_cells"": 3287, ""n_donors"": 6}, ""B"": {""max"": 876, ""median"": 280.0, ""min"": 108, ""n_cells"": 2098, ""n_donors"": 6}}","{""A"": 45516.0, ""B"": 56841.5}",924,"[""sequencing_depth_bin:partial_confound_v=0.408"", ""pooled:unresolved — no pool/library id in obs (D3 lower bound)""]","{""assay"": null, ""sequencing_depth_bin"": 0.408, ""suspension_type"": null, ""tissue_general"": null}",unresolved,10,pending,pending,pending,pending,pending,0.2,pending,candidate,[],{},0,[],"[""sequencing_depth_bin""]",False,"[""integer_check"", ""frozen_universe_size"", ""sigma_donor_estimate"", ""envelope_membership""]",2025-01-30,analysis_set,10,"Phan 2024, opioid use disorder striatum",subtle,6,"[300,1000)","[100,300)"
c893ddc3-f25b-45e2-8c9e-155918b4261c,endothelial cell,CL:0000115,pending,opiate dependence,normal,6,5,575,"{""A"": {""max"": 143, ""median"": 32.0, ""min"": 14, ""n_cells"": 284, ""n_donors"": 6}, ""B"": {""max"": 93, ""median"": 74.0, ""min"": 16, ""n_cells"": 291, ""n_donors"": 5}}","{""A"": 4233.0, ""B"": 6939.0}",462,"[""sequencing_depth_bin:partial_confound_v=0.453"", ""pooled:unresolved — no pool/library id in obs (D3 lower bound)""]","{""assay"": null, ""sequencing_depth_bin"": 0.453, ""suspension_type"": null, ""tissue_general"": null}",unresolved,9,pending,pending,pending,pending,pending,0.2,pending,candidate,[],"{""LR_RM.612.M.W.60"": 6}",0,[],"[""sequencing_depth_bin""]",False,"[""integer_check"", ""frozen_universe_size"", ""sigma_donor_estimate"", ""envelope_membership""]",2025-01-30,analysis_set,10,"Phan 2024, opioid use disorder striatum",subtle,5,"[30,100)","[30,100)"
c893ddc3-f25b-45e2-8c9e-155918b4261c,indirect pathway medium spiny neuron,CL:4023029,pending,opiate dependence,normal,6,6,6172,"{""A"": {""max"": 930, ""median"": 602.0, ""min"": 421, ""n_cells"": 3771, ""n_donors"": 6}, ""B"": {""max"": 865, ""median"": 290.0, ""min"": 134, ""n_cells"": 2401, ""n_donors"": 6}}","{""A"": 41745.0, ""B"": 43479.0}",924,"[""sequencing_depth_bin:partial_confound_v=0.408"", ""pooled:unresolved — no pool/library id in obs (D3 lower bound)""]","{""assay"": null, ""sequencing_depth_bin"": 0.408, ""suspension_type"": null, ""tissue_general"": null}",unresolved,10,pending,pending,pending,pending,pending,0.2,pending,candidate,[],{},0,[],"[""sequencing_depth_bin""]",False,"[""integer_check"", ""frozen_universe_size"", ""sigma_donor_estimate"", ""envelope_membership""]",2025-01-30,analysis_set,10,"Phan 2024, opioid use disorder striatum",subtle,6,"[300,1000)","[100,300)"
c893ddc3-f25b-45e2-8c9e-155918b4261c,inhibitory interneuron,CL:0000498,pending,opiate dependence,normal,6,5,1161,"{""A"": {""max"": 187, ""median"": 109.0, ""min"": 82, ""n_cells"": 751, ""n_donors"": 6}, ""B"": {""max"": 161, ""median"": 66.0, ""min"": 16, ""n_cells"": 410, ""n_donors"": 5}}","{""A"": 24563.0, ""B"": 29888.5}",462,"[""sequencing_depth_bin:partial_confound_v=0.337"", ""pooled:unresolved — no pool/library id in obs (D3 lower bound)""]","{""assay"": null, ""sequencing_depth_bin"": 0.337, ""suspension_type"": null, ""tissue_general"": null}",unresolved,9,pending,pending,pending,pending,pending,0.2,pending,candidate,[],"{""LR_RM.612.M.W.60"": 6}",0,[],"[""sequencing_depth_bin""]",False,"[""integer_check"", ""frozen_universe_size"", ""sigma_donor_estimate"", ""envelope_membership""]",2025-01-30,analysis_set,10,"Phan 2024, opioid use disorder striatum",subtle,5,"[100,300)","[30,100)"
c893ddc3-f25b-45e2-8c9e-155918b4261c,medium spiny neuron,CL:1001474,pending,opiate dependence,normal,6,4,578,"{""A"": {""max"": 102, ""median"": 52.0, ""min"": 36, ""n_cells"": 379, ""n_donors"": 6}, ""B"": {""max"": 86, ""median"": 45.5, ""min"": 22, ""n_cells"": 199, ""n_donors"": 4}}","{""A"": 30750.0, ""B"": 42863.0}",210,"[""sequencing_depth_bin:partial_confound_v=0.667"", ""pooled:unresolved — no pool/library id in obs (D3 lower bound)""]","{""assay"": null, ""sequencing_depth_bin"": 0.667, ""suspension_type"": null, ""tissue_general"": null}",unresolved,8,pending,pending,pending,pending,pending,0.2,pending,candidate,[],"{""LR_RM.13151.F.W.55"": 9, ""LR_RM.612.M.W.60"": 6}",0,[],"[""sequencing_depth_bin""]",False,"[""integer_check"", ""frozen_universe_size"", ""sigma_donor_estimate"", ""envelope_membership""]",2025-01-30,analysis_set,10,"Phan 2024, opioid use disorder striatum",subtle,4,"[30,100)","[30,100)"
c893ddc3-f25b-45e2-8c9e-155918b4261c,microglial cell,CL:0000129,pending,opiate dependence,normal,6,6,6630,"{""A"": {""max"": 812, ""median"": 463.0, ""min"": 317, ""n_cells"": 3117, ""n_donors"": 6}, ""B"": {""max"": 1622, ""median"": 327.5, ""min"": 72, ""n_cells"": 3513, ""n_donors"": 6}}","{""A"": 4710.0, ""B"": 4914.0}",924,"[""sequencing_depth_bin:partial_confound_v=0.408"", ""pooled:unresolved — no pool/library id in obs (D3 lower bound)""]","{""assay"": null, ""sequencing_depth_bin"": 0.408, ""suspension_type"": null, ""tissue_general"": null}",unresolved,10,pending,pending,pending,pending,pending,0.2,pending,candidate,[],{},0,[],"[""sequencing_depth_bin""]",False,"[""integer_check"", ""frozen_universe_size"", ""sigma_donor_estimate"", ""envelope_membership""]",2025-01-30,analysis_set,10,"Phan 2024, opioid use disorder striatum",subtle,6,"[300,1000)","[300,1000)"
c893ddc3-f25b-45e2-8c9e-155918b4261c,mural cell,CL:0008034,pending,opiate dependence,normal,4,3,215,"{""A"": {""max"": 79, ""median"": 14.5, ""min"": 10, ""n_cells"": 118, ""n_donors"": 4}, ""B"": {""max"": 49, ""median"": 36.0, ""min"": 12, ""n_cells"": 97, ""n_donors"": 3}}","{""A"": 2916.5, ""B"": 3630.0}",35,"[""sequencing_depth_bin:partial_confound_v=0.782"", ""pooled:unresolved — no pool/library id in obs (D3 lower bound)""]","{""assay"": null, ""sequencing_depth_bin"": 0.782, ""suspension_type"": null, ""tissue_general"": null}",unresolved,5,pending,pending,pending,pending,pending,,pending,candidate,[],"{""LR_RM.1262.M.W.41"": 3, ""LR_RM.13151.F.W.55"": 5, ""LR_RM.13291.M.B.37"": 6, ""LR_RM.1572.F.W.35"": 7, ""LR_RM.612.M.W.60"": 7}",0,[],"[""sequencing_depth_bin""]",False,"[""integer_check"", ""frozen_universe_size"", ""sigma_donor_estimate"", ""envelope_membership""]",2025-01-30,analysis_set,10,"Phan 2024, opioid use disorder striatum",subtle,3,"[10,30)","[30,100)"
c893ddc3-f25b-45e2-8c9e-155918b4261c,oligodendrocyte,CL:0000128,pending,opiate dependence,normal,6,6,62982,"{""A"": {""max"": 8137, ""median"": 5872.0, ""min"": 4264, ""n_cells"": 35151, ""n_donors"": 6}, ""B"": {""max"": 9697, ""median"": 3000.5, ""min"": 1495, ""n_cells"": 27831, ""n_donors"": 6}}","{""A"": 6916.0, ""B"": 7999.0}",924,"[""sequencing_depth_bin:partial_confound_v=0.408"", ""pooled:unresolved — no pool/library id in obs (D3 lower bound)""]","{""assay"": null, ""sequencing_depth_bin"": 0.408, ""suspension_type"": null, ""tissue_general"": null}",unresolved,10,pending,pending,pending,pending,pending,0.2,pending,candidate,[],{},0,[],"[""sequencing_depth_bin""]",False,"[""integer_check"", ""frozen_universe_size"", ""sigma_donor_estimate"", ""envelope_membership""]",2025-01-30,analysis_set,10,"Phan 2024, opioid use disorder striatum",subtle,6,"[3000,inf)","[3000,inf)"
c893ddc3-f25b-45e2-8c9e-155918b4261c,oligodendrocyte precursor cell,CL:0002453,pending,opiate dependence,normal,6,6,6632,"{""A"": {""max"": 776, ""median"": 520.5, ""min"": 390, ""n_cells"": 3283, ""n_donors"": 6}, ""B"": {""max"": 1417, ""median"": 365.0, ""min"": 81, ""n_cells"": 3349, ""n_donors"": 6}}","{""A"": 10008.0, ""B"": 11465.0}",924,"[""sequencing_depth_bin:partial_confound_v=0.408"", ""pooled:unresolved — no pool/library id in obs (D3 lower bound)""]","{""assay"": null, ""sequencing_depth_bin"": 0.408, ""suspension_type"": null, ""tissue_general"": null}",unresolved,10,pending,pending,pending,pending,pending,0.2,pending,candidate,[],{},0,[],"[""sequencing_depth_bin""]",False,"[""integer_check"", ""frozen_universe_size"", ""sigma_donor_estimate"", ""envelope_membership""]",2025-01-30,analysis_set,10,"Phan 2024, opioid use disorder striatum",subtle,6,"[300,1000)","[300,1000)"
8e47ed12-c658-4252-b126-381df8d52a3d,B cell,CL:0000236,pending,Crohn disease,normal,4,6,2911,"{""A"": {""max"": 375, ""median"": 160.5, ""min"": 46, ""n_cells"": 742, ""n_donors"": 4}, ""B"": {""max"": 1366, ""median"": 158.0, ""min"": 10, ""n_cells"": 2169, ""n_donors"": 6}}","{""A"": 4445.5, ""B"": 4122.0}",210,"[""sequencing_depth_bin:partial_confound_v=0.363"", ""pooled:unresolved — no pool/library id in obs (D3 lower bound)""]","{""assay"": null, ""sequencing_depth_bin"": 0.363, ""suspension_type"": null, ""tissue_general"": null}",unresolved,8,pending,pending,pending,pending,pending,0.2,pending,candidate,[],"{""T189"": 9, ""T197"": 8, ""T203"": 1}",0,[],"[""sequencing_depth_bin""]",False,"[""integer_check"", ""frozen_universe_size"", ""sigma_donor_estimate"", ""envelope_membership""]",2025-01-30,analysis_set,11,"Elmentaite 2020, paediatric gut (Crohn)",subtle,4,"[100,300)","[100,300)"
8e47ed12-c658-4252-b126-381df8d52a3d,"CD4-positive, alpha-beta T cell",CL:0000624,pending,Crohn disease,normal,5,5,1254,"{""A"": {""max"": 456, ""median"": 110.0, ""min"": 13, ""n_cells"": 763, ""n_donors"": 5}, ""B"": {""max"": 171, ""median"": 73.0, ""min"": 56, ""n_cells"": 491, ""n_donors"": 5}}","{""A"": 3628.0, ""B"": 3235.0}",252,"[""sequencing_depth_bin:partial_confound_v=0.447"", ""pooled:unresolved — no pool/library id in obs (D3 lower bound)""]","{""assay"": null, ""sequencing_depth_bin"": 0.447, ""suspension_type"": null, ""tissue_general"": null}",unresolved,8,pending,pending,pending,pending,pending,0.2,pending,candidate,[],"{""T024"": 2, ""T189"": 1, ""T203"": 1}",0,[],"[""sequencing_depth_bin""]",False,"[""integer_check"", ""frozen_universe_size"", ""sigma_donor_estimate"", ""envelope_membership""]",2025-01-30,analysis_set,11,"Elmentaite 2020, paediatric gut (Crohn)",subtle,5,"[100,300)","[30,100)"
8e47ed12-c658-4252-b126-381df8d52a3d,"CD8-positive, alpha-beta T cell",CL:0000625,pending,Crohn disease,normal,3,5,326,"{""A"": {""max"": 77, ""median"": 18.0, ""min"": 18, ""n_cells"": 113, ""n_donors"": 3}, ""B"": {""max"": 77, ""median"": 34.0, ""min"": 11, ""n_cells"": 213, ""n_donors"": 5}}","{""A"": 3376.0, ""B"": 3100.0}",56,"[""sequencing_depth_bin:partial_confound_v=0.615"", ""pooled:unresolved — no pool/library id in obs (D3 lower bound)""]","{""assay"": null, ""sequencing_depth_bin"": 0.615, ""suspension_type"": null, ""tissue_general"": null}",unresolved,6,pending,pending,pending,pending,pending,,pending,candidate,[],"{""T017"": 1, ""T024"": 5, ""T160"": 5, ""T176"": 1, ""T203"": 2}",0,[],"[""sequencing_depth_bin""]",False,"[""integer_check"", ""frozen_universe_size"", ""sigma_donor_estimate"", ""envelope_membership""]",2025-01-30,analysis_set,11,"Elmentaite 2020, paediatric gut (Crohn)",subtle,3,"[10,30)","[30,100)"
8e47ed12-c658-4252-b126-381df8d52a3d,IgA plasma cell,CL:0000987,pending,Crohn disease,normal,7,6,1088,"{""A"": {""max"": 241, ""median"": 52.0, ""min"": 10, ""n_cells"": 679, ""n_donors"": 7}, ""B"": {""max"": 128, ""median"": 73.5, ""min"": 14, ""n_cells"": 409, ""n_donors"": 6}}","{""A"": 7923.0, ""B"": 8339.0}",1716,"[""sequencing_depth_bin:partial_confound_v=0.459"", ""pooled:unresolved — no pool/library id in obs (D3 lower bound)""]","{""assay"": null, ""sequencing_depth_bin"": 0.459, ""suspension_type"": null, ""tissue_general"": null}",unresolved,11,pending,pending,pending,pending,pending,0.2,pending,candidate,[],"{""T110POS"": 4, ""T161"": 8}",0,[],"[""sequencing_depth_bin""]",False,"[""integer_check"", ""frozen_universe_size"", ""sigma_donor_estimate"", ""envelope_membership""]",2025-01-30,analysis_set,11,"Elmentaite 2020, paediatric gut (Crohn)",subtle,6,"[30,100)","[30,100)"
8e47ed12-c658-4252-b126-381df8d52a3d,IgG plasma cell,CL:0000985,pending,Crohn disease,normal,7,5,1122,"{""A"": {""max"": 559, ""median"": 37.0, ""min"": 17, ""n_cells"": 941, ""n_donors"": 7}, ""B"": {""max"": 60, ""median"": 37.0, ""min"": 14, ""n_cells"": 181, ""n_donors"": 5}}","{""A"": 6716.0, ""B"": 10048.0}",792,"[""sequencing_depth_bin:partial_confound_v=0.239"", ""pooled:unresolved — no pool/library id in obs (D3 lower bound)""]","{""assay"": null, ""sequencing_depth_bin"": 0.239, ""suspension_type"": null, ""tissue_general"": null}",unresolved,10,pending,pending,pending,pending,pending,0.2,pending,candidate,[],"{""T024"": 1, ""T110POS"": 5, ""T44"": 9}",0,[],"[""sequencing_depth_bin""]",False,"[""integer_check"", ""frozen_universe_size"", ""sigma_donor_estimate"", ""envelope_membership""]",2025-01-30,analysis_set,11,"Elmentaite 2020, paediatric gut (Crohn)",subtle,5,"[30,100)","[30,100)"
8e47ed12-c658-4252-b126-381df8d52a3d,M cell of gut,CL:0000682,pending,Crohn disease,normal,4,5,227,"{""A"": {""max"": 35, ""median"": 28.5, ""min"": 10, ""n_cells"": 102, ""n_donors"": 4}, ""B"": {""max"": 54, ""median"": 15.0, ""min"": 13, ""n_cells"": 125, ""n_donors"": 5}}","{""A"": 7670.0, ""B"": 7958.0}",126,"[""sequencing_depth_bin:partial_confound_v=0.316"", ""pooled:unresolved — no pool/library id in obs (D3 lower bound)""]","{""assay"": null, ""sequencing_depth_bin"": 0.316, ""suspension_type"": null, ""tissue_general"": null}",unresolved,7,pending,pending,pending,pending,pending,0.2,pending,candidate,[],"{""T024"": 8, ""T057"": 4, ""T203"": 9, ""T44"": 1}",0,[],"[""sequencing_depth_bin""]",False,"[""integer_check"", ""frozen_universe_size"", ""sigma_donor_estimate"", ""envelope_membership""]",2025-01-30,analysis_set,11,"Elmentaite 2020, paediatric gut (Crohn)",subtle,4,"[10,30)","[10,30)"
8e47ed12-c658-4252-b126-381df8d52a3d,T follicular helper cell,CL:0002038,pending,Crohn disease,normal,4,3,213,"{""A"": {""max"": 26, ""median"": 20.0, ""min"": 12, ""n_cells"": 78, ""n_donors"": 4}, ""B"": {""max"": 106, ""median"": 18.0, ""min"": 11, ""n_cells"": 135, ""n_donors"": 3}}","{""A"": 4107.5, ""B"": 3069.0}",35,"[""sequencing_depth_bin:1 donor-unique level(s) set aside before screening; 2 level(s) group >= 2 donors and carry the test"", ""sequencing_depth_bin:partial_confound_v=0.333"", ""pooled:unresolved — no pool/library id in obs (D3 lower bound)""]","{""assay"": null, ""sequencing_depth_bin"": 0.333, ""suspension_type"": null, ""tissue_general"": null}",unresolved,5,pending,pending,pending,pending,pending,,pending,candidate,[],"{""T057"": 8, ""T182"": 7, ""T189"": 1, ""T197"": 1, ""T203"": 2}",0,[],"[""sequencing_depth_bin""]",False,"[""integer_check"", ""frozen_universe_size"", ""sigma_donor_estimate"", ""envelope_membership""]",2025-01-30,analysis_set,11,"Elmentaite 2020, paediatric gut (Crohn)",subtle,3,"[10,30)","[10,30)"
8e47ed12-c658-4252-b126-381df8d52a3d,"activated CD4-positive, alpha-beta T cell, human",CL:0001043,pending,Crohn disease,normal,6,5,288,"{""A"": {""max"": 46, ""median"": 20.5, ""min"": 11, ""n_cells"": 148, ""n_donors"": 6}, ""B"": {""max"": 65, ""median"": 23.0, ""min"": 10, ""n_cells"": 140, ""n_donors"": 5}}","{""A"": 4175.0, ""B"": 3626.5}",462,"[""sequencing_depth_bin:near_confound_v=0.851"", ""pooled:unresolved — no pool/library id in obs (D3 lower bound)""]","{""assay"": null, ""sequencing_depth_bin"": 0.851, ""suspension_type"": null, ""tissue_general"": null}",unresolved,9,pending,pending,pending,pending,pending,0.2,pending,candidate,[],"{""T024"": 1, ""T182"": 9, ""T203"": 3}",0,[],"[""sequencing_depth_bin""]",False,"[""integer_check"", ""frozen_universe_size"", ""sigma_donor_estimate"", ""envelope_membership""]",2025-01-30,analysis_set,11,"Elmentaite 2020, paediatric gut (Crohn)",subtle,5,"[10,30)","[10,30)"
8e47ed12-c658-4252-b126-381df8d52a3d,conventional dendritic cell,CL:0000990,pending,Crohn disease,normal,6,5,376,"{""A"": {""max"": 119, ""median"": 29.0, ""min"": 10, ""n_cells"": 261, ""n_donors"": 6}, ""B"": {""max"": 60, ""median"": 16.0, ""min"": 10, ""n_cells"": 115, ""n_donors"": 5}}","{""A"": 5470.0, ""B"": 7989.0}",462,"[""sequencing_depth_bin:near_confound_v=0.851"", ""pooled:unresolved — no pool/library id in obs (D3 lower bound)""]","{""assay"": null, ""sequencing_depth_bin"": 0.851, ""suspension_type"": null, ""tissue_general"": null}",unresolved,9,pending,pending,pending,pending,pending,0.2,pending,candidate,[],"{""T110POS"": 3, ""T161"": 7, ""T182"": 6, ""T189"": 6}",0,[],"[""sequencing_depth_bin""]",False,"[""integer_check"", ""frozen_universe_size"", ""sigma_donor_estimate"", ""envelope_membership""]",2025-01-30,analysis_set,11,"Elmentaite 2020, paediatric gut (Crohn)",subtle,5,"[10,30)","[10,30)"
8e47ed12-c658-4252-b126-381df8d52a3d,endothelial cell of artery,CL:1000413,pending,Crohn disease,normal,6,4,317,"{""A"": {""max"": 95, ""median"": 34.5, ""min"": 16, ""n_cells"": 238, ""n_donors"": 6}, ""B"": {""max"": 26, ""median"": 21.5, ""min"": 10, ""n_cells"": 79, ""n_donors"": 4}}","{""A"": 5276.5, ""B"": 4491.0}",210,"[""sequencing_depth_bin:partial_confound_v=0.64"", ""pooled:unresolved — no pool/library id in obs (D3 lower bound)""]","{""assay"": null, ""sequencing_depth_bin"": 0.64, ""suspension_type"": null, ""tissue_general"": null}",unresolved,8,pending,pending,pending,pending,pending,0.2,pending,candidate,[],"{""T019"": 7, ""T024"": 8, ""T110POS"": 8, ""T161"": 9, ""T44"": 6}",0,[],"[""sequencing_depth_bin""]",False,"[""integer_check"", ""frozen_universe_size"", ""sigma_donor_estimate"", ""envelope_membership""]",2025-01-30,analysis_set,11,"Elmentaite 2020, paediatric gut (Crohn)",subtle,4,"[30,100)","[10,30)"
8e47ed12-c658-4252-b126-381df8d52a3d,enterocyte,CL:0000584,pending,Crohn disease,normal,6,8,5060,"{""A"": {""max"": 963, ""median"": 190.0, ""min"": 17, ""n_cells"": 1757, ""n_donors"": 6}, ""B"": {""max"": 635, ""median"": 443.0, ""min"": 118, ""n_cells"": 3303, ""n_donors"": 8}}","{""A"": 5636.0, ""B"": 7265.0}",3003,"[""sequencing_depth_bin:partial_confound_v=0.285"", ""pooled:unresolved — no pool/library id in obs (D3 lower bound)""]","{""assay"": null, ""sequencing_depth_bin"": 0.285, ""suspension_type"": null, ""tissue_general"": null}",unresolved,12,pending,pending,pending,pending,pending,0.2,pending,candidate,[],"{""T189"": 8}",0,[],"[""sequencing_depth_bin""]",False,"[""integer_check"", ""frozen_universe_size"", ""sigma_donor_estimate"", ""envelope_membership""]",2025-01-30,analysis_set,11,"Elmentaite 2020, paediatric gut (Crohn)",subtle,6,"[100,300)","[300,1000)"
8e47ed12-c658-4252-b126-381df8d52a3d,fibroblast,CL:0000057,pending,Crohn disease,normal,7,7,2558,"{""A"": {""max"": 659, ""median"": 178.0, ""min"": 22, ""n_cells"": 1638, ""n_donors"": 7}, ""B"": {""max"": 292, ""median"": 111.0, ""min"": 28, ""n_cells"": 920, ""n_donors"": 7}}","{""A"": 4817.5, ""B"": 4506.0}",3432,"[""sequencing_depth_bin:partial_confound_v=0.655"", ""pooled:unresolved — no pool/library id in obs (D3 lower bound)""]","{""assay"": null, ""sequencing_depth_bin"": 0.655, ""suspension_type"": null, ""tissue_general"": null}",unresolved,12,pending,pending,pending,pending,pending,0.2,pending,candidate,[],"{""T110POS"": 7}",0,[],"[""sequencing_depth_bin""]",False,"[""integer_check"", ""frozen_universe_size"", ""sigma_donor_estimate"", ""envelope_membership""]",2025-01-30,analysis_set,11,"Elmentaite 2020, paediatric gut (Crohn)",subtle,7,"[100,300)","[100,300)"
8e47ed12-c658-4252-b126-381df8d52a3d,gamma-delta T cell,CL:0000798,pending,Crohn disease,normal,3,6,471,"{""A"": {""max"": 51, ""median"": 41.0, ""min"": 25, ""n_cells"": 117, ""n_donors"": 3}, ""B"": {""max"": 98, ""median"": 49.0, ""min"": 26, ""n_cells"": 354, ""n_donors"": 6}}","{""A"": 3812.0, ""B"": 3436.5}",84,"[""sequencing_depth_bin:partial_confound_v=0.577"", ""pooled:unresolved — no pool/library id in obs (D3 lower bound)""]","{""assay"": null, ""sequencing_depth_bin"": 0.577, ""suspension_type"": null, ""tissue_general"": null}",unresolved,7,pending,pending,pending,pending,pending,,pending,candidate,[],"{""T017"": 2, ""T024"": 2, ""T176"": 9, ""T189"": 4, ""T203"": 2}",0,[],"[""sequencing_depth_bin""]",False,"[""integer_check"", ""frozen_universe_size"", ""sigma_donor_estimate"", ""envelope_membership""]",2025-01-30,analysis_set,11,"Elmentaite 2020, paediatric gut (Crohn)",subtle,3,"[30,100)","[30,100)"
8e47ed12-c658-4252-b126-381df8d52a3d,glial cell,CL:0000125,pending,Crohn disease,normal,6,6,420,"{""A"": {""max"": 51, ""median"": 24.0, ""min"": 12, ""n_cells"": 166, ""n_donors"": 6}, ""B"": {""max"": 75, ""median"": 44.5, ""min"": 14, ""n_cells"": 254, ""n_donors"": 6}}","{""A"": 5832.0, ""B"": 7369.5}",924,"[""sequencing_depth_bin:partial_confound_v=0.408"", ""pooled:unresolved — no pool/library id in obs (D3 lower bound)""]","{""assay"": null, ""sequencing_depth_bin"": 0.408, ""suspension_type"": null, ""tissue_general"": null}",unresolved,10,pending,pending,pending,pending,pending,0.2,pending,candidate,[],"{""T017"": 2, ""T036"": 9, ""T161"": 7}",0,[],"[""sequencing_depth_bin""]",False,"[""integer_check"", ""frozen_universe_size"", ""sigma_donor_estimate"", ""envelope_membership""]",2025-01-30,analysis_set,11,"Elmentaite 2020, paediatric gut (Crohn)",subtle,6,"[10,30)","[30,100)"
8e47ed12-c658-4252-b126-381df8d52a3d,intestinal crypt stem cell,CL:0002250,pending,Crohn disease,normal,7,8,1190,"{""A"": {""max"": 112, ""median"": 88.0, ""min"": 46, ""n_cells"": 561, ""n_donors"": 7}, ""B"": {""max"": 224, ""median"": 47.0, ""min"": 22, ""n_cells"": 629, ""n_donors"": 8}}","{""A"": 10266.0, ""B"": 10380.0}",6435,"[""sequencing_depth_bin:partial_confound_v=0.189"", ""pooled:unresolved — no pool/library id in obs (D3 lower bound)""]","{""assay"": null, ""sequencing_depth_bin"": 0.189, ""suspension_type"": null, ""tissue_general"": null}",unresolved,13,pending,pending,pending,pending,pending,0.2,pending,candidate,[],{},0,[],"[""sequencing_depth_bin""]",False,"[""integer_check"", ""frozen_universe_size"", ""sigma_donor_estimate"", ""envelope_membership""]",2025-01-30,analysis_set,11,"Elmentaite 2020, paediatric gut (Crohn)",subtle,7,"[30,100)","[30,100)"
8e47ed12-c658-4252-b126-381df8d52a3d,intestine goblet cell,CL:0019031,pending,Crohn disease,normal,7,8,1049,"{""A"": {""max"": 190, ""median"": 68.0, ""min"": 49, ""n_cells"": 633, ""n_donors"": 7}, ""B"": {""max"": 97, ""median"": 41.5, ""min"": 13, ""n_cells"": 416, ""n_donors"": 8}}","{""A"": 5540.0, ""B"": 5032.0}",6435,"[""sequencing_depth_bin:partial_confound_v=0.5"", ""pooled:unresolved — no pool/library id in obs (D3 lower bound)""]","{""assay"": null, ""sequencing_depth_bin"": 0.5, ""suspension_type"": null, ""tissue_general"": null}",unresolved,13,pending,pending,pending,pending,pending,0.2,pending,candidate,[],{},0,[],"[""sequencing_depth_bin""]",False,"[""integer_check"", ""frozen_universe_size"", ""sigma_donor_estimate"", ""envelope_membership""]",2025-01-30,analysis_set,11,"Elmentaite 2020, paediatric gut (Crohn)",subtle,7,"[30,100)","[30,100)"
8e47ed12-c658-4252-b126-381df8d52a3d,memory B cell,CL:0000787,pending,Crohn disease,normal,5,5,1032,"{""A"": {""max"": 122, ""median"": 79.0, ""min"": 28, ""n_cells"": 373, ""n_donors"": 5}, ""B"": {""max"": 233, ""median"": 108.0, ""min"": 56, ""n_cells"": 659, ""n_donors"": 5}}","{""A"": 4072.0, ""B"": 3473.0}",252,"[""sequencing_depth_bin:partial_confound_v=0.408"", ""pooled:unresolved — no pool/library id in obs (D3 lower bound)""]","{""assay"": null, ""sequencing_depth_bin"": 0.408, ""suspension_type"": null, ""tissue_general"": null}",unresolved,8,pending,pending,pending,pending,pending,0.2,pending,candidate,[],"{""T024"": 3, ""T189"": 1, ""T203"": 1, ""T44"": 3}",0,[],"[""sequencing_depth_bin""]",False,"[""integer_check"", ""frozen_universe_size"", ""sigma_donor_estimate"", ""envelope_membership""]",2025-01-30,analysis_set,11,"Elmentaite 2020, paediatric gut (Crohn)",subtle,5,"[30,100)","[100,300)"
8e47ed12-c658-4252-b126-381df8d52a3d,transit amplifying cell,CL:0009010,pending,Crohn disease,normal,7,6,583,"{""A"": {""max"": 100, ""median"": 65.0, ""min"": 18, ""n_cells"": 406, ""n_donors"": 7}, ""B"": {""max"": 77, ""median"": 22.0, ""min"": 14, ""n_cells"": 177, ""n_donors"": 6}}","{""A"": 15215.0, ""B"": 17536.0}",1716,"[""sequencing_depth_bin:partial_confound_v=0.225"", ""pooled:unresolved — no pool/library id in obs (D3 lower bound)""]","{""assay"": null, ""sequencing_depth_bin"": 0.225, ""suspension_type"": null, ""tissue_general"": null}",unresolved,11,pending,pending,pending,pending,pending,0.2,pending,candidate,[],"{""T036"": 9, ""T161"": 8}",0,[],"[""sequencing_depth_bin""]",False,"[""integer_check"", ""frozen_universe_size"", ""sigma_donor_estimate"", ""envelope_membership""]",2025-01-30,analysis_set,11,"Elmentaite 2020, paediatric gut (Crohn)",subtle,6,"[30,100)","[10,30)"
4b6af54a-4a21-46e0-bc8d-673c0561a836,ciliated cell,CL:0000064,pending,pulmonary emphysema,normal,3,3,117,"{""A"": {""max"": 19, ""median"": 18.0, ""min"": 13, ""n_cells"": 50, ""n_donors"": 3}, ""B"": {""max"": 37, ""median"": 19.0, ""min"": 11, ""n_cells"": 67, ""n_donors"": 3}}","{""A"": 15361.0, ""B"": 14230.0}",20,"[""pooled:unresolved — no pool/library id in obs (D3 lower bound)""]","{""assay"": null, ""sequencing_depth_bin"": 0.0, ""suspension_type"": null, ""tissue_general"": null}",unresolved,4,pending,pending,pending,pending,pending,,pending,candidate,[],{},0,[],[],False,"[""integer_check"", ""frozen_universe_size"", ""sigma_donor_estimate"", ""envelope_membership""]",2025-01-30,analysis_set,12,"Wang 2023, emphysema non-immune (3v3 anchor)",moderate,3,"[10,30)","[10,30)"
4b6af54a-4a21-46e0-bc8d-673c0561a836,endothelial cell,CL:0000115,pending,pulmonary emphysema,normal,3,3,5874,"{""A"": {""max"": 1176, ""median"": 915.0, ""min"": 380, ""n_cells"": 2471, ""n_donors"": 3}, ""B"": {""max"": 1593, ""median"": 1499.0, ""min"": 311, ""n_cells"": 3403, ""n_donors"": 3}}","{""A"": 5436.0, ""B"": 4726.0}",20,"[""pooled:unresolved — no pool/library id in obs (D3 lower bound)""]","{""assay"": null, ""sequencing_depth_bin"": 0.0, ""suspension_type"": null, ""tissue_general"": null}",unresolved,4,pending,pending,pending,pending,pending,,pending,candidate,[],{},0,[],[],False,"[""integer_check"", ""frozen_universe_size"", ""sigma_donor_estimate"", ""envelope_membership""]",2025-01-30,analysis_set,12,"Wang 2023, emphysema non-immune (3v3 anchor)",moderate,3,"[300,1000)","[1000,3000)"
4b6af54a-4a21-46e0-bc8d-673c0561a836,endothelial cell of lymphatic vessel,CL:0002138,pending,pulmonary emphysema,normal,3,3,730,"{""A"": {""max"": 153, ""median"": 148.0, ""min"": 92, ""n_cells"": 393, ""n_donors"": 3}, ""B"": {""max"": 159, ""median"": 97.0, ""min"": 81, ""n_cells"": 337, ""n_donors"": 3}}","{""A"": 7900.0, ""B"": 6749.0}",20,"[""sequencing_depth_bin:near_confound_v=0.816"", ""pooled:unresolved — no pool/library id in obs (D3 lower bound)""]","{""assay"": null, ""sequencing_depth_bin"": 0.816, ""suspension_type"": null, ""tissue_general"": null}",unresolved,4,pending,pending,pending,pending,pending,,pending,candidate,[],{},0,[],"[""sequencing_depth_bin""]",False,"[""integer_check"", ""frozen_universe_size"", ""sigma_donor_estimate"", ""envelope_membership""]",2025-01-30,analysis_set,12,"Wang 2023, emphysema non-immune (3v3 anchor)",moderate,3,"[100,300)","[30,100)"
4b6af54a-4a21-46e0-bc8d-673c0561a836,epithelial cell of lower respiratory tract,CL:0002632,pending,pulmonary emphysema,normal,3,3,710,"{""A"": {""max"": 130, ""median"": 33.0, ""min"": 30, ""n_cells"": 193, ""n_donors"": 3}, ""B"": {""max"": 287, ""median"": 185.0, ""min"": 45, ""n_cells"": 517, ""n_donors"": 3}}","{""A"": 16425.0, ""B"": 12844.0}",20,"[""pooled:unresolved — no pool/library id in obs (D3 lower bound)""]","{""assay"": null, ""sequencing_depth_bin"": 0.0, ""suspension_type"": null, ""tissue_general"": null}",unresolved,4,pending,pending,pending,pending,pending,,pending,candidate,[],{},0,[],[],False,"[""integer_check"", ""frozen_universe_size"", ""sigma_donor_estimate"", ""envelope_membership""]",2025-01-30,analysis_set,12,"Wang 2023, emphysema non-immune (3v3 anchor)",moderate,3,"[30,100)","[100,300)"
4b6af54a-4a21-46e0-bc8d-673c0561a836,fibroblast,CL:0000057,pending,pulmonary emphysema,normal,3,3,5415,"{""A"": {""max"": 1414, ""median"": 1080.0, ""min"": 634, ""n_cells"": 3128, ""n_donors"": 3}, ""B"": {""max"": 1354, ""median"": 627.0, ""min"": 306, ""n_cells"": 2287, ""n_donors"": 3}}","{""A"": 9573.0, ""B"": 7730.0}",20,"[""pooled:unresolved — no pool/library id in obs (D3 lower bound)""]","{""assay"": null, ""sequencing_depth_bin"": 0.0, ""suspension_type"": null, ""tissue_general"": null}",unresolved,4,pending,pending,pending,pending,pending,,pending,candidate,[],{},0,[],[],False,"[""integer_check"", ""frozen_universe_size"", ""sigma_donor_estimate"", ""envelope_membership""]",2025-01-30,analysis_set,12,"Wang 2023, emphysema non-immune (3v3 anchor)",moderate,3,"[1000,3000)","[300,1000)"
4b6af54a-4a21-46e0-bc8d-673c0561a836,pulmonary alveolar type 1 cell,CL:0002062,pending,pulmonary emphysema,normal,3,3,673,"{""A"": {""max"": 206, ""median"": 123.0, ""min"": 45, ""n_cells"": 374, ""n_donors"": 3}, ""B"": {""max"": 142, ""median"": 97.0, ""min"": 60, ""n_cells"": 299, ""n_donors"": 3}}","{""A"": 7558.0, ""B"": 13465.0}",20,"[""sequencing_depth_bin:near_confound_v=0.816"", ""pooled:unresolved — no pool/library id in obs (D3 lower bound)""]","{""assay"": null, ""sequencing_depth_bin"": 0.816, ""suspension_type"": null, ""tissue_general"": null}",unresolved,4,pending,pending,pending,pending,pending,,pending,candidate,[],{},0,[],"[""sequencing_depth_bin""]",False,"[""integer_check"", ""frozen_universe_size"", ""sigma_donor_estimate"", ""envelope_membership""]",2025-01-30,analysis_set,12,"Wang 2023, emphysema non-immune (3v3 anchor)",moderate,3,"[100,300)","[30,100)"
4b6af54a-4a21-46e0-bc8d-673c0561a836,pulmonary alveolar type 2 cell,CL:0002063,pending,pulmonary emphysema,normal,3,3,2891,"{""A"": {""max"": 364, ""median"": 359.0, ""min"": 223, ""n_cells"": 946, ""n_donors"": 3}, ""B"": {""max"": 737, ""median"": 716.0, ""min"": 492, ""n_cells"": 1945, ""n_donors"": 3}}","{""A"": 20315.5, ""B"": 22559.0}",20,"[""sequencing_depth_bin:near_confound_v=0.816"", ""pooled:unresolved — no pool/library id in obs (D3 lower bound)""]","{""assay"": null, ""sequencing_depth_bin"": 0.816, ""suspension_type"": null, ""tissue_general"": null}",unresolved,4,pending,pending,pending,pending,pending,,pending,candidate,[],{},0,[],"[""sequencing_depth_bin""]",False,"[""integer_check"", ""frozen_universe_size"", ""sigma_donor_estimate"", ""envelope_membership""]",2025-01-30,analysis_set,12,"Wang 2023, emphysema non-immune (3v3 anchor)",moderate,3,"[300,1000)","[300,1000)"
4b6af54a-4a21-46e0-bc8d-673c0561a836,smooth muscle cell,CL:0000192,pending,pulmonary emphysema,normal,3,3,1652,"{""A"": {""max"": 703, ""median"": 237.0, ""min"": 224, ""n_cells"": 1164, ""n_donors"": 3}, ""B"": {""max"": 292, ""median"": 109.0, ""min"": 87, ""n_cells"": 488, ""n_donors"": 3}}","{""A"": 8603.0, ""B"": 5899.0}",20,"[""pooled:unresolved — no pool/library id in obs (D3 lower bound)""]","{""assay"": null, ""sequencing_depth_bin"": 0.0, ""suspension_type"": null, ""tissue_general"": null}",unresolved,4,pending,pending,pending,pending,pending,,pending,candidate,[],{},0,[],[],False,"[""integer_check"", ""frozen_universe_size"", ""sigma_donor_estimate"", ""envelope_membership""]",2025-01-30,analysis_set,12,"Wang 2023, emphysema non-immune (3v3 anchor)",moderate,3,"[100,300)","[100,300)"
c2876b1b-06d8-4d96-a56b-5304f815b99a,L2/3-6 intratelencephalic projecting glutamatergic neuron,CL:4023040,pending,dementia,normal,42,46,570917,"{""A"": {""max"": 14925, ""median"": 5875.0, ""min"": 183, ""n_cells"": 235790, ""n_donors"": 42}, ""B"": {""max"": 14018, ""median"": 7475.5, ""min"": 1265, ""n_cells"": 335127, ""n_donors"": 46}}","{""A"": 25602.0, ""B"": 28867.0}",23991387527607603115708080,"[""sequencing_depth_bin:partial_confound_v=0.278"", ""pooled:unresolved — no pool/library id in obs (D3 lower bound)""]","{""assay"": null, ""sequencing_depth_bin"": 0.278, ""suspension_type"": null, ""tissue_general"": null}",unresolved,86,pending,pending,pending,pending,pending,0.7,pending,candidate,[],{},0,[],"[""sequencing_depth_bin""]",False,"[""integer_check"", ""frozen_universe_size"", ""sigma_donor_estimate"", ""envelope_membership""]",2025-01-30,within_collection_control,,SEA-AD MTG,not_applicable,42,"[3000,inf)","[3000,inf)"
c2876b1b-06d8-4d96-a56b-5304f815b99a,L5 extratelencephalic projecting glutamatergic cortical neuron,CL:4023041,pending,dementia,normal,27,39,2125,"{""A"": {""max"": 60, ""median"": 30.0, ""min"": 11, ""n_cells"": 840, ""n_donors"": 27}, ""B"": {""max"": 161, ""median"": 28.0, ""min"": 11, ""n_cells"": 1285, ""n_donors"": 39}}","{""A"": 67175.0, ""B"": 55387.0}",2450791253481179840,"[""sequencing_depth_bin:partial_confound_v=0.075"", ""pooled:unresolved — no pool/library id in obs (D3 lower bound)""]","{""assay"": null, ""sequencing_depth_bin"": 0.075, ""suspension_type"": null, ""tissue_general"": null}",unresolved,64,pending,pending,pending,pending,pending,0.7,pending,candidate,[],"{""H20.33.008"": 3, ""H20.33.026"": 5, ""H20.33.031"": 9, ""H20.33.033"": 3, ""H20.33.035"": 7, ""H20.33.036"": 5, ""H20.33.037"": 1, ""H20.33.045"": 6, ""H21.33.008"": 2, ""H21.33.009"": 7, ""H21.33.020"": 1, ""H21.33.026"": 4, ""H21.33.034"": 2, ""H21.33.036"": 7, ""H21.33.038"": 7, ""H21.33.039"": 9, ""H21.33.044"": 9, ""H21.33.045"": 7, ""H21.33.046"": 5, ""H21.33.047"": 5}",0,[],"[""sequencing_depth_bin""]",False,"[""integer_check"", ""frozen_universe_size"", ""sigma_donor_estimate"", ""envelope_membership""]",2025-01-30,within_collection_control,,SEA-AD MTG,not_applicable,27,"[30,100)","[10,30)"
c2876b1b-06d8-4d96-a56b-5304f815b99a,L6b glutamatergic cortical neuron,CL:4023038,pending,dementia,normal,40,46,13334,"{""A"": {""max"": 386, ""median"": 118.5, ""min"": 13, ""n_cells"": 5689, ""n_donors"": 40}, ""B"": {""max"": 792, ""median"": 124.5, ""min"": 12, ""n_cells"": 7645, ""n_donors"": 46}}","{""A"": 40357.0, ""B"": 40474.0}",5396181990927415434332460,"[""sequencing_depth_bin:partial_confound_v=0.132"", ""pooled:unresolved — no pool/library id in obs (D3 lower bound)""]","{""assay"": null, ""sequencing_depth_bin"": 0.132, ""suspension_type"": null, ""tissue_general"": null}",unresolved,84,pending,pending,pending,pending,pending,0.7,pending,candidate,[],"{""H20.33.038"": 4}",0,[],"[""sequencing_depth_bin""]",False,"[""integer_check"", ""frozen_universe_size"", ""sigma_donor_estimate"", ""envelope_membership""]",2025-01-30,within_collection_control,,SEA-AD MTG,not_applicable,40,"[100,300)","[100,300)"
c2876b1b-06d8-4d96-a56b-5304f815b99a,VIP GABAergic cortical interneuron,CL:4023016,pending,dementia,normal,42,46,89230,"{""A"": {""max"": 2110, ""median"": 803.0, ""min"": 15, ""n_cells"": 38585, ""n_donors"": 42}, ""B"": {""max"": 2505, ""median"": 1044.0, ""min"": 132, ""n_cells"": 50645, ""n_donors"": 46}}","{""A"": 13180.0, ""B"": 14206.0}",23991387527607603115708080,"[""sequencing_depth_bin:partial_confound_v=0.254"", ""pooled:unresolved — no pool/library id in obs (D3 lower bound)""]","{""assay"": null, ""sequencing_depth_bin"": 0.254, ""suspension_type"": null, ""tissue_general"": null}",unresolved,86,pending,pending,pending,pending,pending,0.7,pending,candidate,[],{},0,[],"[""sequencing_depth_bin""]",False,"[""integer_check"", ""frozen_universe_size"", ""sigma_donor_estimate"", ""envelope_membership""]",2025-01-30,within_collection_control,,SEA-AD MTG,not_applicable,42,"[300,1000)","[1000,3000)"
c2876b1b-06d8-4d96-a56b-5304f815b99a,astrocyte of the cerebral cortex,CL:0002605,pending,dementia,normal,42,44,60309,"{""A"": {""max"": 2085, ""median"": 551.5, ""min"": 105, ""n_cells"": 30416, ""n_donors"": 42}, ""B"": {""max"": 2368, ""median"": 581.5, ""min"": 13, ""n_cells"": 29893, ""n_donors"": 44}}","{""A"": 9408.5, ""B"": 9898.0}",6486699605818670121410100,"[""sequencing_depth_bin:partial_confound_v=0.158"", ""pooled:unresolved — no pool/library id in obs (D3 lower bound)""]","{""assay"": null, ""sequencing_depth_bin"": 0.158, ""suspension_type"": null, ""tissue_general"": null}",unresolved,84,pending,pending,pending,pending,pending,0.7,pending,candidate,[],"{""H18.30.001"": 1}",0,[],"[""sequencing_depth_bin""]",False,"[""integer_check"", ""frozen_universe_size"", ""sigma_donor_estimate"", ""envelope_membership""]",2025-01-30,within_collection_control,,SEA-AD MTG,not_applicable,42,"[300,1000)","[300,1000)"
c2876b1b-06d8-4d96-a56b-5304f815b99a,caudal ganglionic eminence derived interneuron,CL:4023064,pending,dementia,normal,39,43,7990,"{""A"": {""max"": 267, ""median"": 87.0, ""min"": 22, ""n_cells"": 3788, ""n_donors"": 39}, ""B"": {""max"": 249, ""median"": 90.0, ""min"": 19, ""n_cells"": 4202, ""n_donors"": 43}}","{""A"": 17775.0, ""B"": 19195.0}",385740150936887277669600,"[""sequencing_depth_bin:partial_confound_v=0.165"", ""pooled:unresolved — no pool/library id in obs (D3 lower bound)""]","{""assay"": null, ""sequencing_depth_bin"": 0.165, ""suspension_type"": null, ""tissue_general"": null}",unresolved,80,pending,pending,pending,pending,pending,0.7,pending,candidate,[],"{""H18.30.002"": 9, ""H20.33.008"": 3, ""H20.33.038"": 2, ""H200.1023"": 2, ""H21.33.020"": 2, ""H21.33.034"": 8}",0,[],"[""sequencing_depth_bin""]",False,"[""integer_check"", ""frozen_universe_size"", ""sigma_donor_estimate"", ""envelope_membership""]",2025-01-30,within_collection_control,,SEA-AD MTG,not_applicable,39,"[30,100)","[30,100)"
c2876b1b-06d8-4d96-a56b-5304f815b99a,cerebral cortex endothelial cell,CL:1001602,pending,dementia,normal,30,34,1829,"{""A"": {""max"": 101, ""median"": 22.0, ""min"": 11, ""n_cells"": 877, ""n_donors"": 30}, ""B"": {""max"": 159, ""median"": 20.0, ""min"": 10, ""n_cells"": 952, ""n_donors"": 34}}","{""A"": 5988.0, ""B"": 6002.0}",1620288010530347424,"[""sequencing_depth_bin:partial_confound_v=0.247"", ""pooled:unresolved — no pool/library id in obs (D3 lower bound)""]","{""assay"": null, ""sequencing_depth_bin"": 0.247, ""suspension_type"": null, ""tissue_general"": null}",unresolved,62,pending,pending,pending,pending,pending,0.7,pending,candidate,[],"{""H18.30.002"": 1, ""H20.33.002"": 4, ""H20.33.008"": 4, ""H20.33.014"": 4, ""H20.33.015"": 5, ""H20.33.016"": 9, ""H20.33.024"": 1, ""H20.33.026"": 4, ""H20.33.029"": 3, ""H20.33.031"": 4, ""H20.33.035"": 9, ""H20.33.038"": 7, ""H20.33.043"": 5, ""H200.1023"": 4, ""H21.33.006"": 1, ""H21.33.008"": 3, ""H21.33.009"": 9, ""H21.33.011"": 7, ""H21.33.014"": 4, ""H21.33.016"": 2, ""H21.33.036"": 2, ""H21.33.039"": 2, ""H21.33.042"": 5, ""H21.33.046"": 8}",0,[],"[""sequencing_depth_bin""]",False,"[""integer_check"", ""frozen_universe_size"", ""sigma_donor_estimate"", ""envelope_membership""]",2025-01-30,within_collection_control,,SEA-AD MTG,not_applicable,30,"[10,30)","[10,30)"
c2876b1b-06d8-4d96-a56b-5304f815b99a,chandelier pvalb GABAergic cortical interneuron,CL:4023036,pending,dementia,normal,39,46,9485,"{""A"": {""max"": 211, ""median"": 99.0, ""min"": 17, ""n_cells"": 4152, ""n_donors"": 39}, ""B"": {""max"": 326, ""median"": 115.5, ""min"": 16, ""n_cells"": 5333, ""n_donors"": 46}}","{""A"": 13895.0, ""B"": 15056.0}",2509852088803449039224400,"[""sequencing_depth_bin:partial_confound_v=0.185"", ""pooled:unresolved — no pool/library id in obs (D3 lower bound)""]","{""assay"": null, ""sequencing_depth_bin"": 0.185, ""suspension_type"": null, ""tissue_general"": null}",unresolved,83,pending,pending,pending,pending,pending,0.7,pending,candidate,[],"{""H21.33.034"": 5}",0,[],"[""sequencing_depth_bin""]",False,"[""integer_check"", ""frozen_universe_size"", ""sigma_donor_estimate"", ""envelope_membership""]",2025-01-30,within_collection_control,,SEA-AD MTG,not_applicable,39,"[30,100)","[100,300)"
c2876b1b-06d8-4d96-a56b-5304f815b99a,corticothalamic-projecting glutamatergic cortical neuron,CL:4023013,pending,dementia,normal,39,46,14986,"{""A"": {""max"": 397, ""median"": 145.0, ""min"": 27, ""n_cells"": 6255, ""n_donors"": 39}, ""B"": {""max"": 796, ""median"": 153.0, ""min"": 30, ""n_cells"": 8731, ""n_donors"": 46}}","{""A"": 39067.0, ""B"": 38259.0}",2509852088803449039224400,"[""sequencing_depth_bin:partial_confound_v=0.129"", ""pooled:unresolved — no pool/library id in obs (D3 lower bound)""]","{""assay"": null, ""sequencing_depth_bin"": 0.129, ""suspension_type"": null, ""tissue_general"": null}",unresolved,83,pending,pending,pending,pending,pending,0.7,pending,candidate,[],"{""H21.33.020"": 1, ""H21.33.034"": 8}",0,[],"[""sequencing_depth_bin""]",False,"[""integer_check"", ""frozen_universe_size"", ""sigma_donor_estimate"", ""envelope_membership""]",2025-01-30,within_collection_control,,SEA-AD MTG,not_applicable,39,"[100,300)","[100,300)"
c2876b1b-06d8-4d96-a56b-5304f815b99a,lamp5 GABAergic cortical interneuron,CL:4023011,pending,dementia,normal,41,46,55010,"{""A"": {""max"": 1222, ""median"": 587.0, ""min"": 10, ""n_cells"": 25523, ""n_donors"": 41}, ""B"": {""max"": 1279, ""median"": 652.0, ""min"": 78, ""n_cells"": 29487, ""n_donors"": 46}}","{""A"": 11730.0, ""B"": 14846.0}",11450434956358174214315220,"[""sequencing_depth_bin:partial_confound_v=0.321"", ""pooled:unresolved — no pool/library id in obs (D3 lower bound)""]","{""assay"": null, ""sequencing_depth_bin"": 0.321, ""suspension_type"": null, ""tissue_general"": null}",unresolved,85,pending,pending,pending,pending,pending,0.7,pending,candidate,[],"{""H21.33.020"": 1}",0,[],"[""sequencing_depth_bin""]",False,"[""integer_check"", ""frozen_universe_size"", ""sigma_donor_estimate"", ""envelope_membership""]",2025-01-30,within_collection_control,,SEA-AD MTG,not_applicable,41,"[300,1000)","[300,1000)"
c2876b1b-06d8-4d96-a56b-5304f815b99a,microglial cell,CL:0000129,pending,dementia,normal,42,43,35109,"{""A"": {""max"": 1068, ""median"": 368.5, ""min"": 79, ""n_cells"": 17731, ""n_donors"": 42}, ""B"": {""max"": 929, ""median"": 360.0, ""min"": 18, ""n_cells"": 17378, ""n_donors"": 43}}","{""A"": 5626.0, ""B"": 4980.0}",3318776542511877736535400,"[""sequencing_depth_bin:partial_confound_v=0.331"", ""pooled:unresolved — no pool/library id in obs (D3 lower bound)""]","{""assay"": null, ""sequencing_depth_bin"": 0.331, ""suspension_type"": null, ""tissue_general"": null}",unresolved,83,pending,pending,pending,pending,pending,0.7,pending,candidate,[],"{""H18.30.001"": 1, ""H18.30.002"": 5, ""H200.1023"": 1}",0,[],"[""sequencing_depth_bin""]",False,"[""integer_check"", ""frozen_universe_size"", ""sigma_donor_estimate"", ""envelope_membership""]",2025-01-30,within_collection_control,,SEA-AD MTG,not_applicable,42,"[300,1000)","[300,1000)"
c2876b1b-06d8-4d96-a56b-5304f815b99a,near-projecting glutamatergic cortical neuron,CL:4023012,pending,dementia,normal,40,46,17458,"{""A"": {""max"": 307, ""median"": 171.0, ""min"": 15, ""n_cells"": 6547, ""n_donors"": 40}, ""B"": {""max"": 1001, ""median"": 198.5, ""min"": 50, ""n_cells"": 10911, ""n_donors"": 46}}","{""A"": 21183.0, ""B"": 23883.0}",5396181990927415434332460,"[""sequencing_depth_bin:partial_confound_v=0.325"", ""pooled:unresolved — no pool/library id in obs (D3 lower bound)""]","{""assay"": null, ""sequencing_depth_bin"": 0.325, ""suspension_type"": null, ""tissue_general"": null}",unresolved,84,pending,pending,pending,pending,pending,0.7,pending,candidate,[],"{""H21.33.020"": 4}",0,[],"[""sequencing_depth_bin""]",False,"[""integer_check"", ""frozen_universe_size"", ""sigma_donor_estimate"", ""envelope_membership""]",2025-01-30,within_collection_control,,SEA-AD MTG,not_applicable,40,"[100,300)","[100,300)"
c2876b1b-06d8-4d96-a56b-5304f815b99a,oligodendrocyte,CL:0000128,pending,dementia,normal,42,44,95175,"{""A"": {""max"": 3242, ""median"": 773.0, ""min"": 15, ""n_cells"": 38717, ""n_donors"": 42}, ""B"": {""max"": 2984, ""median"": 1182.0, ""min"": 29, ""n_cells"": 56458, ""n_donors"": 44}}","{""A"": 6463.0, ""B"": 5791.5}",6486699605818670121410100,"[""sequencing_depth_bin:partial_confound_v=0.107"", ""pooled:unresolved — no pool/library id in obs (D3 lower bound)""]","{""assay"": null, ""sequencing_depth_bin"": 0.107, ""suspension_type"": null, ""tissue_general"": null}",unresolved,84,pending,pending,pending,pending,pending,0.7,pending,candidate,[],"{""H18.30.001"": 1, ""H200.1023"": 6}",0,[],"[""sequencing_depth_bin""]",False,"[""integer_check"", ""frozen_universe_size"", ""sigma_donor_estimate"", ""envelope_membership""]",2025-01-30,within_collection_control,,SEA-AD MTG,not_applicable,42,"[300,1000)","[1000,3000)"
c2876b1b-06d8-4d96-a56b-5304f815b99a,oligodendrocyte precursor cell,CL:0002453,pending,dementia,normal,42,42,27803,"{""A"": {""max"": 1892, ""median"": 243.0, ""min"": 36, ""n_cells"": 11799, ""n_donors"": 42}, ""B"": {""max"": 1261, ""median"": 361.5, ""min"": 99, ""n_cells"": 16004, ""n_donors"": 42}}","{""A"": 10953.0, ""B"": 9790.5}",1678910486211891090247320,"[""sequencing_depth_bin:partial_confound_v=0.175"", ""pooled:unresolved — no pool/library id in obs (D3 lower bound)""]","{""assay"": null, ""sequencing_depth_bin"": 0.175, ""suspension_type"": null, ""tissue_general"": null}",unresolved,82,pending,pending,pending,pending,pending,0.7,pending,candidate,[],"{""H18.30.001"": 1, ""H18.30.002"": 4, ""H20.33.008"": 6, ""H200.1023"": 1}",0,[],"[""sequencing_depth_bin""]",False,"[""integer_check"", ""frozen_universe_size"", ""sigma_donor_estimate"", ""envelope_membership""]",2025-01-30,within_collection_control,,SEA-AD MTG,not_applicable,42,"[100,300)","[300,1000)"
c2876b1b-06d8-4d96-a56b-5304f815b99a,pvalb GABAergic cortical interneuron,CL:4023018,pending,dementia,normal,40,46,77250,"{""A"": {""max"": 1602, ""median"": 774.5, ""min"": 78, ""n_cells"": 31030, ""n_donors"": 40}, ""B"": {""max"": 2677, ""median"": 957.0, ""min"": 144, ""n_cells"": 46220, ""n_donors"": 46}}","{""A"": 17127.0, ""B"": 19301.0}",5396181990927415434332460,"[""sequencing_depth_bin:partial_confound_v=0.312"", ""pooled:unresolved — no pool/library id in obs (D3 lower bound)""]","{""assay"": null, ""sequencing_depth_bin"": 0.312, ""suspension_type"": null, ""tissue_general"": null}",unresolved,84,pending,pending,pending,pending,pending,0.7,pending,candidate,[],"{""H20.33.038"": 7, ""H21.33.020"": 1}",0,[],"[""sequencing_depth_bin""]",False,"[""integer_check"", ""frozen_universe_size"", ""sigma_donor_estimate"", ""envelope_membership""]",2025-01-30,within_collection_control,,SEA-AD MTG,not_applicable,40,"[300,1000)","[300,1000)"
c2876b1b-06d8-4d96-a56b-5304f815b99a,sncg GABAergic cortical interneuron,CL:4023015,pending,dementia,normal,40,43,19067,"{""A"": {""max"": 450, ""median"": 173.5, ""min"": 13, ""n_cells"": 8034, ""n_donors"": 40}, ""B"": {""max"": 604, ""median"": 231.0, ""min"": 20, ""n_cells"": 11033, ""n_donors"": 43}}","{""A"": 10983.0, ""B"": 11210.0}",800410813194041101164420,"[""sequencing_depth_bin:partial_confound_v=0.179"", ""pooled:unresolved — no pool/library id in obs (D3 lower bound)""]","{""assay"": null, ""sequencing_depth_bin"": 0.179, ""suspension_type"": null, ""tissue_general"": null}",unresolved,81,pending,pending,pending,pending,pending,0.7,pending,candidate,[],"{""H18.30.001"": 7, ""H20.33.038"": 4, ""H21.33.020"": 1}",0,[],"[""sequencing_depth_bin""]",False,"[""integer_check"", ""frozen_universe_size"", ""sigma_donor_estimate"", ""envelope_membership""]",2025-01-30,within_collection_control,,SEA-AD MTG,not_applicable,40,"[100,300)","[100,300)"
c2876b1b-06d8-4d96-a56b-5304f815b99a,sst GABAergic cortical interneuron,CL:4023017,pending,dementia,normal,41,46,48493,"{""A"": {""max"": 1250, ""median"": 358.0, ""min"": 13, ""n_cells"": 15923, ""n_donors"": 41}, ""B"": {""max"": 2599, ""median"": 594.0, ""min"": 84, ""n_cells"": 32570, ""n_donors"": 46}}","{""A"": 10536.0, ""B"": 11816.0}",11450434956358174214315220,"[""sequencing_depth_bin:partial_confound_v=0.267"", ""pooled:unresolved — no pool/library id in obs (D3 lower bound)""]","{""assay"": null, ""sequencing_depth_bin"": 0.267, ""suspension_type"": null, ""tissue_general"": null}",unresolved,85,pending,pending,pending,pending,pending,0.7,pending,candidate,[],"{""H21.33.020"": 4}",0,[],"[""sequencing_depth_bin""]",False,"[""integer_check"", ""frozen_universe_size"", ""sigma_donor_estimate"", ""envelope_membership""]",2025-01-30,within_collection_control,,SEA-AD MTG,not_applicable,41,"[300,1000)","[300,1000)"
c2876b1b-06d8-4d96-a56b-5304f815b99a,vascular leptomeningeal cell,CL:4023051,pending,dementia,normal,41,41,3852,"{""A"": {""max"": 197, ""median"": 39.0, ""min"": 10, ""n_cells"": 2169, ""n_donors"": 41}, ""B"": {""max"": 108, ""median"": 34.0, ""min"": 10, ""n_cells"": 1683, ""n_donors"": 41}}","{""A"": 6025.0, ""B"": 5695.0}",424784580848791721628840,"[""sequencing_depth_bin:partial_confound_v=0.182"", ""pooled:unresolved — no pool/library id in obs (D3 lower bound)""]","{""assay"": null, ""sequencing_depth_bin"": 0.182, ""suspension_type"": null, ""tissue_general"": null}",unresolved,80,pending,pending,pending,pending,pending,0.7,pending,candidate,[],"{""H18.30.002"": 1, ""H20.33.008"": 3, ""H20.33.038"": 9, ""H21.33.014"": 5}",0,[],"[""sequencing_depth_bin""]",False,"[""integer_check"", ""frozen_universe_size"", ""sigma_donor_estimate"", ""envelope_membership""]",2025-01-30,within_collection_control,,SEA-AD MTG,not_applicable,41,"[30,100)","[30,100)"
edc8d3fe-153c-4e3d-8be0-2108d30f8d70,"CD16-negative, CD56-bright natural killer cell, human",CL:0000938,pending,COVID-19,normal,7,5,749,"{""A"": {""max"": 300, ""median"": 73.0, ""min"": 10, ""n_cells"": 659, ""n_donors"": 7}, ""B"": {""max"": 31, ""median"": 12.0, ""min"": 11, ""n_cells"": 90, ""n_donors"": 5}}","{""A"": 4376.0, ""B"": 2936.0}",792,"[""tissue_general:partial_confound_v=0.289"", ""sequencing_depth_bin:partial_confound_v=0.478"", ""pooled:unresolved — no pool/library id in obs (D3 lower bound)""]","{""assay"": null, ""sequencing_depth_bin"": 0.478, ""suspension_type"": null, ""tissue_general"": 0.289}",unresolved,10,pending,pending,pending,pending,pending,0.2,pending,candidate,[],"{""AN9"": 3, ""AP10"": 8, ""AP11"": 5, ""AP14"": 1, ""AP4"": 1, ""AP5"": 1, ""AP9"": 3, ""BP1"": 7, ""BP3"": 4, ""BP4"": 5, ""NP10"": 6, ""NP11"": 2, ""NP12"": 8, ""NP13"": 9, ""NP14"": 2, ""NP16"": 7, ""NP20"": 6, ""NP23"": 2, ""NP24"": 1, ""NP28"": 9, ""NP30"": 1, ""NP31"": 9, ""NP36"": 5, ""NP37"": 1, ""NP38"": 2, ""NP39"": 8, ""PC2"": 1, ""PP1"": 6, ""PP11"": 3, ""PP17"": 9, ""PP18"": 2, ""PP3"": 1, ""PP6"": 2}",0,[],"[""tissue_general"", ""sequencing_depth_bin""]",False,"[""integer_check"", ""frozen_universe_size"", ""sigma_donor_estimate"", ""envelope_membership""]",2025-01-30,within_collection_control,,"Yoshida 2022, airway",not_applicable,5,"[30,100)","[10,30)"
edc8d3fe-153c-4e3d-8be0-2108d30f8d70,"CD16-positive, CD56-dim natural killer cell, human",CL:0000939,pending,COVID-19,normal,6,6,387,"{""A"": {""max"": 83, ""median"": 30.5, ""min"": 12, ""n_cells"": 240, ""n_donors"": 6}, ""B"": {""max"": 47, ""median"": 21.5, ""min"": 11, ""n_cells"": 147, ""n_donors"": 6}}","{""A"": 3002.0, ""B"": 2553.0}",924,"[""tissue_general:partial_confound_v=0.415"", ""sequencing_depth_bin:partial_confound_v=0.408"", ""pooled:unresolved — no pool/library id in obs (D3 lower bound)""]","{""assay"": null, ""sequencing_depth_bin"": 0.408, ""suspension_type"": null, ""tissue_general"": 0.415}",unresolved,10,pending,pending,pending,pending,pending,0.2,pending,candidate,[],"{""AP14"": 1, ""BP3"": 5, ""BP4"": 5, ""NP11"": 5, ""NP12"": 2, ""NP17"": 2, ""NP20"": 1, ""NP24"": 1, ""NP31"": 2, ""NP36"": 1, ""NP44"": 6, ""PP10"": 7, ""PP11"": 2, ""PP16"": 3, ""PP17"": 1, ""PP18"": 1, ""PP6"": 6, ""PP8"": 7}",0,[],"[""tissue_general"", ""sequencing_depth_bin""]",False,"[""integer_check"", ""frozen_universe_size"", ""sigma_donor_estimate"", ""envelope_membership""]",2025-01-30,within_collection_control,,"Yoshida 2022, airway",not_applicable,6,"[30,100)","[10,30)"
edc8d3fe-153c-4e3d-8be0-2108d30f8d70,"CD8-positive, alpha-beta memory T cell",CL:0000909,pending,COVID-19,normal,22,22,4316,"{""A"": {""max"": 412, ""median"": 45.0, ""min"": 11, ""n_cells"": 1495, ""n_donors"": 22}, ""B"": {""max"": 509, ""median"": 67.0, ""min"": 12, ""n_cells"": 2821, ""n_donors"": 22}}","{""A"": 2125.0, ""B"": 1764.0}",2104098963720,"[""tissue_general:partial_confound_v=0.082"", ""sequencing_depth_bin:partial_confound_v=0.337"", ""pooled:unresolved — no pool/library id in obs (D3 lower bound)""]","{""assay"": null, ""sequencing_depth_bin"": 0.337, ""suspension_type"": null, ""tissue_general"": 0.082}",unresolved,42,pending,pending,pending,pending,pending,0.5,pending,candidate,[],"{""AN11"": 3, ""AN13"": 1, ""AP5"": 7, ""BP2"": 6, ""PP11"": 3}",0,[],"[""tissue_general"", ""sequencing_depth_bin""]",False,"[""integer_check"", ""frozen_universe_size"", ""sigma_donor_estimate"", ""envelope_membership""]",2025-01-30,within_collection_control,,"Yoshida 2022, airway",not_applicable,22,"[30,100)","[30,100)"
edc8d3fe-153c-4e3d-8be0-2108d30f8d70,Langerhans cell,CL:0000453,pending,COVID-19,normal,8,12,421,"{""A"": {""max"": 83, ""median"": 13.0, ""min"": 10, ""n_cells"": 176, ""n_donors"": 8}, ""B"": {""max"": 49, ""median"": 16.0, ""min"": 10, ""n_cells"": 245, ""n_donors"": 12}}","{""A"": 2849.0, ""B"": 4040.0}",125970,"[""tissue_general:partial_confound_v=0.218"", ""sequencing_depth_bin:partial_confound_v=0.588"", ""pooled:unresolved — no pool/library id in obs (D3 lower bound)""]","{""assay"": null, ""sequencing_depth_bin"": 0.588, ""suspension_type"": null, ""tissue_general"": 0.218}",unresolved,18,pending,pending,pending,pending,pending,0.35,pending,candidate,[],"{""AP10"": 6, ""AP14"": 2, ""AP4"": 4, ""AP7"": 2, ""AP8"": 3, ""BP2"": 2, ""BP3"": 3, ""NP11"": 1, ""NP14"": 9, ""NP15"": 1, ""NP17"": 1, ""NP20"": 8, ""NP24"": 1, ""NP28"": 6, ""NP31"": 2, ""NP35"": 4, ""NP36"": 3, ""NP37"": 5, ""NP41"": 2, ""NP43"": 3, ""NP47"": 2, ""PC11"": 8, ""PP12"": 5, ""PP17"": 3, ""PP18"": 1, ""PP2"": 1, ""PP6"": 3, ""PP7"": 2}",0,[],"[""tissue_general"", ""sequencing_depth_bin""]",False,"[""integer_check"", ""frozen_universe_size"", ""sigma_donor_estimate"", ""envelope_membership""]",2025-01-30,within_collection_control,,"Yoshida 2022, airway",not_applicable,8,"[10,30)","[10,30)"
edc8d3fe-153c-4e3d-8be0-2108d30f8d70,basal cell of epithelium of trachea,CL:1000348,pending,COVID-19,normal,27,40,32665,"{""A"": {""max"": 3104, ""median"": 219.0, ""min"": 12, ""n_cells"": 11608, ""n_donors"": 27}, ""B"": {""max"": 2258, ""median"": 333.5, ""min"": 16, ""n_cells"": 21057, ""n_donors"": 40}}","{""A"": 5936.5, ""B"": 3272.0}",4105075349580976232,"[""assay:1 donor-unique level(s) set aside before screening; 1 level(s) group >= 2 donors and carry the test"", ""tissue_general:partial_confound_v=0.058"", ""sequencing_depth_bin:partial_confound_v=0.223"", ""pooled:unresolved — no pool/library id in obs (D3 lower bound)""]","{""assay"": null, ""sequencing_depth_bin"": 0.223, ""suspension_type"": null, ""tissue_general"": 0.058}",unresolved,65,pending,pending,pending,pending,pending,0.7,pending,candidate,[],"{""NP41"": 3, ""PC9"": 1, ""PP15"": 4, ""PP3"": 8}",0,[],"[""tissue_general"", ""sequencing_depth_bin""]",False,"[""integer_check"", ""frozen_universe_size"", ""sigma_donor_estimate"", ""envelope_membership""]",2025-01-30,within_collection_control,,"Yoshida 2022, airway",not_applicable,27,"[100,300)","[300,1000)"
edc8d3fe-153c-4e3d-8be0-2108d30f8d70,ciliated cell,CL:0000064,pending,COVID-19,normal,27,41,37503,"{""A"": {""max"": 2686, ""median"": 431.0, ""min"": 27, ""n_cells"": 16470, ""n_donors"": 27}, ""B"": {""max"": 3960, ""median"": 304.0, ""min"": 14, ""n_cells"": 21033, ""n_donors"": 41}}","{""A"": 3599.0, ""B"": 3722.0}",6808417652963570336,"[""tissue_general:partial_confound_v=0.092"", ""sequencing_depth_bin:partial_confound_v=0.089"", ""pooled:unresolved — no pool/library id in obs (D3 lower bound)""]","{""assay"": null, ""sequencing_depth_bin"": 0.089, ""suspension_type"": null, ""tissue_general"": 0.092}",unresolved,66,pending,pending,pending,pending,pending,0.7,pending,candidate,[],"{""PC9"": 3, ""PP15"": 4, ""PP19"": 1}",0,[],"[""tissue_general"", ""sequencing_depth_bin""]",False,"[""integer_check"", ""frozen_universe_size"", ""sigma_donor_estimate"", ""envelope_membership""]",2025-01-30,within_collection_control,,"Yoshida 2022, airway",not_applicable,27,"[300,1000)","[300,1000)"
edc8d3fe-153c-4e3d-8be0-2108d30f8d70,club cell,CL:0000158,pending,COVID-19,normal,8,23,9077,"{""A"": {""max"": 1624, ""median"": 238.0, ""min"": 12, ""n_cells"": 4241, ""n_donors"": 8}, ""B"": {""max"": 1837, ""median"": 66.0, ""min"": 12, ""n_cells"": 4836, ""n_donors"": 23}}","{""A"": 5647.0, ""B"": 7264.5}",7888725,"[""tissue_general:partial_confound_v=0.168"", ""sequencing_depth_bin:partial_confound_v=0.095"", ""pooled:unresolved — no pool/library id in obs (D3 lower bound)""]","{""assay"": null, ""sequencing_depth_bin"": 0.095, ""suspension_type"": null, ""tissue_general"": 0.168}",unresolved,29,pending,pending,pending,pending,pending,0.35,pending,candidate,[],"{""AN11"": 2, ""AN13"": 3, ""AP1"": 3, ""AP14"": 7, ""AP7"": 5, ""AP9"": 7, ""NP11"": 5, ""NP12"": 5, ""NP15"": 2, ""NP24"": 4, ""NP30"": 7, ""NP41"": 4, ""NP43"": 5, ""NP47"": 9, ""PC11"": 6, ""PC6"": 7, ""PC9"": 4, ""PP13"": 3, ""PP15"": 1, ""PP17"": 3, ""PP18"": 1, ""PP5"": 8, ""PP6"": 1, ""PP7"": 2}",0,[],"[""tissue_general"", ""sequencing_depth_bin""]",False,"[""integer_check"", ""frozen_universe_size"", ""sigma_donor_estimate"", ""envelope_membership""]",2025-01-30,within_collection_control,,"Yoshida 2022, airway",not_applicable,8,"[100,300)","[30,100)"
edc8d3fe-153c-4e3d-8be0-2108d30f8d70,conventional dendritic cell,CL:0000990,pending,COVID-19,normal,3,6,259,"{""A"": {""max"": 64, ""median"": 29.0, ""min"": 20, ""n_cells"": 113, ""n_donors"": 3}, ""B"": {""max"": 77, ""median"": 14.0, ""min"": 11, ""n_cells"": 146, ""n_donors"": 6}}","{""A"": 10546.0, ""B"": 2555.0}",84,"[""tissue_general:partial_confound_v=0.228"", ""sequencing_depth_bin:partial_confound_v=0.577"", ""pooled:unresolved — no pool/library id in obs (D3 lower bound)""]","{""assay"": null, ""sequencing_depth_bin"": 0.577, ""suspension_type"": null, ""tissue_general"": 0.228}",unresolved,7,pending,pending,pending,pending,pending,,pending,candidate,[],"{""AN11"": 1, ""AN9"": 2, ""AP10"": 1, ""AP11"": 2, ""BP1"": 2, ""BP4"": 3, ""NP10"": 1, ""NP16"": 1, ""NP32"": 3, ""NP35"": 1, ""NP37"": 1, ""NP41"": 1, ""NP43"": 1, ""PC11"": 1, ""PP12"": 1, ""PP16"": 1, ""PP3"": 2, ""PP5"": 6, ""PP7"": 2}",0,[],"[""tissue_general"", ""sequencing_depth_bin""]",False,"[""integer_check"", ""frozen_universe_size"", ""sigma_donor_estimate"", ""envelope_membership""]",2025-01-30,within_collection_control,,"Yoshida 2022, airway",not_applicable,3,"[10,30)","[10,30)"
edc8d3fe-153c-4e3d-8be0-2108d30f8d70,dendritic cell,CL:0000451,pending,COVID-19,normal,22,26,3236,"{""A"": {""max"": 416, ""median"": 38.0, ""min"": 10, ""n_cells"": 1852, ""n_donors"": 22}, ""B"": {""max"": 193, ""median"": 33.0, ""min"": 10, ""n_cells"": 1384, ""n_donors"": 26}}","{""A"": 8356.5, ""B"": 5631.0}",27385657281648,"[""tissue_general:partial_confound_v=0.052"", ""sequencing_depth_bin:partial_confound_v=0.059"", ""pooled:unresolved — no pool/library id in obs (D3 lower bound)""]","{""assay"": null, ""sequencing_depth_bin"": 0.059, ""suspension_type"": null, ""tissue_general"": 0.052}",unresolved,46,pending,pending,pending,pending,pending,0.5,pending,candidate,[],"{""AN12"": 1, ""AN5"": 9, ""AN6"": 1, ""AN9"": 3, ""AP1"": 3, ""AP8"": 9, ""AP9"": 6, ""NP11"": 9, ""NP12"": 9, ""NP23"": 7, ""NP28"": 1, ""NP30"": 9, ""NP39"": 1, ""NP41"": 3, ""NP43"": 7, ""PC11"": 6, ""PC2"": 8, ""PC9"": 2, ""PP10"": 1, ""PP11"": 8, ""PP13"": 6, ""PP19"": 2, ""PP4"": 2, ""PP6"": 5}",0,[],"[""tissue_general"", ""sequencing_depth_bin""]",False,"[""integer_check"", ""frozen_universe_size"", ""sigma_donor_estimate"", ""envelope_membership""]",2025-01-30,within_collection_control,,"Yoshida 2022, airway",not_applicable,22,"[30,100)","[30,100)"
edc8d3fe-153c-4e3d-8be0-2108d30f8d70,duct epithelial cell,CL:0000068,pending,COVID-19,normal,18,17,1314,"{""A"": {""max"": 215, ""median"": 27.5, ""min"": 10, ""n_cells"": 881, ""n_donors"": 18}, ""B"": {""max"": 92, ""median"": 17.0, ""min"": 10, ""n_cells"": 433, ""n_donors"": 17}}","{""A"": 10489.0, ""B"": 8104.0}",4537567650,"[""tissue_general:partial_confound_v=0.011"", ""sequencing_depth_bin:partial_confound_v=0.476"", ""pooled:unresolved — no pool/library id in obs (D3 lower bound)""]","{""assay"": null, ""sequencing_depth_bin"": 0.476, ""suspension_type"": null, ""tissue_general"": 0.011}",unresolved,33,pending,pending,pending,pending,pending,0.5,pending,candidate,[],"{""AN12"": 1, ""AN14"": 4, ""AP1"": 3, ""AP10"": 3, ""AP8"": 4, ""BP3"": 1, ""NP11"": 1, ""NP12"": 1, ""NP14"": 6, ""NP17"": 2, ""NP19"": 3, ""NP21"": 6, ""NP22"": 1, ""NP23"": 5, ""NP24"": 9, ""NP26"": 4, ""NP27"": 8, ""NP28"": 8, ""NP32"": 3, ""NP36"": 4, ""NP41"": 3, ""NP43"": 8, ""NP44"": 9, ""PC11"": 3, ""PC2"": 1, ""PC6"": 3, ""PC9"": 1, ""PP11"": 1, ""PP13"": 1, ""PP3"": 2, ""PP8"": 9, ""PP9"": 2}",0,[],"[""tissue_general"", ""sequencing_depth_bin""]",False,"[""integer_check"", ""frozen_universe_size"", ""sigma_donor_estimate"", ""envelope_membership""]",2025-01-30,within_collection_control,,"Yoshida 2022, airway",not_applicable,17,"[10,30)","[10,30)"
edc8d3fe-153c-4e3d-8be0-2108d30f8d70,gamma-delta T cell,CL:0000798,pending,COVID-19,normal,4,6,239,"{""A"": {""max"": 16, ""median"": 12.5, ""min"": 10, ""n_cells"": 51, ""n_donors"": 4}, ""B"": {""max"": 68, ""median"": 22.0, ""min"": 13, ""n_cells"": 188, ""n_donors"": 6}}","{""A"": 1970.0, ""B"": 1883.5}",210,"[""sequencing_depth_bin:partial_confound_v=0.408"", ""pooled:unresolved — no pool/library id in obs (D3 lower bound)""]","{""assay"": null, ""sequencing_depth_bin"": 0.408, ""suspension_type"": null, ""tissue_general"": 0.0}",unresolved,8,pending,pending,pending,pending,pending,0.2,pending,candidate,[],"{""AN9"": 2, ""AP8"": 1, ""BP1"": 8, ""BP2"": 1, ""BP3"": 4, ""NP12"": 4, ""NP13"": 8, ""NP18"": 3, ""NP19"": 5, ""NP23"": 8, ""NP30"": 3, ""NP32"": 1, ""NP36"": 1, ""NP38"": 4, ""NP39"": 3, ""NP44"": 4, ""PC2"": 1, ""PP1"": 1, ""PP10"": 2, ""PP12"": 1, ""PP16"": 6, ""PP3"": 3, ""PP8"": 1, ""PP9"": 3}",0,[],"[""sequencing_depth_bin""]",False,"[""integer_check"", ""frozen_universe_size"", ""sigma_donor_estimate"", ""envelope_membership""]",2025-01-30,within_collection_control,,"Yoshida 2022, airway",not_applicable,4,"[10,30)","[10,30)"
edc8d3fe-153c-4e3d-8be0-2108d30f8d70,macrophage,CL:0000235,pending,COVID-19,normal,7,10,2404,"{""A"": {""max"": 398, ""median"": 26.0, ""min"": 18, ""n_cells"": 772, ""n_donors"": 7}, ""B"": {""max"": 671, ""median"": 65.0, ""min"": 13, ""n_cells"": 1632, ""n_donors"": 10}}","{""A"": 2983.0, ""B"": 6946.5}",19448,"[""tissue_general:partial_confound_v=0.161"", ""sequencing_depth_bin:partial_confound_v=0.143"", ""pooled:unresolved — no pool/library id in obs (D3 lower bound)""]","{""assay"": null, ""sequencing_depth_bin"": 0.143, ""suspension_type"": null, ""tissue_general"": 0.161}",unresolved,15,pending,pending,pending,pending,pending,0.2,pending,candidate,[],"{""AN11"": 3, ""AP10"": 7, ""AP11"": 7, ""AP4"": 1, ""AP5"": 4, ""AP7"": 8, ""AP9"": 1, ""NP10"": 9, ""NP12"": 7, ""NP15"": 1, ""NP16"": 1, ""NP19"": 8, ""NP20"": 3, ""NP24"": 3, ""NP30"": 9, ""NP31"": 2, ""NP32"": 1, ""NP35"": 1, ""NP36"": 3, ""NP38"": 1, ""NP41"": 2, ""NP47"": 4, ""PC11"": 5, ""PC9"": 1, ""PP10"": 7, ""PP12"": 4, ""PP17"": 8, ""PP18"": 1, ""PP2"": 1, ""PP3"": 3, ""PP5"": 2, ""PP6"": 2, ""PP9"": 8}",0,[],"[""tissue_general"", ""sequencing_depth_bin""]",False,"[""integer_check"", ""frozen_universe_size"", ""sigma_donor_estimate"", ""envelope_membership""]",2025-01-30,within_collection_control,,"Yoshida 2022, airway",not_applicable,7,"[10,30)","[30,100)"
edc8d3fe-153c-4e3d-8be0-2108d30f8d70,memory B cell,CL:0000787,pending,COVID-19,normal,8,16,7806,"{""A"": {""max"": 1041, ""median"": 29.0, ""min"": 16, ""n_cells"": 1325, ""n_donors"": 8}, ""B"": {""max"": 1635, ""median"": 163.5, ""min"": 10, ""n_cells"": 6481, ""n_donors"": 16}}","{""A"": 2984.0, ""B"": 3391.0}",735471,"[""tissue_general:partial_confound_v=0.12"", ""sequencing_depth_bin:partial_confound_v=0.125"", ""pooled:unresolved — no pool/library id in obs (D3 lower bound)""]","{""assay"": null, ""sequencing_depth_bin"": 0.125, ""suspension_type"": null, ""tissue_general"": 0.12}",unresolved,22,pending,pending,pending,pending,pending,0.35,pending,candidate,[],"{""AP11"": 1, ""AP7"": 1, ""BP2"": 2, ""NP18"": 7, ""NP20"": 1, ""PC12"": 1, ""PP1"": 3, ""PP16"": 1, ""PP17"": 3, ""PP5"": 6, ""PP6"": 1, ""PP9"": 2}",0,[],"[""tissue_general"", ""sequencing_depth_bin""]",False,"[""integer_check"", ""frozen_universe_size"", ""sigma_donor_estimate"", ""envelope_membership""]",2025-01-30,within_collection_control,,"Yoshida 2022, airway",not_applicable,8,"[10,30)","[100,300)"
edc8d3fe-153c-4e3d-8be0-2108d30f8d70,monocyte,CL:0000576,pending,COVID-19,normal,21,12,7074,"{""A"": {""max"": 1805, ""median"": 117.0, ""min"": 13, ""n_cells"": 6217, ""n_donors"": 21}, ""B"": {""max"": 250, ""median"": 52.0, ""min"": 25, ""n_cells"": 857, ""n_donors"": 12}}","{""A"": 3116.0, ""B"": 2500.0}",354817320,"[""assay:1 donor-unique level(s) set aside before screening; 1 level(s) group >= 2 donors and carry the test"", ""tissue_general:partial_confound_v=0.099"", ""pooled:unresolved — no pool/library id in obs (D3 lower bound)""]","{""assay"": null, ""sequencing_depth_bin"": 0.0, ""suspension_type"": null, ""tissue_general"": 0.099}",unresolved,31,pending,pending,pending,pending,pending,0.35,pending,candidate,[],"{""AN11"": 3, ""AP14"": 9, ""AP4"": 8, ""AP8"": 5, ""NP11"": 7, ""NP12"": 2, ""NP19"": 1, ""NP20"": 3, ""NP23"": 4, ""NP24"": 1, ""NP30"": 7, ""NP31"": 9, ""NP32"": 1, ""NP37"": 1, ""NP41"": 4, ""NP47"": 2, ""PC11"": 1, ""PP2"": 8}",0,[],"[""tissue_general""]",False,"[""integer_check"", ""frozen_universe_size"", ""sigma_donor_estimate"", ""envelope_membership""]",2025-01-30,within_collection_control,,"Yoshida 2022, airway",not_applicable,12,"[100,300)","[30,100)"
edc8d3fe-153c-4e3d-8be0-2108d30f8d70,mucosal invariant T cell,CL:0000940,pending,COVID-19,normal,5,4,257,"{""A"": {""max"": 68, ""median"": 22.0, ""min"": 12, ""n_cells"": 165, ""n_donors"": 5}, ""B"": {""max"": 35, ""median"": 20.5, ""min"": 16, ""n_cells"": 92, ""n_donors"": 4}}","{""A"": 1317.0, ""B"": 1815.5}",126,"[""tissue_general:partial_confound_v=0.535"", ""sequencing_depth_bin:partial_confound_v=0.316"", ""pooled:unresolved — no pool/library id in obs (D3 lower bound)""]","{""assay"": null, ""sequencing_depth_bin"": 0.316, ""suspension_type"": null, ""tissue_general"": 0.535}",unresolved,7,pending,pending,pending,pending,pending,0.2,pending,candidate,[],"{""AN11"": 1, ""AP10"": 4, ""AP14"": 4, ""AP5"": 1, ""BP2"": 4, ""BP3"": 4, ""NP10"": 2, ""NP12"": 5, ""NP13"": 3, ""NP16"": 9, ""NP17"": 6, ""NP18"": 2, ""NP19"": 1, ""NP23"": 3, ""NP28"": 7, ""NP30"": 3, ""NP31"": 2, ""NP35"": 5, ""NP37"": 2, ""NP39"": 2, ""NP44"": 1, ""PC12"": 1, ""PC2"": 1, ""PP1"": 3, ""PP10"": 5, ""PP12"": 1, ""PP16"": 5, ""PP17"": 6, ""PP18"": 1, ""PP5"": 1}",0,[],"[""tissue_general"", ""sequencing_depth_bin""]",False,"[""integer_check"", ""frozen_universe_size"", ""sigma_donor_estimate"", ""envelope_membership""]",2025-01-30,within_collection_control,,"Yoshida 2022, airway",not_applicable,4,"[10,30)","[10,30)"
edc8d3fe-153c-4e3d-8be0-2108d30f8d70,multi-ciliated epithelial cell,CL:0005012,pending,COVID-19,normal,19,22,2366,"{""A"": {""max"": 375, ""median"": 37.0, ""min"": 10, ""n_cells"": 1374, ""n_donors"": 19}, ""B"": {""max"": 77, ""median"": 47.0, ""min"": 11, ""n_cells"": 992, ""n_donors"": 22}}","{""A"": 4478.5, ""B"": 7074.5}",244662670200,"[""tissue_general:partial_confound_v=0.101"", ""sequencing_depth_bin:partial_confound_v=0.157"", ""pooled:unresolved — no pool/library id in obs (D3 lower bound)""]","{""assay"": null, ""sequencing_depth_bin"": 0.157, ""suspension_type"": null, ""tissue_general"": 0.101}",unresolved,39,pending,pending,pending,pending,pending,0.5,pending,candidate,[],"{""AN12"": 2, ""AN13"": 1, ""AN14"": 7, ""AP1"": 9, ""AP11"": 1, ""AP5"": 9, ""AP8"": 4, ""AP9"": 8, ""BP2"": 7, ""NP11"": 1, ""NP12"": 6, ""NP15"": 6, ""NP21"": 5, ""NP22"": 4, ""NP23"": 7, ""NP24"": 1, ""NP30"": 4, ""NP37"": 3, ""NP43"": 4, ""NP44"": 3, ""PC2"": 1, ""PC6"": 7, ""PP18"": 8, ""PP19"": 6, ""PP3"": 5, ""PP8"": 7}",0,[],"[""tissue_general"", ""sequencing_depth_bin""]",False,"[""integer_check"", ""frozen_universe_size"", ""sigma_donor_estimate"", ""envelope_membership""]",2025-01-30,within_collection_control,,"Yoshida 2022, airway",not_applicable,19,"[30,100)","[30,100)"
edc8d3fe-153c-4e3d-8be0-2108d30f8d70,naive B cell,CL:0000788,pending,COVID-19,normal,4,11,2999,"{""A"": {""max"": 384, ""median"": 34.0, ""min"": 19, ""n_cells"": 471, ""n_donors"": 4}, ""B"": {""max"": 929, ""median"": 72.0, ""min"": 14, ""n_cells"": 2528, ""n_donors"": 11}}","{""A"": 2519.0, ""B"": 2749.5}",1365,"[""tissue_general:partial_confound_v=0.351"", ""sequencing_depth_bin:partial_confound_v=0.564"", ""pooled:unresolved — no pool/library id in obs (D3 lower bound)""]","{""assay"": null, ""sequencing_depth_bin"": 0.564, ""suspension_type"": null, ""tissue_general"": 0.351}",unresolved,13,pending,pending,pending,pending,pending,0.2,pending,candidate,[],"{""AP8"": 7, ""NP10"": 3, ""NP12"": 1, ""NP18"": 6, ""NP37"": 8, ""PP12"": 9, ""PP9"": 8}",0,[],"[""tissue_general"", ""sequencing_depth_bin""]",False,"[""integer_check"", ""frozen_universe_size"", ""sigma_donor_estimate"", ""envelope_membership""]",2025-01-30,within_collection_control,,"Yoshida 2022, airway",not_applicable,4,"[30,100)","[30,100)"
edc8d3fe-153c-4e3d-8be0-2108d30f8d70,naive T cell,CL:0000898,pending,COVID-19,normal,9,13,1369,"{""A"": {""max"": 130, ""median"": 25.0, ""min"": 11, ""n_cells"": 475, ""n_donors"": 9}, ""B"": {""max"": 195, ""median"": 59.0, ""min"": 10, ""n_cells"": 894, ""n_donors"": 13}}","{""A"": 2088.0, ""B"": 2668.0}",497420,"[""sequencing_depth_bin:partial_confound_v=0.271"", ""pooled:unresolved — no pool/library id in obs (D3 lower bound)""]","{""assay"": null, ""sequencing_depth_bin"": 0.271, ""suspension_type"": null, ""tissue_general"": 0.0}",unresolved,20,pending,pending,pending,pending,pending,0.35,pending,candidate,[],"{""AN11"": 2, ""AN9"": 5, ""AP11"": 6, ""AP14"": 1, ""AP4"": 1, ""AP5"": 1, ""AP7"": 4, ""AP9"": 1, ""BP2"": 2, ""NP12"": 2, ""NP20"": 3, ""NP23"": 1, ""NP24"": 1, ""NP30"": 2, ""NP32"": 7, ""NP38"": 3, ""PC2"": 2, ""PP1"": 2, ""PP11"": 3, ""PP16"": 1, ""PP18"": 2, ""PP3"": 3, ""PP4"": 1, ""PP9"": 7}",0,[],"[""sequencing_depth_bin""]",False,"[""integer_check"", ""frozen_universe_size"", ""sigma_donor_estimate"", ""envelope_membership""]",2025-01-30,within_collection_control,,"Yoshida 2022, airway",not_applicable,9,"[10,30)","[30,100)"
edc8d3fe-153c-4e3d-8be0-2108d30f8d70,plasma cell,CL:0000786,pending,COVID-19,normal,4,6,546,"{""A"": {""max"": 173, ""median"": 45.0, ""min"": 11, ""n_cells"": 274, ""n_donors"": 4}, ""B"": {""max"": 78, ""median"": 41.5, ""min"": 16, ""n_cells"": 272, ""n_donors"": 6}}","{""A"": 4635.5, ""B"": 8037.0}",210,"[""tissue_general:partial_confound_v=0.311"", ""sequencing_depth_bin:partial_confound_v=0.612"", ""pooled:unresolved — no pool/library id in obs (D3 lower bound)""]","{""assay"": null, ""sequencing_depth_bin"": 0.612, ""suspension_type"": null, ""tissue_general"": 0.311}",unresolved,8,pending,pending,pending,pending,pending,0.2,pending,candidate,[],"{""NP10"": 3, ""NP32"": 9, ""NP35"": 2, ""NP37"": 1, ""NP44"": 3, ""PC11"": 1, ""PP12"": 2, ""PP8"": 3}",0,[],"[""tissue_general"", ""sequencing_depth_bin""]",False,"[""integer_check"", ""frozen_universe_size"", ""sigma_donor_estimate"", ""envelope_membership""]",2025-01-30,within_collection_control,,"Yoshida 2022, airway",not_applicable,4,"[30,100)","[30,100)"
edc8d3fe-153c-4e3d-8be0-2108d30f8d70,pulmonary ionocyte,CL:0017000,pending,COVID-19,normal,18,27,2185,"{""A"": {""max"": 130, ""median"": 39.0, ""min"": 12, ""n_cells"": 934, ""n_donors"": 18}, ""B"": {""max"": 150, ""median"": 31.0, ""min"": 10, ""n_cells"": 1251, ""n_donors"": 27}}","{""A"": 6302.0, ""B"": 3000.0}",1715884494940,"[""tissue_general:partial_confound_v=0.059"", ""sequencing_depth_bin:partial_confound_v=0.401"", ""pooled:unresolved — no pool/library id in obs (D3 lower bound)""]","{""assay"": null, ""sequencing_depth_bin"": 0.401, ""suspension_type"": null, ""tissue_general"": 0.059}",unresolved,43,pending,pending,pending,pending,pending,0.5,pending,candidate,[],"{""AN12"": 4, ""AN14"": 2, ""AP1"": 4, ""AP5"": 9, ""AP7"": 9, ""AP8"": 1, ""BP2"": 7, ""BP3"": 8, ""NP11"": 1, ""NP14"": 8, ""NP19"": 4, ""NP22"": 6, ""NP27"": 7, ""NP28"": 9, ""NP36"": 7, ""PC11"": 5, ""PC2"": 3, ""PP11"": 1, ""PP15"": 1, ""PP17"": 1, ""PP4"": 7}",0,[],"[""tissue_general"", ""sequencing_depth_bin""]",False,"[""integer_check"", ""frozen_universe_size"", ""sigma_donor_estimate"", ""envelope_membership""]",2025-01-30,within_collection_control,,"Yoshida 2022, airway",not_applicable,18,"[30,100)","[30,100)"
edc8d3fe-153c-4e3d-8be0-2108d30f8d70,regulatory T cell,CL:0000815,pending,COVID-19,normal,8,4,218,"{""A"": {""max"": 35, ""median"": 16.5, ""min"": 13, ""n_cells"": 160, ""n_donors"": 8}, ""B"": {""max"": 20, ""median"": 14.0, ""min"": 10, ""n_cells"": 58, ""n_donors"": 4}}","{""A"": 4631.5, ""B"": 2368.0}",495,"[""tissue_general:partial_confound_v=0.025"", ""sequencing_depth_bin:partial_confound_v=0.661"", ""pooled:unresolved — no pool/library id in obs (D3 lower bound)""]","{""assay"": null, ""sequencing_depth_bin"": 0.661, ""suspension_type"": null, ""tissue_general"": 0.025}",unresolved,10,pending,pending,pending,pending,pending,0.2,pending,candidate,[],"{""AN9"": 1, ""AP5"": 1, ""BP2"": 1, ""NP10"": 1, ""NP11"": 1, ""NP12"": 8, ""NP16"": 3, ""NP18"": 1, ""NP19"": 6, ""NP20"": 1, ""NP24"": 1, ""NP28"": 6, ""NP31"": 1, ""NP35"": 4, ""NP36"": 2, ""PC2"": 1, ""PP1"": 3, ""PP12"": 4, ""PP16"": 8, ""PP3"": 3, ""PP5"": 6, ""PP6"": 1, ""PP8"": 4}",0,[],"[""tissue_general"", ""sequencing_depth_bin""]",False,"[""integer_check"", ""frozen_universe_size"", ""sigma_donor_estimate"", ""envelope_membership""]",2025-01-30,within_collection_control,,"Yoshida 2022, airway",not_applicable,4,"[10,30)","[10,30)"
edc8d3fe-153c-4e3d-8be0-2108d30f8d70,secretory cell,CL:0000151,pending,COVID-19,normal,27,40,29702,"{""A"": {""max"": 2281, ""median"": 382.0, ""min"": 23, ""n_cells"": 12471, ""n_donors"": 27}, ""B"": {""max"": 1164, ""median"": 407.0, ""min"": 15, ""n_cells"": 17231, ""n_donors"": 40}}","{""A"": 5753.0, ""B"": 3941.0}",4105075349580976232,"[""assay:1 donor-unique level(s) set aside before screening; 1 level(s) group >= 2 donors and carry the test"", ""tissue_general:partial_confound_v=0.153"", ""sequencing_depth_bin:partial_confound_v=0.186"", ""pooled:unresolved — no pool/library id in obs (D3 lower bound)""]","{""assay"": null, ""sequencing_depth_bin"": 0.186, ""suspension_type"": null, ""tissue_general"": 0.153}",unresolved,65,pending,pending,pending,pending,pending,0.7,pending,candidate,[],"{""BP2"": 3, ""BP3"": 5, ""NP41"": 2, ""PC9"": 1}",0,[],"[""tissue_general"", ""sequencing_depth_bin""]",False,"[""integer_check"", ""frozen_universe_size"", ""sigma_donor_estimate"", ""envelope_membership""]",2025-01-30,within_collection_control,,"Yoshida 2022, airway",not_applicable,27,"[300,1000)","[300,1000)"
edc8d3fe-153c-4e3d-8be0-2108d30f8d70,squamous epithelial cell,CL:0000076,pending,COVID-19,normal,12,7,685,"{""A"": {""max"": 148, ""median"": 24.0, ""min"": 10, ""n_cells"": 463, ""n_donors"": 12}, ""B"": {""max"": 60, ""median"": 29.0, ""min"": 10, ""n_cells"": 222, ""n_donors"": 7}}","{""A"": 3415.0, ""B"": 1769.0}",50388,"[""tissue_general:partial_confound_v=0.516"", ""sequencing_depth_bin:partial_confound_v=0.383"", ""pooled:unresolved — no pool/library id in obs (D3 lower bound)""]","{""assay"": null, ""sequencing_depth_bin"": 0.383, ""suspension_type"": null, ""tissue_general"": 0.516}",unresolved,17,pending,pending,pending,pending,pending,0.2,pending,candidate,[],"{""AN11"": 2, ""AN12"": 3, ""AN6"": 6, ""AN9"": 3, ""AP1"": 3, ""AP11"": 5, ""AP9"": 6, ""BP3"": 2, ""NP10"": 5, ""NP11"": 1, ""NP12"": 1, ""NP13"": 3, ""NP15"": 2, ""NP16"": 5, ""NP17"": 3, ""NP20"": 8, ""NP22"": 1, ""NP24"": 2, ""NP26"": 4, ""NP28"": 2, ""NP30"": 3, ""NP35"": 3, ""NP36"": 1, ""NP37"": 6, ""NP38"": 2, ""NP39"": 7, ""NP41"": 8, ""NP43"": 6, ""NP47"": 4, ""PC11"": 3, ""PC12"": 3, ""PC6"": 3, ""PC9"": 9, ""PP1"": 5, ""PP16"": 2, ""PP17"": 9, ""PP19"": 8, ""PP3"": 5, ""PP7"": 8, ""PP8"": 5, ""PP9"": 3}",0,[],"[""tissue_general"", ""sequencing_depth_bin""]",False,"[""integer_check"", ""frozen_universe_size"", ""sigma_donor_estimate"", ""envelope_membership""]",2025-01-30,within_collection_control,,"Yoshida 2022, airway",not_applicable,7,"[10,30)","[10,30)"
edc8d3fe-153c-4e3d-8be0-2108d30f8d70,tracheal goblet cell,CL:1000329,pending,COVID-19,normal,30,41,68726,"{""A"": {""max"": 7598, ""median"": 848.5, ""min"": 19, ""n_cells"": 31528, ""n_donors"": 30}, ""B"": {""max"": 9085, ""median"": 468.0, ""min"": 12, ""n_cells"": 37198, ""n_donors"": 41}}","{""A"": 6673.0, ""B"": 5055.0}",95846086442150951368,"[""tissue_general:partial_confound_v=0.104"", ""sequencing_depth_bin:partial_confound_v=0.266"", ""pooled:unresolved — no pool/library id in obs (D3 lower bound)""]","{""assay"": null, ""sequencing_depth_bin"": 0.266, ""suspension_type"": null, ""tissue_general"": 0.104}",unresolved,69,pending,pending,pending,pending,pending,0.7,pending,candidate,[],"{""NP11"": 6, ""PP10"": 5, ""PP11"": 4}",0,[],"[""tissue_general"", ""sequencing_depth_bin""]",False,"[""integer_check"", ""frozen_universe_size"", ""sigma_donor_estimate"", ""envelope_membership""]",2025-01-30,within_collection_control,,"Yoshida 2022, airway",not_applicable,30,"[300,1000)","[300,1000)"
edc8d3fe-153c-4e3d-8be0-2108d30f8d70,unknown,unknown,pending,COVID-19,normal,18,18,11807,"{""A"": {""max"": 2345, ""median"": 63.0, ""min"": 10, ""n_cells"": 5984, ""n_donors"": 18}, ""B"": {""max"": 3452, ""median"": 35.0, ""min"": 10, ""n_cells"": 5823, ""n_donors"": 18}}","{""A"": 804.5, ""B"": 1458.0}",9075135300,"[""tissue_general:partial_confound_v=0.185"", ""pooled:unresolved — no pool/library id in obs (D3 lower bound)""]","{""assay"": null, ""sequencing_depth_bin"": 0.0, ""suspension_type"": null, ""tissue_general"": 0.185}",unresolved,34,pending,pending,pending,pending,pending,0.5,pending,candidate,[],"{""AP11"": 5, ""AP8"": 8, ""BP2"": 4, ""NP10"": 2, ""NP11"": 1, ""NP12"": 7, ""NP14"": 9, ""NP17"": 8, ""NP18"": 2, ""NP19"": 3, ""NP20"": 3, ""NP21"": 7, ""NP22"": 2, ""NP23"": 3, ""NP26"": 3, ""NP28"": 3, ""NP37"": 5, ""NP41"": 5, ""NP43"": 9, ""NP44"": 3, ""NP47"": 5, ""PC12"": 1, ""PC2"": 1, ""PC6"": 6, ""PC9"": 3, ""PP11"": 3, ""PP15"": 7, ""PP17"": 8, ""PP19"": 1, ""PP2"": 5, ""PP6"": 3, ""PP9"": 3}",0,[],"[""tissue_general""]",False,"[""integer_check"", ""frozen_universe_size"", ""sigma_donor_estimate"", ""envelope_membership""]",2025-01-30,within_collection_control,,"Yoshida 2022, airway",not_applicable,18,"[30,100)","[30,100)"
8f4f8502-9170-4ac2-9707-3b6985ebfe5f,Schwann cell,CL:0002573,pending,atrial fibrillation,normal,10,23,2292,"{""A"": {""max"": 89, ""median"": 48.0, ""min"": 17, ""n_cells"": 490, ""n_donors"": 10}, ""B"": {""max"": 201, ""median"": 60.0, ""min"": 14, ""n_cells"": 1802, ""n_donors"": 23}}","{""A"": 1310.0, ""B"": 1926.5}",92561040,"[""sequencing_depth_bin:partial_confound_v=0.187"", ""pooled:unresolved — no pool/library id in obs (D3 lower bound)""]","{""assay"": null, ""sequencing_depth_bin"": 0.187, ""suspension_type"": null, ""tissue_general"": null}",unresolved,31,pending,pending,pending,pending,pending,0.35,pending,candidate,[],"{""CB-F35"": 1, ""CB-F45"": 9, ""CB-H69"": 1, ""CB-J15"": 2, ""CB-L45"": 9, ""CB-M68"": 4, ""CB-N16"": 6, ""CB-Q04"": 1, ""CB-Q68"": 9, ""CB-U39"": 5, ""CB-X36"": 2, ""CB-Y27"": 6, ""CB-Z48"": 5}",0,[],"[""sequencing_depth_bin""]",False,"[""integer_check"", ""frozen_universe_size"", ""sigma_donor_estimate"", ""envelope_membership""]",2025-01-30,within_collection_control,,CAREBANK right atrium,not_applicable,10,"[30,100)","[30,100)"
8f4f8502-9170-4ac2-9707-3b6985ebfe5f,adipocyte,CL:0000136,pending,atrial fibrillation,normal,9,12,1876,"{""A"": {""max"": 294, ""median"": 56.0, ""min"": 10, ""n_cells"": 938, ""n_donors"": 9}, ""B"": {""max"": 323, ""median"": 50.5, ""min"": 18, ""n_cells"": 938, ""n_donors"": 12}}","{""A"": 1378.0, ""B"": 1510.0}",293930,"[""sequencing_depth_bin:partial_confound_v=0.624"", ""pooled:unresolved — no pool/library id in obs (D3 lower bound)""]","{""assay"": null, ""sequencing_depth_bin"": 0.624, ""suspension_type"": null, ""tissue_general"": null}",unresolved,19,pending,pending,pending,pending,pending,0.35,pending,candidate,[],"{""CB-A04"": 1, ""CB-B84"": 1, ""CB-D39"": 1, ""CB-E46"": 3, ""CB-F42"": 1, ""CB-G43"": 3, ""CB-H64"": 1, ""CB-J15"": 2, ""CB-N27"": 7, ""CB-O20"": 1, ""CB-Q37"": 9, ""CB-Q68"": 5, ""CB-R32"": 6, ""CB-S12"": 3, ""CB-S44"": 2, ""CB-S72"": 2, ""CB-U39"": 2, ""CB-Y27"": 2}",0,[],"[""sequencing_depth_bin""]",False,"[""integer_check"", ""frozen_universe_size"", ""sigma_donor_estimate"", ""envelope_membership""]",2025-01-30,within_collection_control,,CAREBANK right atrium,not_applicable,9,"[30,100)","[30,100)"
8f4f8502-9170-4ac2-9707-3b6985ebfe5f,cardiac blood vessel endothelial cell,CL:0010006,pending,atrial fibrillation,normal,15,31,20248,"{""A"": {""max"": 1782, ""median"": 442.0, ""min"": 58, ""n_cells"": 7744, ""n_donors"": 15}, ""B"": {""max"": 879, ""median"": 429.0, ""min"": 30, ""n_cells"": 12504, ""n_donors"": 31}}","{""A"": 1675.5, ""B"": 2140.0}",511738760544,"[""sequencing_depth_bin:partial_confound_v=0.277"", ""pooled:unresolved — no pool/library id in obs (D3 lower bound)""]","{""assay"": null, ""sequencing_depth_bin"": 0.277, ""suspension_type"": null, ""tissue_general"": null}",unresolved,44,pending,pending,pending,pending,pending,0.5,pending,candidate,[],{},0,[],"[""sequencing_depth_bin""]",False,"[""integer_check"", ""frozen_universe_size"", ""sigma_donor_estimate"", ""envelope_membership""]",2025-01-30,within_collection_control,,CAREBANK right atrium,not_applicable,15,"[300,1000)","[300,1000)"
8f4f8502-9170-4ac2-9707-3b6985ebfe5f,cardiac muscle cell,CL:0000746,pending,atrial fibrillation,normal,15,31,44787,"{""A"": {""max"": 2039, ""median"": 836.0, ""min"": 232, ""n_cells"": 14857, ""n_donors"": 15}, ""B"": {""max"": 2380, ""median"": 902.0, ""min"": 109, ""n_cells"": 29930, ""n_donors"": 31}}","{""A"": 2115.0, ""B"": 3314.0}",511738760544,"[""sequencing_depth_bin:partial_confound_v=0.315"", ""pooled:unresolved — no pool/library id in obs (D3 lower bound)""]","{""assay"": null, ""sequencing_depth_bin"": 0.315, ""suspension_type"": null, ""tissue_general"": null}",unresolved,44,pending,pending,pending,pending,pending,0.5,pending,candidate,[],{},0,[],"[""sequencing_depth_bin""]",False,"[""integer_check"", ""frozen_universe_size"", ""sigma_donor_estimate"", ""envelope_membership""]",2025-01-30,within_collection_control,,CAREBANK right atrium,not_applicable,15,"[300,1000)","[300,1000)"
8f4f8502-9170-4ac2-9707-3b6985ebfe5f,endocardial cell,CL:0002350,pending,atrial fibrillation,normal,15,31,62580,"{""A"": {""max"": 3556, ""median"": 1375.0, ""min"": 31, ""n_cells"": 21595, ""n_donors"": 15}, ""B"": {""max"": 4122, ""median"": 1183.0, ""min"": 91, ""n_cells"": 40985, ""n_donors"": 31}}","{""A"": 1695.0, ""B"": 2500.0}",511738760544,"[""sequencing_depth_bin:partial_confound_v=0.318"", ""pooled:unresolved — no pool/library id in obs (D3 lower bound)""]","{""assay"": null, ""sequencing_depth_bin"": 0.318, ""suspension_type"": null, ""tissue_general"": null}",unresolved,44,pending,pending,pending,pending,pending,0.5,pending,candidate,[],{},0,[],"[""sequencing_depth_bin""]",False,"[""integer_check"", ""frozen_universe_size"", ""sigma_donor_estimate"", ""envelope_membership""]",2025-01-30,within_collection_control,,CAREBANK right atrium,not_applicable,15,"[1000,3000)","[1000,3000)"
8f4f8502-9170-4ac2-9707-3b6985ebfe5f,fibroblast,CL:0000057,pending,atrial fibrillation,normal,15,31,50893,"{""A"": {""max"": 3261, ""median"": 511.0, ""min"": 53, ""n_cells"": 15911, ""n_donors"": 15}, ""B"": {""max"": 3171, ""median"": 718.0, ""min"": 60, ""n_cells"": 34982, ""n_donors"": 31}}","{""A"": 1510.0, ""B"": 2255.5}",511738760544,"[""sequencing_depth_bin:partial_confound_v=0.245"", ""pooled:unresolved — no pool/library id in obs (D3 lower bound)""]","{""assay"": null, ""sequencing_depth_bin"": 0.245, ""suspension_type"": null, ""tissue_general"": null}",unresolved,44,pending,pending,pending,pending,pending,0.5,pending,candidate,[],{},0,[],"[""sequencing_depth_bin""]",False,"[""integer_check"", ""frozen_universe_size"", ""sigma_donor_estimate"", ""envelope_membership""]",2025-01-30,within_collection_control,,CAREBANK right atrium,not_applicable,15,"[300,1000)","[300,1000)"
8f4f8502-9170-4ac2-9707-3b6985ebfe5f,lymphocyte,CL:0000542,pending,atrial fibrillation,normal,9,18,2852,"{""A"": {""max"": 185, ""median"": 33.0, ""min"": 13, ""n_cells"": 548, ""n_donors"": 9}, ""B"": {""max"": 1263, ""median"": 41.0, ""min"": 17, ""n_cells"": 2304, ""n_donors"": 18}}","{""A"": 1091.0, ""B"": 2287.0}",4686825,"[""sequencing_depth_bin:partial_confound_v=0.333"", ""pooled:unresolved — no pool/library id in obs (D3 lower bound)""]","{""assay"": null, ""sequencing_depth_bin"": 0.333, ""suspension_type"": null, ""tissue_general"": null}",unresolved,25,pending,pending,pending,pending,pending,0.35,pending,candidate,[],"{""CB-B45"": 6, ""CB-B84"": 4, ""CB-F45"": 5, ""CB-J15"": 1, ""CB-K68"": 7, ""CB-L45"": 5, ""CB-M68"": 3, ""CB-N16"": 1, ""CB-N27"": 6, ""CB-P05"": 9, ""CB-Q68"": 9, ""CB-S44"": 4, ""CB-U02"": 4, ""CB-U39"": 2, ""CB-Y27"": 2, ""CB-Z48"": 1, ""CB-Z78"": 3}",0,[],"[""sequencing_depth_bin""]",False,"[""integer_check"", ""frozen_universe_size"", ""sigma_donor_estimate"", ""envelope_membership""]",2025-01-30,within_collection_control,,CAREBANK right atrium,not_applicable,9,"[30,100)","[30,100)"
8f4f8502-9170-4ac2-9707-3b6985ebfe5f,macrophage,CL:0000235,pending,atrial fibrillation,normal,15,28,9170,"{""A"": {""max"": 709, ""median"": 84.0, ""min"": 10, ""n_cells"": 2610, ""n_donors"": 15}, ""B"": {""max"": 1275, ""median"": 163.0, ""min"": 11, ""n_cells"": 6560, ""n_donors"": 28}}","{""A"": 1371.5, ""B"": 2173.0}",151532656696,"[""sequencing_depth_bin:partial_confound_v=0.218"", ""pooled:unresolved — no pool/library id in obs (D3 lower bound)""]","{""assay"": null, ""sequencing_depth_bin"": 0.218, ""suspension_type"": null, ""tissue_general"": null}",unresolved,41,pending,pending,pending,pending,pending,0.5,pending,candidate,[],"{""CB-F45"": 9, ""CB-H69"": 5, ""CB-O20"": 8}",0,[],"[""sequencing_depth_bin""]",False,"[""integer_check"", ""frozen_universe_size"", ""sigma_donor_estimate"", ""envelope_membership""]",2025-01-30,within_collection_control,,CAREBANK right atrium,not_applicable,15,"[30,100)","[100,300)"
8f4f8502-9170-4ac2-9707-3b6985ebfe5f,mesothelial cell,CL:0000077,pending,atrial fibrillation,normal,11,23,20414,"{""A"": {""max"": 2198, ""median"": 490.0, ""min"": 31, ""n_cells"": 6974, ""n_donors"": 11}, ""B"": {""max"": 1816, ""median"": 246.0, ""min"": 10, ""n_cells"": 13440, ""n_donors"": 23}}","{""A"": 2810.5, ""B"": 3360.5}",286097760,"[""sequencing_depth_bin:partial_confound_v=0.248"", ""pooled:unresolved — no pool/library id in obs (D3 lower bound)""]","{""assay"": null, ""sequencing_depth_bin"": 0.248, ""suspension_type"": null, ""tissue_general"": null}",unresolved,32,pending,pending,pending,pending,pending,0.35,pending,candidate,[],"{""CB-D39"": 2, ""CB-L45"": 5, ""CB-O72"": 1, ""CB-Q04"": 1, ""CB-S05"": 1, ""CB-Z48"": 5}",0,[],"[""sequencing_depth_bin""]",False,"[""integer_check"", ""frozen_universe_size"", ""sigma_donor_estimate"", ""envelope_membership""]",2025-01-30,within_collection_control,,CAREBANK right atrium,not_applicable,11,"[300,1000)","[100,300)"
8f4f8502-9170-4ac2-9707-3b6985ebfe5f,pericyte,CL:0000669,pending,atrial fibrillation,normal,15,28,3228,"{""A"": {""max"": 165, ""median"": 60.0, ""min"": 10, ""n_cells"": 1038, ""n_donors"": 15}, ""B"": {""max"": 244, ""median"": 58.5, ""min"": 12, ""n_cells"": 2190, ""n_donors"": 28}}","{""A"": 1473.0, ""B"": 1954.0}",151532656696,"[""sequencing_depth_bin:partial_confound_v=0.312"", ""pooled:unresolved — no pool/library id in obs (D3 lower bound)""]","{""assay"": null, ""sequencing_depth_bin"": 0.312, ""suspension_type"": null, ""tissue_general"": null}",unresolved,41,pending,pending,pending,pending,pending,0.5,pending,candidate,[],"{""CB-H69"": 2, ""CB-M68"": 5, ""CB-Q68"": 5}",0,[],"[""sequencing_depth_bin""]",False,"[""integer_check"", ""frozen_universe_size"", ""sigma_donor_estimate"", ""envelope_membership""]",2025-01-30,within_collection_control,,CAREBANK right atrium,not_applicable,15,"[30,100)","[30,100)"
8f4f8502-9170-4ac2-9707-3b6985ebfe5f,smooth muscle cell,CL:0000192,pending,atrial fibrillation,normal,11,24,1528,"{""A"": {""max"": 140, ""median"": 40.0, ""min"": 10, ""n_cells"": 493, ""n_donors"": 11}, ""B"": {""max"": 103, ""median"": 33.0, ""min"": 10, ""n_cells"": 1035, ""n_donors"": 24}}","{""A"": 1397.0, ""B"": 1984.0}",417225900,"[""sequencing_depth_bin:partial_confound_v=0.303"", ""pooled:unresolved — no pool/library id in obs (D3 lower bound)""]","{""assay"": null, ""sequencing_depth_bin"": 0.303, ""suspension_type"": null, ""tissue_general"": null}",unresolved,33,pending,pending,pending,pending,pending,0.35,pending,candidate,[],"{""CB-B84"": 4, ""CB-F45"": 9, ""CB-M68"": 4, ""CB-N02"": 4, ""CB-N16"": 3, ""CB-Q68"": 6, ""CB-S44"": 5, ""CB-U39"": 8, ""CB-X36"": 6, ""CB-Z48"": 5}",0,[],"[""sequencing_depth_bin""]",False,"[""integer_check"", ""frozen_universe_size"", ""sigma_donor_estimate"", ""envelope_membership""]",2025-01-30,within_collection_control,,CAREBANK right atrium,not_applicable,11,"[30,100)","[30,100)"
dea717d4-7bc0-4e46-950f-fd7e1cc8df7d,B cell,CL:0000236,pending,acute kidney failure,normal,11,7,1370,"{""A"": {""max"": 300, ""median"": 56.0, ""min"": 13, ""n_cells"": 1004, ""n_donors"": 11}, ""B"": {""max"": 144, ""median"": 49.0, ""min"": 14, ""n_cells"": 366, ""n_donors"": 7}}","{""A"": 1768.0, ""B"": 3571.0}",31824,"[""sequencing_depth_bin:partial_confound_v=0.426"", ""pooled:unresolved — no pool/library id in obs (D3 lower bound)""]","{""assay"": null, ""sequencing_depth_bin"": 0.426, ""suspension_type"": null, ""tissue_general"": null}",unresolved,16,pending,pending,pending,pending,pending,0.2,pending,candidate,[],"{""164-10"": 1, ""164-6"": 1, ""165-9"": 2, ""33-10006"": 2, ""34-10184"": 3, ""PRE027"": 3, ""PRE038"": 2, ""PRE055-1"": 5, ""PRE98sc"": 1, ""Sample1157-EO1"": 1, ""Sample1157-EO2"": 1, ""Sample1157-EO3"": 7, ""Sample1158-EO1"": 1, ""Sample1162-EO2"": 1}",0,[],"[""sequencing_depth_bin""]",False,"[""integer_check"", ""frozen_universe_size"", ""sigma_donor_estimate"", ""envelope_membership""]",2025-01-30,within_collection_control,,KPMP adult human kidney scRNA-seq v1.5,not_applicable,7,"[30,100)","[30,100)"
dea717d4-7bc0-4e46-950f-fd7e1cc8df7d,T cell,CL:0000084,pending,acute kidney failure,normal,14,19,6095,"{""A"": {""max"": 919, ""median"": 212.0, ""min"": 21, ""n_cells"": 3852, ""n_donors"": 14}, ""B"": {""max"": 654, ""median"": 34.0, ""min"": 10, ""n_cells"": 2243, ""n_donors"": 19}}","{""A"": 1854.0, ""B"": 3301.0}",818809200,"[""sequencing_depth_bin:partial_confound_v=0.313"", ""pooled:unresolved — no pool/library id in obs (D3 lower bound)""]","{""assay"": null, ""sequencing_depth_bin"": 0.313, ""suspension_type"": null, ""tissue_general"": null}",unresolved,31,pending,pending,pending,pending,pending,0.5,pending,candidate,[],"{""163-3"": 5, ""164-3"": 3, ""PRE027"": 5, ""Sample1157-EO2"": 5, ""Sample1158-EO1"": 7, ""Sample1158-EO3"": 5, ""Sample1162-EO1"": 2}",0,[],"[""sequencing_depth_bin""]",False,"[""integer_check"", ""frozen_universe_size"", ""sigma_donor_estimate"", ""envelope_membership""]",2025-01-30,within_collection_control,,KPMP adult human kidney scRNA-seq v1.5,not_applicable,14,"[100,300)","[30,100)"
dea717d4-7bc0-4e46-950f-fd7e1cc8df7d,conventional dendritic cell,CL:0000990,pending,acute kidney failure,normal,13,7,1210,"{""A"": {""max"": 336, ""median"": 45.0, ""min"": 10, ""n_cells"": 1006, ""n_donors"": 13}, ""B"": {""max"": 77, ""median"": 23.0, ""min"": 10, ""n_cells"": 204, ""n_donors"": 7}}","{""A"": 3462.0, ""B"": 3112.5}",77520,"[""sequencing_depth_bin:partial_confound_v=0.127"", ""pooled:unresolved — no pool/library id in obs (D3 lower bound)""]","{""assay"": null, ""sequencing_depth_bin"": 0.127, ""suspension_type"": null, ""tissue_general"": null}",unresolved,18,pending,pending,pending,pending,pending,0.2,pending,candidate,[],"{""163-3"": 6, ""164-10"": 2, ""164-6"": 8, ""165-9"": 9, ""33-10006"": 6, ""PRE018-1"": 2, ""PRE038"": 3, ""PRE055-1"": 5, ""PRE062-1"": 4, ""Sample1153-EO1"": 9, ""Sample1153-EO2"": 7, ""Sample1153-EO3"": 8, ""Sample1157-EO1"": 7, ""Sample1157-EO2"": 1, ""Sample1157-EO3"": 5, ""Sample1158-EO1"": 1, ""Sample1158-EO2"": 9, ""Sample1158-EO3"": 4, ""Sample1162-EO1"": 1, ""Sample1162-EO2"": 3}",0,[],"[""sequencing_depth_bin""]",False,"[""integer_check"", ""frozen_universe_size"", ""sigma_donor_estimate"", ""envelope_membership""]",2025-01-30,within_collection_control,,KPMP adult human kidney scRNA-seq v1.5,not_applicable,7,"[30,100)","[10,30)"
dea717d4-7bc0-4e46-950f-fd7e1cc8df7d,cytotoxic T cell,CL:0000910,pending,acute kidney failure,normal,8,5,1003,"{""A"": {""max"": 335, ""median"": 28.5, ""min"": 15, ""n_cells"": 619, ""n_donors"": 8}, ""B"": {""max"": 181, ""median"": 57.0, ""min"": 14, ""n_cells"": 384, ""n_donors"": 5}}","{""A"": 3448.0, ""B"": 3123.5}",1287,"[""sequencing_depth_bin:partial_confound_v=0.605"", ""pooled:unresolved — no pool/library id in obs (D3 lower bound)""]","{""assay"": null, ""sequencing_depth_bin"": 0.605, ""suspension_type"": null, ""tissue_general"": null}",unresolved,11,pending,pending,pending,pending,pending,0.2,pending,candidate,[],"{""163-3"": 4, ""164-6"": 1, ""165-9"": 7, ""30-10123"": 3, ""30-10929"": 1, ""33-10005"": 9, ""34-10184"": 4, ""34-10187"": 9, ""PRE019"": 8, ""PRE027"": 1, ""PRE055-1"": 6, ""PRE062-1"": 8, ""PRE98sc"": 1, ""Sample1153-EO1"": 5, ""Sample1153-EO2"": 7, ""Sample1157-EO1"": 7, ""Sample1157-EO2"": 5, ""Sample1157-EO3"": 5, ""Sample1158-EO1"": 1, ""Sample1158-EO2"": 1, ""Sample1158-EO3"": 3, ""Sample1162-EO2"": 3}",0,[],"[""sequencing_depth_bin""]",False,"[""integer_check"", ""frozen_universe_size"", ""sigma_donor_estimate"", ""envelope_membership""]",2025-01-30,within_collection_control,,KPMP adult human kidney scRNA-seq v1.5,not_applicable,5,"[10,30)","[30,100)"
dea717d4-7bc0-4e46-950f-fd7e1cc8df7d,endothelial cell,CL:0000115,pending,acute kidney failure,normal,14,25,7307,"{""A"": {""max"": 582, ""median"": 155.0, ""min"": 36, ""n_cells"": 2507, ""n_donors"": 14}, ""B"": {""max"": 563, ""median"": 171.0, ""min"": 51, ""n_cells"": 4800, ""n_donors"": 25}}","{""A"": 2088.0, ""B"": 2800.5}",15084504396,"[""sequencing_depth_bin:partial_confound_v=0.273"", ""pooled:unresolved — no pool/library id in obs (D3 lower bound)""]","{""assay"": null, ""sequencing_depth_bin"": 0.273, ""suspension_type"": null, ""tissue_general"": null}",unresolved,37,pending,pending,pending,pending,pending,0.5,pending,candidate,[],"{""163-2"": 1}",0,[],"[""sequencing_depth_bin""]",False,"[""integer_check"", ""frozen_universe_size"", ""sigma_donor_estimate"", ""envelope_membership""]",2025-01-30,within_collection_control,,KPMP adult human kidney scRNA-seq v1.5,not_applicable,14,"[100,300)","[100,300)"
dea717d4-7bc0-4e46-950f-fd7e1cc8df7d,epithelial cell of proximal tubule,CL:0002306,pending,acute kidney failure,normal,14,23,25058,"{""A"": {""max"": 3971, ""median"": 710.5, ""min"": 71, ""n_cells"": 15099, ""n_donors"": 14}, ""B"": {""max"": 1453, ""median"": 300.0, ""min"": 16, ""n_cells"": 9959, ""n_donors"": 23}}","{""A"": 3093.0, ""B"": 3113.0}",6107086800,"[""sequencing_depth_bin:partial_confound_v=0.07"", ""pooled:unresolved — no pool/library id in obs (D3 lower bound)""]","{""assay"": null, ""sequencing_depth_bin"": 0.07, ""suspension_type"": null, ""tissue_general"": null}",unresolved,35,pending,pending,pending,pending,pending,0.5,pending,candidate,[],"{""163-3"": 6}",0,[],"[""sequencing_depth_bin""]",False,"[""integer_check"", ""frozen_universe_size"", ""sigma_donor_estimate"", ""envelope_membership""]",2025-01-30,within_collection_control,,KPMP adult human kidney scRNA-seq v1.5,not_applicable,14,"[300,1000)","[300,1000)"
dea717d4-7bc0-4e46-950f-fd7e1cc8df7d,kidney collecting duct intercalated cell,CL:1001432,pending,acute kidney failure,normal,14,22,4302,"{""A"": {""max"": 276, ""median"": 77.0, ""min"": 11, ""n_cells"": 1318, ""n_donors"": 14}, ""B"": {""max"": 383, ""median"": 95.0, ""min"": 16, ""n_cells"": 2984, ""n_donors"": 22}}","{""A"": 5485.0, ""B"": 8827.0}",3796297200,"[""sequencing_depth_bin:partial_confound_v=0.403"", ""pooled:unresolved — no pool/library id in obs (D3 lower bound)""]","{""assay"": null, ""sequencing_depth_bin"": 0.403, ""suspension_type"": null, ""tissue_general"": null}",unresolved,34,pending,pending,pending,pending,pending,0.5,pending,candidate,[],"{""Sample1158-EO1"": 4}",0,[],"[""sequencing_depth_bin""]",False,"[""integer_check"", ""frozen_universe_size"", ""sigma_donor_estimate"", ""envelope_membership""]",2025-01-30,within_collection_control,,KPMP adult human kidney scRNA-seq v1.5,not_applicable,14,"[30,100)","[30,100)"
dea717d4-7bc0-4e46-950f-fd7e1cc8df7d,kidney collecting duct principal cell,CL:1001431,pending,acute kidney failure,normal,14,23,8626,"{""A"": {""max"": 711, ""median"": 236.5, ""min"": 17, ""n_cells"": 3949, ""n_donors"": 14}, ""B"": {""max"": 963, ""median"": 170.0, ""min"": 12, ""n_cells"": 4677, ""n_donors"": 23}}","{""A"": 4525.0, ""B"": 7663.0}",6107086800,"[""sequencing_depth_bin:partial_confound_v=0.662"", ""pooled:unresolved — no pool/library id in obs (D3 lower bound)""]","{""assay"": null, ""sequencing_depth_bin"": 0.662, ""suspension_type"": null, ""tissue_general"": null}",unresolved,35,pending,pending,pending,pending,pending,0.5,pending,candidate,[],"{""163-2"": 2, ""163-4"": 3}",0,[],"[""sequencing_depth_bin""]",False,"[""integer_check"", ""frozen_universe_size"", ""sigma_donor_estimate"", ""envelope_membership""]",2025-01-30,within_collection_control,,KPMP adult human kidney scRNA-seq v1.5,not_applicable,14,"[100,300)","[100,300)"
dea717d4-7bc0-4e46-950f-fd7e1cc8df7d,kidney connecting tubule epithelial cell,CL:1000768,pending,acute kidney failure,normal,9,16,2771,"{""A"": {""max"": 363, ""median"": 63.0, ""min"": 15, ""n_cells"": 1165, ""n_donors"": 9}, ""B"": {""max"": 259, ""median"": 76.0, ""min"": 19, ""n_cells"": 1606, ""n_donors"": 16}}","{""A"": 5239.0, ""B"": 7353.0}",2042975,"[""sequencing_depth_bin:partial_confound_v=0.403"", ""pooled:unresolved — no pool/library id in obs (D3 lower bound)""]","{""assay"": null, ""sequencing_depth_bin"": 0.403, ""suspension_type"": null, ""tissue_general"": null}",unresolved,23,pending,pending,pending,pending,pending,0.35,pending,candidate,[],"{""PRE055-1"": 7, ""Sample1157-EO2"": 8, ""Sample1157-EO3"": 3, ""Sample1158-EO2"": 8}",0,[],"[""sequencing_depth_bin""]",False,"[""integer_check"", ""frozen_universe_size"", ""sigma_donor_estimate"", ""envelope_membership""]",2025-01-30,within_collection_control,,KPMP adult human kidney scRNA-seq v1.5,not_applicable,9,"[30,100)","[30,100)"
dea717d4-7bc0-4e46-950f-fd7e1cc8df7d,kidney distal convoluted tubule epithelial cell,CL:1000849,pending,acute kidney failure,normal,12,19,4058,"{""A"": {""max"": 307, ""median"": 72.0, ""min"": 13, ""n_cells"": 1238, ""n_donors"": 12}, ""B"": {""max"": 426, ""median"": 112.0, ""min"": 18, ""n_cells"": 2820, ""n_donors"": 19}}","{""A"": 5308.0, ""B"": 6883.5}",141120525,"[""sequencing_depth_bin:partial_confound_v=0.432"", ""pooled:unresolved — no pool/library id in obs (D3 lower bound)""]","{""assay"": null, ""sequencing_depth_bin"": 0.432, ""suspension_type"": null, ""tissue_general"": null}",unresolved,29,pending,pending,pending,pending,pending,0.35,pending,candidate,[],"{""33-10005"": 9, ""34-10184"": 1, ""PRE055-1"": 5, ""Sample1158-EO2"": 1}",0,[],"[""sequencing_depth_bin""]",False,"[""integer_check"", ""frozen_universe_size"", ""sigma_donor_estimate"", ""envelope_membership""]",2025-01-30,within_collection_control,,KPMP adult human kidney scRNA-seq v1.5,not_applicable,12,"[30,100)","[100,300)"
dea717d4-7bc0-4e46-950f-fd7e1cc8df7d,kidney interstitial alternatively activated macrophage,CL:1000695,pending,acute kidney failure,normal,12,10,1193,"{""A"": {""max"": 275, ""median"": 38.0, ""min"": 10, ""n_cells"": 791, ""n_donors"": 12}, ""B"": {""max"": 99, ""median"": 15.5, ""min"": 10, ""n_cells"": 402, ""n_donors"": 10}}","{""A"": 3936.0, ""B"": 2233.5}",646646,"[""sequencing_depth_bin:partial_confound_v=0.538"", ""pooled:unresolved — no pool/library id in obs (D3 lower bound)""]","{""assay"": null, ""sequencing_depth_bin"": 0.538, ""suspension_type"": null, ""tissue_general"": null}",unresolved,20,pending,pending,pending,pending,pending,0.35,pending,candidate,[],"{""163-3"": 1, ""164-10"": 7, ""164-3"": 3, ""165-9"": 3, ""34-10184"": 1, ""34-10187"": 2, ""PRE027"": 4, ""PRE038"": 1, ""PRE055-1"": 5, ""PRE98sc"": 2, ""Sample1153-EO1"": 5, ""Sample1153-EO2"": 2, ""Sample1157-EO2"": 6, ""Sample1157-EO3"": 3, ""Sample1158-EO1"": 3, ""Sample1158-EO2"": 7, ""Sample1158-EO3"": 4, ""Sample1162-EO1"": 7}",0,[],"[""sequencing_depth_bin""]",False,"[""integer_check"", ""frozen_universe_size"", ""sigma_donor_estimate"", ""envelope_membership""]",2025-01-30,within_collection_control,,KPMP adult human kidney scRNA-seq v1.5,not_applicable,10,"[30,100)","[10,30)"
dea717d4-7bc0-4e46-950f-fd7e1cc8df7d,kidney interstitial cell,CL:1000500,pending,acute kidney failure,normal,11,26,3373,"{""A"": {""max"": 268, ""median"": 40.0, ""min"": 10, ""n_cells"": 764, ""n_donors"": 11}, ""B"": {""max"": 853, ""median"": 57.5, ""min"": 18, ""n_cells"": 2609, ""n_donors"": 26}}","{""A"": 2437.0, ""B"": 4442.0}",854992152,"[""sequencing_depth_bin:partial_confound_v=0.268"", ""pooled:unresolved — no pool/library id in obs (D3 lower bound)""]","{""assay"": null, ""sequencing_depth_bin"": 0.268, ""suspension_type"": null, ""tissue_general"": null}",unresolved,35,pending,pending,pending,pending,pending,0.35,pending,candidate,[],"{""30-10034"": 9, ""30-10123"": 8, ""33-10006"": 9}",0,[],"[""sequencing_depth_bin""]",False,"[""integer_check"", ""frozen_universe_size"", ""sigma_donor_estimate"", ""envelope_membership""]",2025-01-30,within_collection_control,,KPMP adult human kidney scRNA-seq v1.5,not_applicable,11,"[30,100)","[30,100)"
dea717d4-7bc0-4e46-950f-fd7e1cc8df7d,kidney loop of Henle thick ascending limb epithelial cell,CL:1001106,pending,acute kidney failure,normal,13,23,16381,"{""A"": {""max"": 4226, ""median"": 374.0, ""min"": 24, ""n_cells"": 9642, ""n_donors"": 13}, ""B"": {""max"": 1338, ""median"": 197.0, ""min"": 31, ""n_cells"": 6739, ""n_donors"": 23}}","{""A"": 3167.5, ""B"": 5916.0}",2310789600,"[""sequencing_depth_bin:partial_confound_v=0.59"", ""pooled:unresolved — no pool/library id in obs (D3 lower bound)""]","{""assay"": null, ""sequencing_depth_bin"": 0.59, ""suspension_type"": null, ""tissue_general"": null}",unresolved,34,pending,pending,pending,pending,pending,0.5,pending,candidate,[],"{""163-4"": 2, ""33-10006"": 5}",0,[],"[""sequencing_depth_bin""]",False,"[""integer_check"", ""frozen_universe_size"", ""sigma_donor_estimate"", ""envelope_membership""]",2025-01-30,within_collection_control,,KPMP adult human kidney scRNA-seq v1.5,not_applicable,13,"[300,1000)","[100,300)"
dea717d4-7bc0-4e46-950f-fd7e1cc8df7d,kidney loop of Henle thin ascending limb epithelial cell,CL:1001107,pending,acute kidney failure,normal,11,3,1777,"{""A"": {""max"": 342, ""median"": 146.0, ""min"": 15, ""n_cells"": 1509, ""n_donors"": 11}, ""B"": {""max"": 140, ""median"": 116.0, ""min"": 12, ""n_cells"": 268, ""n_donors"": 3}}","{""A"": 4749.0, ""B"": 9102.0}",364,"[""sequencing_depth_bin:partial_confound_v=0.389"", ""pooled:unresolved — no pool/library id in obs (D3 lower bound)""]","{""assay"": null, ""sequencing_depth_bin"": 0.389, ""suspension_type"": null, ""tissue_general"": null}",unresolved,12,pending,pending,pending,pending,pending,,pending,candidate,[],"{""163-2"": 1, ""163-4"": 1, ""164-10"": 7, ""164-3"": 2, ""165-9"": 2, ""30-10034"": 5, ""32-10034"": 8, ""33-10006"": 3, ""PRE018-1"": 9, ""PRE019"": 3, ""PRE055-1"": 4, ""PRE062-1"": 1, ""PRE98sc"": 8, ""Sample1153-EO1"": 6, ""Sample1153-EO2"": 1, ""Sample1157-EO1"": 1, ""Sample1158-EO1"": 1, ""Sample1158-EO3"": 2, ""Sample1162-EO1"": 3, ""Sample1162-EO2"": 8}",0,[],"[""sequencing_depth_bin""]",False,"[""integer_check"", ""frozen_universe_size"", ""sigma_donor_estimate"", ""envelope_membership""]",2025-01-30,within_collection_control,,KPMP adult human kidney scRNA-seq v1.5,not_applicable,3,"[100,300)","[100,300)"
dea717d4-7bc0-4e46-950f-fd7e1cc8df7d,kidney loop of Henle thin descending limb epithelial cell,CL:1001111,pending,acute kidney failure,normal,4,3,1785,"{""A"": {""max"": 866, ""median"": 332.5, ""min"": 11, ""n_cells"": 1542, ""n_donors"": 4}, ""B"": {""max"": 159, ""median"": 74.0, ""min"": 10, ""n_cells"": 243, ""n_donors"": 3}}","{""A"": 2345.5, ""B"": 4049.0}",35,"[""sequencing_depth_bin:partial_confound_v=0.565"", ""pooled:unresolved — no pool/library id in obs (D3 lower bound)""]","{""assay"": null, ""sequencing_depth_bin"": 0.565, ""suspension_type"": null, ""tissue_general"": null}",unresolved,5,pending,pending,pending,pending,pending,,pending,candidate,[],"{""164-10"": 1, ""30-10929"": 9, ""32-10074"": 1, ""34-10050"": 3, ""PRE019"": 2, ""Sample1157-EO2"": 2, ""Sample1158-EO2"": 5}",0,[],"[""sequencing_depth_bin""]",False,"[""integer_check"", ""frozen_universe_size"", ""sigma_donor_estimate"", ""envelope_membership""]",2025-01-30,within_collection_control,,KPMP adult human kidney scRNA-seq v1.5,not_applicable,3,"[300,1000)","[30,100)"
dea717d4-7bc0-4e46-950f-fd7e1cc8df7d,mature NK T cell,CL:0000814,pending,acute kidney failure,normal,12,6,1839,"{""A"": {""max"": 878, ""median"": 57.5, ""min"": 12, ""n_cells"": 1693, ""n_donors"": 12}, ""B"": {""max"": 52, ""median"": 15.5, ""min"": 11, ""n_cells"": 146, ""n_donors"": 6}}","{""A"": 1306.0, ""B"": 2687.5}",18564,"[""sequencing_depth_bin:partial_confound_v=0.577"", ""pooled:unresolved — no pool/library id in obs (D3 lower bound)""]","{""assay"": null, ""sequencing_depth_bin"": 0.577, ""suspension_type"": null, ""tissue_general"": null}",unresolved,16,pending,pending,pending,pending,pending,0.2,pending,candidate,[],"{""163-3"": 1, ""163-5"": 7, ""164-10"": 3, ""164-6"": 5, ""165-9"": 2, ""30-10034"": 5, ""PRE018-1"": 8, ""PRE019"": 2, ""PRE055-1"": 1, ""Sample1153-EO1"": 2, ""Sample1153-EO2"": 9, ""Sample1157-EO2"": 3, ""Sample1157-EO3"": 4, ""Sample1162-EO1"": 3, ""Sample1162-EO2"": 2}",0,[],"[""sequencing_depth_bin""]",False,"[""integer_check"", ""frozen_universe_size"", ""sigma_donor_estimate"", ""envelope_membership""]",2025-01-30,within_collection_control,,KPMP adult human kidney scRNA-seq v1.5,not_applicable,6,"[30,100)","[10,30)"
dea717d4-7bc0-4e46-950f-fd7e1cc8df7d,monocyte,CL:0000576,pending,acute kidney failure,normal,11,14,1545,"{""A"": {""max"": 202, ""median"": 71.0, ""min"": 14, ""n_cells"": 1147, ""n_donors"": 11}, ""B"": {""max"": 71, ""median"": 20.0, ""min"": 13, ""n_cells"": 398, ""n_donors"": 14}}","{""A"": 2650.0, ""B"": 5652.0}",4457400,"[""sequencing_depth_bin:partial_confound_v=0.51"", ""pooled:unresolved — no pool/library id in obs (D3 lower bound)""]","{""assay"": null, ""sequencing_depth_bin"": 0.51, ""suspension_type"": null, ""tissue_general"": null}",unresolved,23,pending,pending,pending,pending,pending,0.35,pending,candidate,[],"{""165-9"": 6, ""30-10034"": 1, ""33-10006"": 8, ""34-10184"": 8, ""PRE018-1"": 9, ""PRE027"": 6, ""Sample1157-EO1"": 6, ""Sample1157-EO2"": 7, ""Sample1157-EO3"": 7, ""Sample1158-EO1"": 5, ""Sample1158-EO2"": 3, ""Sample1158-EO3"": 6, ""Sample1162-EO1"": 3, ""Sample1162-EO2"": 3}",0,[],"[""sequencing_depth_bin""]",False,"[""integer_check"", ""frozen_universe_size"", ""sigma_donor_estimate"", ""envelope_membership""]",2025-01-30,within_collection_control,,KPMP adult human kidney scRNA-seq v1.5,not_applicable,11,"[30,100)","[10,30)"
dea717d4-7bc0-4e46-950f-fd7e1cc8df7d,mononuclear phagocyte,CL:0000113,pending,acute kidney failure,normal,10,10,1641,"{""A"": {""max"": 232, ""median"": 32.0, ""min"": 12, ""n_cells"": 674, ""n_donors"": 10}, ""B"": {""max"": 636, ""median"": 18.5, ""min"": 14, ""n_cells"": 967, ""n_donors"": 10}}","{""A"": 3324.0, ""B"": 8552.0}",184756,"[""sequencing_depth_bin:partial_confound_v=0.324"", ""pooled:unresolved — no pool/library id in obs (D3 lower bound)""]","{""assay"": null, ""sequencing_depth_bin"": 0.324, ""suspension_type"": null, ""tissue_general"": null}",unresolved,18,pending,pending,pending,pending,pending,0.35,pending,candidate,[],"{""164-10"": 5, ""164-3"": 7, ""164-6"": 8, ""165-9"": 8, ""30-10034"": 2, ""32-10034"": 9, ""34-10184"": 3, ""34-10187"": 2, ""Sample1153-EO1"": 5, ""Sample1153-EO2"": 7, ""Sample1153-EO3"": 4, ""Sample1157-EO1"": 6, ""Sample1157-EO2"": 1, ""Sample1157-EO3"": 2, ""Sample1158-EO3"": 2, ""Sample1162-EO1"": 2, ""Sample1162-EO2"": 7}",0,[],"[""sequencing_depth_bin""]",False,"[""integer_check"", ""frozen_universe_size"", ""sigma_donor_estimate"", ""envelope_membership""]",2025-01-30,within_collection_control,,KPMP adult human kidney scRNA-seq v1.5,not_applicable,10,"[30,100)","[10,30)"
dea717d4-7bc0-4e46-950f-fd7e1cc8df7d,natural killer cell,CL:0000623,pending,acute kidney failure,normal,9,9,878,"{""A"": {""max"": 172, ""median"": 52.0, ""min"": 14, ""n_cells"": 583, ""n_donors"": 9}, ""B"": {""max"": 169, ""median"": 15.0, ""min"": 12, ""n_cells"": 295, ""n_donors"": 9}}","{""A"": 1696.0, ""B"": 3850.0}",48620,"[""sequencing_depth_bin:partial_confound_v=0.272"", ""pooled:unresolved — no pool/library id in obs (D3 lower bound)""]","{""assay"": null, ""sequencing_depth_bin"": 0.272, ""suspension_type"": null, ""tissue_general"": null}",unresolved,16,pending,pending,pending,pending,pending,0.35,pending,candidate,[],"{""163-2"": 6, ""163-4"": 9, ""164-10"": 4, ""165-9"": 5, ""30-10123"": 3, ""PRE019"": 8, ""PRE027"": 6, ""Sample1153-EO1"": 5, ""Sample1153-EO2"": 4, ""Sample1157-EO1"": 5, ""Sample1157-EO3"": 8, ""Sample1158-EO1"": 1, ""Sample1158-EO2"": 5, ""Sample1158-EO3"": 8, ""Sample1162-EO1"": 3, ""Sample1162-EO2"": 9}",0,[],"[""sequencing_depth_bin""]",False,"[""integer_check"", ""frozen_universe_size"", ""sigma_donor_estimate"", ""envelope_membership""]",2025-01-30,within_collection_control,,KPMP adult human kidney scRNA-seq v1.5,not_applicable,9,"[30,100)","[10,30)"
dea717d4-7bc0-4e46-950f-fd7e1cc8df7d,non-classical monocyte,CL:0000875,pending,acute kidney failure,normal,4,3,139,"{""A"": {""max"": 39, ""median"": 24.0, ""min"": 14, ""n_cells"": 101, ""n_donors"": 4}, ""B"": {""max"": 17, ""median"": 11.0, ""min"": 10, ""n_cells"": 38, ""n_donors"": 3}}","{""A"": 1690.0, ""B"": 1839.5}",35,"[""sequencing_depth_bin:1 donor-unique level(s) set aside before screening; 2 level(s) group >= 2 donors and carry the test"", ""sequencing_depth_bin:partial_confound_v=0.333"", ""pooled:unresolved — no pool/library id in obs (D3 lower bound)""]","{""assay"": null, ""sequencing_depth_bin"": 0.333, ""suspension_type"": null, ""tissue_general"": null}",unresolved,5,pending,pending,pending,pending,pending,,pending,candidate,[],"{""163-3"": 1, ""163-5"": 2, ""164-10"": 1, ""164-3"": 1, ""164-6"": 4, ""30-10034"": 1, ""30-10123"": 1, ""30-10929"": 9, ""30-11051"": 1, ""32-10003"": 5, ""32-10034"": 6, ""33-10005"": 1, ""34-10184"": 3, ""34-10187"": 1, ""PRE018-1"": 2, ""PRE027"": 1, ""PRE055-1"": 2, ""PRE98sc"": 4, ""Sample1153-EO1"": 3, ""Sample1153-EO3"": 1, ""Sample1162-EO2"": 1}",0,[],"[""sequencing_depth_bin""]",False,"[""integer_check"", ""frozen_universe_size"", ""sigma_donor_estimate"", ""envelope_membership""]",2025-01-30,within_collection_control,,KPMP adult human kidney scRNA-seq v1.5,not_applicable,3,"[10,30)","[10,30)"
dea717d4-7bc0-4e46-950f-fd7e1cc8df7d,parietal epithelial cell,CL:1000452,pending,acute kidney failure,normal,5,8,347,"{""A"": {""max"": 60, ""median"": 31.0, ""min"": 16, ""n_cells"": 166, ""n_donors"": 5}, ""B"": {""max"": 44, ""median"": 18.0, ""min"": 11, ""n_cells"": 181, ""n_donors"": 8}}","{""A"": 4138.0, ""B"": 4254.0}",1287,"[""sequencing_depth_bin:partial_confound_v=0.605"", ""pooled:unresolved — no pool/library id in obs (D3 lower bound)""]","{""assay"": null, ""sequencing_depth_bin"": 0.605, ""suspension_type"": null, ""tissue_general"": null}",unresolved,11,pending,pending,pending,pending,pending,0.2,pending,candidate,[],"{""165-9"": 5, ""30-10018"": 3, ""30-10034"": 2, ""33-10005"": 6, ""33-10006"": 1, ""PRE055-1"": 1, ""PRE062-1"": 7, ""Sample1153-EO1"": 8, ""Sample1153-EO3"": 9, ""Sample1157-EO1"": 6, ""Sample1157-EO2"": 8, ""Sample1158-EO2"": 1, ""Sample1158-EO3"": 5, ""Sample1162-EO1"": 2, ""Sample1162-EO2"": 9}",0,[],"[""sequencing_depth_bin""]",False,"[""integer_check"", ""frozen_universe_size"", ""sigma_donor_estimate"", ""envelope_membership""]",2025-01-30,within_collection_control,,KPMP adult human kidney scRNA-seq v1.5,not_applicable,5,"[30,100)","[10,30)"
dea717d4-7bc0-4e46-950f-fd7e1cc8df7d,B cell,CL:0000236,pending,chronic kidney disease,normal,26,7,2195,"{""A"": {""max"": 242, ""median"": 48.0, ""min"": 13, ""n_cells"": 1829, ""n_donors"": 26}, ""B"": {""max"": 144, ""median"": 49.0, ""min"": 14, ""n_cells"": 366, ""n_donors"": 7}}","{""A"": 2240.0, ""B"": 3571.0}",4272048,"[""sequencing_depth_bin:partial_confound_v=0.277"", ""pooled:unresolved — no pool/library id in obs (D3 lower bound)""]","{""assay"": null, ""sequencing_depth_bin"": 0.277, ""suspension_type"": null, ""tissue_general"": null}",unresolved,31,pending,pending,pending,pending,pending,0.2,pending,candidate,[],"{""164-10"": 1, ""164-6"": 1, ""165-9"": 2, ""27-10039"": 7, ""27-10053"": 5, ""28-11515"": 2, ""28-12263"": 1, ""28-12518"": 1, ""29-10406"": 3, ""31-10000"": 1, ""31-10013"": 8, ""31-10210"": 3, ""PRE027"": 3, ""PRE038"": 2, ""PRE055-1"": 5, ""PRE98sc"": 1, ""Sample1157-EO1"": 1, ""Sample1157-EO2"": 1, ""Sample1157-EO3"": 7, ""Sample1158-EO1"": 1, ""Sample1162-EO2"": 1}",0,[],"[""sequencing_depth_bin""]",False,"[""integer_check"", ""frozen_universe_size"", ""sigma_donor_estimate"", ""envelope_membership""]",2025-01-30,within_collection_control,,KPMP adult human kidney scRNA-seq v1.5,not_applicable,7,"[30,100)","[30,100)"
dea717d4-7bc0-4e46-950f-fd7e1cc8df7d,T cell,CL:0000084,pending,chronic kidney disease,normal,35,19,8874,"{""A"": {""max"": 568, ""median"": 142.0, ""min"": 11, ""n_cells"": 6631, ""n_donors"": 35}, ""B"": {""max"": 654, ""median"": 34.0, ""min"": 10, ""n_cells"": 2243, ""n_donors"": 19}}","{""A"": 1948.0, ""B"": 3301.0}",183649923622620,"[""sequencing_depth_bin:partial_confound_v=0.469"", ""pooled:unresolved — no pool/library id in obs (D3 lower bound)""]","{""assay"": null, ""sequencing_depth_bin"": 0.469, ""suspension_type"": null, ""tissue_general"": null}",unresolved,52,pending,pending,pending,pending,pending,0.5,pending,candidate,[],"{""163-3"": 5, ""164-3"": 3, ""28-12263"": 1, ""PRE027"": 5, ""Sample1157-EO2"": 5, ""Sample1158-EO1"": 7, ""Sample1158-EO3"": 5, ""Sample1162-EO1"": 2}",0,[],"[""sequencing_depth_bin""]",False,"[""integer_check"", ""frozen_universe_size"", ""sigma_donor_estimate"", ""envelope_membership""]",2025-01-30,within_collection_control,,KPMP adult human kidney scRNA-seq v1.5,not_applicable,19,"[100,300)","[30,100)"
dea717d4-7bc0-4e46-950f-fd7e1cc8df7d,conventional dendritic cell,CL:0000990,pending,chronic kidney disease,normal,33,7,2669,"{""A"": {""max"": 263, ""median"": 52.0, ""min"": 11, ""n_cells"": 2465, ""n_donors"": 33}, ""B"": {""max"": 77, ""median"": 23.0, ""min"": 10, ""n_cells"": 204, ""n_donors"": 7}}","{""A"": 3281.0, ""B"": 3112.5}",18643560,"[""sequencing_depth_bin:partial_confound_v=0.158"", ""pooled:unresolved — no pool/library id in obs (D3 lower bound)""]","{""assay"": null, ""sequencing_depth_bin"": 0.158, ""suspension_type"": null, ""tissue_general"": null}",unresolved,38,pending,pending,pending,pending,pending,0.2,pending,candidate,[],"{""163-3"": 6, ""164-10"": 2, ""164-6"": 8, ""165-9"": 9, ""27-10053"": 6, ""28-10051"": 1, ""28-12518"": 7, ""29-10008"": 9, ""PRE018-1"": 2, ""PRE038"": 3, ""PRE055-1"": 5, ""PRE062-1"": 4, ""Sample1153-EO1"": 9, ""Sample1153-EO2"": 7, ""Sample1153-EO3"": 8, ""Sample1157-EO1"": 7, ""Sample1157-EO2"": 1, ""Sample1157-EO3"": 5, ""Sample1158-EO1"": 1, ""Sample1158-EO2"": 9, ""Sample1158-EO3"": 4, ""Sample1162-EO1"": 1, ""Sample1162-EO2"": 3}",0,[],"[""sequencing_depth_bin""]",False,"[""integer_check"", ""frozen_universe_size"", ""sigma_donor_estimate"", ""envelope_membership""]",2025-01-30,within_collection_control,,KPMP adult human kidney scRNA-seq v1.5,not_applicable,7,"[30,100)","[10,30)"
dea717d4-7bc0-4e46-950f-fd7e1cc8df7d,cytotoxic T cell,CL:0000910,pending,chronic kidney disease,normal,24,5,1431,"{""A"": {""max"": 94, ""median"": 41.0, ""min"": 12, ""n_cells"": 1047, ""n_donors"": 24}, ""B"": {""max"": 181, ""median"": 57.0, ""min"": 14, ""n_cells"": 384, ""n_donors"": 5}}","{""A"": 2131.0, ""B"": 3123.5}",118755,"[""sequencing_depth_bin:partial_confound_v=0.341"", ""pooled:unresolved — no pool/library id in obs (D3 lower bound)""]","{""assay"": null, ""sequencing_depth_bin"": 0.341, ""suspension_type"": null, ""tissue_general"": null}",unresolved,27,pending,pending,pending,pending,pending,0.2,pending,candidate,[],"{""163-3"": 4, ""164-6"": 1, ""165-9"": 7, ""27-10039"": 5, ""27-10041"": 6, ""27-10053"": 6, ""27-10119"": 1, ""29-10008"": 7, ""29-10010"": 2, ""29-10013"": 2, ""29-10386"": 1, ""31-10035"": 5, ""31-10210"": 1, ""PRE019"": 8, ""PRE027"": 1, ""PRE055-1"": 6, ""PRE062-1"": 8, ""PRE98sc"": 1, ""Sample1153-EO1"": 5, ""Sample1153-EO2"": 7, ""Sample1157-EO1"": 7, ""Sample1157-EO2"": 5, ""Sample1157-EO3"": 5, ""Sample1158-EO1"": 1, ""Sample1158-EO2"": 1, ""Sample1158-EO3"": 3, ""Sample1162-EO2"": 3}",0,[],"[""sequencing_depth_bin""]",False,"[""integer_check"", ""frozen_universe_size"", ""sigma_donor_estimate"", ""envelope_membership""]",2025-01-30,within_collection_control,,KPMP adult human kidney scRNA-seq v1.5,not_applicable,5,"[30,100)","[30,100)"
dea717d4-7bc0-4e46-950f-fd7e1cc8df7d,endothelial cell,CL:0000115,pending,chronic kidney disease,normal,36,25,14397,"{""A"": {""max"": 716, ""median"": 200.5, ""min"": 27, ""n_cells"": 9597, ""n_donors"": 36}, ""B"": {""max"": 563, ""median"": 171.0, ""min"": 51, ""n_cells"": 4800, ""n_donors"": 25}}","{""A"": 2121.0, ""B"": 2800.5}",87967825456500717,"[""sequencing_depth_bin:partial_confound_v=0.464"", ""pooled:unresolved — no pool/library id in obs (D3 lower bound)""]","{""assay"": null, ""sequencing_depth_bin"": 0.464, ""suspension_type"": null, ""tissue_general"": null}",unresolved,59,pending,pending,pending,pending,pending,0.7,pending,candidate,[],"{""163-2"": 1, ""28-10051"": 1}",0,[],"[""sequencing_depth_bin""]",False,"[""integer_check"", ""frozen_universe_size"", ""sigma_donor_estimate"", ""envelope_membership""]",2025-01-30,within_collection_control,,KPMP adult human kidney scRNA-seq v1.5,not_applicable,25,"[100,300)","[100,300)"
dea717d4-7bc0-4e46-950f-fd7e1cc8df7d,epithelial cell of proximal tubule,CL:0002306,pending,chronic kidney disease,normal,36,23,38912,"{""A"": {""max"": 2973, ""median"": 653.0, ""min"": 24, ""n_cells"": 28953, ""n_donors"": 36}, ""B"": {""max"": 1453, ""median"": 300.0, ""min"": 16, ""n_cells"": 9959, ""n_donors"": 23}}","{""A"": 2854.0, ""B"": 3113.0}",14420954992868970,"[""sequencing_depth_bin:partial_confound_v=0.216"", ""pooled:unresolved — no pool/library id in obs (D3 lower bound)""]","{""assay"": null, ""sequencing_depth_bin"": 0.216, ""suspension_type"": null, ""tissue_general"": null}",unresolved,57,pending,pending,pending,pending,pending,0.7,pending,candidate,[],"{""163-3"": 6, ""28-12518"": 8}",0,[],"[""sequencing_depth_bin""]",False,"[""integer_check"", ""frozen_universe_size"", ""sigma_donor_estimate"", ""envelope_membership""]",2025-01-30,within_collection_control,,KPMP adult human kidney scRNA-seq v1.5,not_applicable,23,"[300,1000)","[300,1000)"
dea717d4-7bc0-4e46-950f-fd7e1cc8df7d,kidney collecting duct intercalated cell,CL:1001432,pending,chronic kidney disease,normal,37,22,12723,"{""A"": {""max"": 3094, ""median"": 120.0, ""min"": 30, ""n_cells"": 9739, ""n_donors"": 37}, ""B"": {""max"": 383, ""median"": 95.0, ""min"": 16, ""n_cells"": 2984, ""n_donors"": 22}}","{""A"": 3680.0, ""B"": 8827.0}",8964377427999630,"[""sequencing_depth_bin:partial_confound_v=0.431"", ""pooled:unresolved — no pool/library id in obs (D3 lower bound)""]","{""assay"": null, ""sequencing_depth_bin"": 0.431, ""suspension_type"": null, ""tissue_general"": null}",unresolved,57,pending,pending,pending,pending,pending,0.5,pending,candidate,[],"{""Sample1158-EO1"": 4}",0,[],"[""sequencing_depth_bin""]",False,"[""integer_check"", ""frozen_universe_size"", ""sigma_donor_estimate"", ""envelope_membership""]",2025-01-30,within_collection_control,,KPMP adult human kidney scRNA-seq v1.5,not_applicable,22,"[100,300)","[30,100)"
dea717d4-7bc0-4e46-950f-fd7e1cc8df7d,kidney collecting duct principal cell,CL:1001431,pending,chronic kidney disease,normal,37,23,27387,"{""A"": {""max"": 4532, ""median"": 343.0, ""min"": 11, ""n_cells"": 22710, ""n_donors"": 37}, ""B"": {""max"": 963, ""median"": 170.0, ""min"": 12, ""n_cells"": 4677, ""n_donors"": 23}}","{""A"": 3864.0, ""B"": 7663.0}",23385332420868600,"[""sequencing_depth_bin:partial_confound_v=0.462"", ""pooled:unresolved — no pool/library id in obs (D3 lower bound)""]","{""assay"": null, ""sequencing_depth_bin"": 0.462, ""suspension_type"": null, ""tissue_general"": null}",unresolved,58,pending,pending,pending,pending,pending,0.7,pending,candidate,[],"{""163-2"": 2, ""163-4"": 3}",0,[],"[""sequencing_depth_bin""]",False,"[""integer_check"", ""frozen_universe_size"", ""sigma_donor_estimate"", ""envelope_membership""]",2025-01-30,within_collection_control,,KPMP adult human kidney scRNA-seq v1.5,not_applicable,23,"[300,1000)","[100,300)"
dea717d4-7bc0-4e46-950f-fd7e1cc8df7d,kidney connecting tubule epithelial cell,CL:1000768,pending,chronic kidney disease,normal,11,16,3569,"{""A"": {""max"": 453, ""median"": 110.0, ""min"": 11, ""n_cells"": 1963, ""n_donors"": 11}, ""B"": {""max"": 259, ""median"": 76.0, ""min"": 19, ""n_cells"": 1606, ""n_donors"": 16}}","{""A"": 3877.0, ""B"": 7353.0}",13037895,"[""sequencing_depth_bin:partial_confound_v=0.564"", ""pooled:unresolved — no pool/library id in obs (D3 lower bound)""]","{""assay"": null, ""sequencing_depth_bin"": 0.564, ""suspension_type"": null, ""tissue_general"": null}",unresolved,25,pending,pending,pending,pending,pending,0.35,pending,candidate,[],"{""27-10112"": 1, ""27-10119"": 2, ""28-10051"": 5, ""29-10280"": 1, ""29-10404"": 1, ""29-10410"": 1, ""31-10001"": 9, ""PRE055-1"": 7, ""Sample1157-EO2"": 8, ""Sample1157-EO3"": 3, ""Sample1158-EO2"": 8}",0,[],"[""sequencing_depth_bin""]",False,"[""integer_check"", ""frozen_universe_size"", ""sigma_donor_estimate"", ""envelope_membership""]",2025-01-30,within_collection_control,,KPMP adult human kidney scRNA-seq v1.5,not_applicable,11,"[100,300)","[30,100)"
dea717d4-7bc0-4e46-950f-fd7e1cc8df7d,kidney distal convoluted tubule epithelial cell,CL:1000849,pending,chronic kidney disease,normal,29,19,7829,"{""A"": {""max"": 659, ""median"": 98.0, ""min"": 14, ""n_cells"": 5009, ""n_donors"": 29}, ""B"": {""max"": 426, ""median"": 112.0, ""min"": 18, ""n_cells"": 2820, ""n_donors"": 19}}","{""A"": 4033.0, ""B"": 6883.5}",11541847896480,"[""sequencing_depth_bin:partial_confound_v=0.395"", ""pooled:unresolved — no pool/library id in obs (D3 lower bound)""]","{""assay"": null, ""sequencing_depth_bin"": 0.395, ""suspension_type"": null, ""tissue_general"": null}",unresolved,46,pending,pending,pending,pending,pending,0.5,pending,candidate,[],"{""28-10051"": 9, ""29-10008"": 1, ""31-10001"": 4, ""31-10154"": 8, ""PRE055-1"": 5, ""Sample1158-EO2"": 1}",0,[],"[""sequencing_depth_bin""]",False,"[""integer_check"", ""frozen_universe_size"", ""sigma_donor_estimate"", ""envelope_membership""]",2025-01-30,within_collection_control,,KPMP adult human kidney scRNA-seq v1.5,not_applicable,19,"[30,100)","[100,300)"
dea717d4-7bc0-4e46-950f-fd7e1cc8df7d,kidney interstitial alternatively activated macrophage,CL:1000695,pending,chronic kidney disease,normal,26,10,1315,"{""A"": {""max"": 115, ""median"": 24.5, ""min"": 10, ""n_cells"": 913, ""n_donors"": 26}, ""B"": {""max"": 99, ""median"": 15.5, ""min"": 10, ""n_cells"": 402, ""n_donors"": 10}}","{""A"": 2550.0, ""B"": 2233.5}",254186856,"[""sequencing_depth_bin:partial_confound_v=0.316"", ""pooled:unresolved — no pool/library id in obs (D3 lower bound)""]","{""assay"": null, ""sequencing_depth_bin"": 0.316, ""suspension_type"": null, ""tissue_general"": null}",unresolved,34,pending,pending,pending,pending,pending,0.35,pending,candidate,[],"{""163-3"": 1, ""164-10"": 7, ""164-3"": 3, ""165-9"": 3, ""27-10039"": 1, ""27-10071"": 3, ""28-11515"": 2, ""28-12263"": 7, ""28-12518"": 3, ""29-10013"": 8, ""29-10386"": 3, ""29-10406"": 8, ""31-10001"": 4, ""PRE027"": 4, ""PRE038"": 1, ""PRE055-1"": 5, ""PRE98sc"": 2, ""Sample1153-EO1"": 5, ""Sample1153-EO2"": 2, ""Sample1157-EO2"": 6, ""Sample1157-EO3"": 3, ""Sample1158-EO1"": 3, ""Sample1158-EO2"": 7, ""Sample1158-EO3"": 4, ""Sample1162-EO1"": 7}",0,[],"[""sequencing_depth_bin""]",False,"[""integer_check"", ""frozen_universe_size"", ""sigma_donor_estimate"", ""envelope_membership""]",2025-01-30,within_collection_control,,KPMP adult human kidney scRNA-seq v1.5,not_applicable,10,"[10,30)","[10,30)"
dea717d4-7bc0-4e46-950f-fd7e1cc8df7d,kidney interstitial cell,CL:1000500,pending,chronic kidney disease,normal,33,26,5198,"{""A"": {""max"": 220, ""median"": 75.0, ""min"": 10, ""n_cells"": 2589, ""n_donors"": 33}, ""B"": {""max"": 853, ""median"": 57.5, ""min"": 18, ""n_cells"": 2609, ""n_donors"": 26}}","{""A"": 2384.0, ""B"": 4442.0}",39602161018878633,"[""sequencing_depth_bin:partial_confound_v=0.467"", ""pooled:unresolved — no pool/library id in obs (D3 lower bound)""]","{""assay"": null, ""sequencing_depth_bin"": 0.467, ""suspension_type"": null, ""tissue_general"": null}",unresolved,57,pending,pending,pending,pending,pending,0.7,pending,candidate,[],"{""27-10053"": 5, ""27-10071"": 3, ""28-10051"": 1, ""31-10042"": 9}",0,[],"[""sequencing_depth_bin""]",False,"[""integer_check"", ""frozen_universe_size"", ""sigma_donor_estimate"", ""envelope_membership""]",2025-01-30,within_collection_control,,KPMP adult human kidney scRNA-seq v1.5,not_applicable,26,"[30,100)","[30,100)"
dea717d4-7bc0-4e46-950f-fd7e1cc8df7d,kidney loop of Henle thick ascending limb epithelial cell,CL:1001106,pending,chronic kidney disease,normal,36,23,30551,"{""A"": {""max"": 2439, ""median"": 330.5, ""min"": 20, ""n_cells"": 23812, ""n_donors"": 36}, ""B"": {""max"": 1338, ""median"": 197.0, ""min"": 31, ""n_cells"": 6739, ""n_donors"": 23}}","{""A"": 4008.5, ""B"": 5916.0}",14420954992868970,"[""sequencing_depth_bin:partial_confound_v=0.617"", ""pooled:unresolved — no pool/library id in obs (D3 lower bound)""]","{""assay"": null, ""sequencing_depth_bin"": 0.617, ""suspension_type"": null, ""tissue_general"": null}",unresolved,57,pending,pending,pending,pending,pending,0.7,pending,candidate,[],"{""163-4"": 2, ""28-10051"": 6}",0,[],"[""sequencing_depth_bin""]",False,"[""integer_check"", ""frozen_universe_size"", ""sigma_donor_estimate"", ""envelope_membership""]",2025-01-30,within_collection_control,,KPMP adult human kidney scRNA-seq v1.5,not_applicable,23,"[300,1000)","[100,300)"
dea717d4-7bc0-4e46-950f-fd7e1cc8df7d,kidney loop of Henle thin ascending limb epithelial cell,CL:1001107,pending,chronic kidney disease,normal,29,3,3568,"{""A"": {""max"": 518, ""median"": 70.0, ""min"": 10, ""n_cells"": 3300, ""n_donors"": 29}, ""B"": {""max"": 140, ""median"": 116.0, ""min"": 12, ""n_cells"": 268, ""n_donors"": 3}}","{""A"": 5066.0, ""B"": 9102.0}",4960,"[""sequencing_depth_bin:partial_confound_v=0.252"", ""pooled:unresolved — no pool/library id in obs (D3 lower bound)""]","{""assay"": null, ""sequencing_depth_bin"": 0.252, ""suspension_type"": null, ""tissue_general"": null}",unresolved,30,pending,pending,pending,pending,pending,,pending,candidate,[],"{""163-2"": 1, ""163-4"": 1, ""164-10"": 7, ""164-3"": 2, ""165-9"": 2, ""28-10051"": 1, ""29-10010"": 5, ""29-10386"": 5, ""31-10000"": 3, ""31-10001"": 7, ""PRE018-1"": 9, ""PRE019"": 3, ""PRE055-1"": 4, ""PRE062-1"": 1, ""PRE98sc"": 8, ""Sample1153-EO1"": 6, ""Sample1153-EO2"": 1, ""Sample1157-EO1"": 1, ""Sample1158-EO1"": 1, ""Sample1158-EO3"": 2, ""Sample1162-EO1"": 3, ""Sample1162-EO2"": 8}",0,[],"[""sequencing_depth_bin""]",False,"[""integer_check"", ""frozen_universe_size"", ""sigma_donor_estimate"", ""envelope_membership""]",2025-01-30,within_collection_control,,KPMP adult human kidney scRNA-seq v1.5,not_applicable,3,"[30,100)","[100,300)"
dea717d4-7bc0-4e46-950f-fd7e1cc8df7d,kidney loop of Henle thin descending limb epithelial cell,CL:1001111,pending,chronic kidney disease,normal,13,3,3563,"{""A"": {""max"": 957, ""median"": 242.0, ""min"": 10, ""n_cells"": 3320, ""n_donors"": 13}, ""B"": {""max"": 159, ""median"": 74.0, ""min"": 10, ""n_cells"": 243, ""n_donors"": 3}}","{""A"": 3111.0, ""B"": 4049.0}",560,"[""sequencing_depth_bin:partial_confound_v=0.353"", ""pooled:unresolved — no pool/library id in obs (D3 lower bound)""]","{""assay"": null, ""sequencing_depth_bin"": 0.353, ""suspension_type"": null, ""tissue_general"": null}",unresolved,14,pending,pending,pending,pending,pending,,pending,candidate,[],"{""164-10"": 1, ""27-10041"": 3, ""27-10119"": 1, ""29-10012"": 1, ""29-10013"": 1, ""29-10400"": 1, ""31-10013"": 1, ""31-10042"": 3, ""31-10210"": 4, ""31-10236"": 1, ""PRE019"": 2, ""Sample1157-EO2"": 2, ""Sample1158-EO2"": 5}",0,[],"[""sequencing_depth_bin""]",False,"[""integer_check"", ""frozen_universe_size"", ""sigma_donor_estimate"", ""envelope_membership""]",2025-01-30,within_collection_control,,KPMP adult human kidney scRNA-seq v1.5,not_applicable,3,"[100,300)","[30,100)"
dea717d4-7bc0-4e46-950f-fd7e1cc8df7d,mature NK T cell,CL:0000814,pending,chronic kidney disease,normal,20,6,1389,"{""A"": {""max"": 162, ""median"": 52.0, ""min"": 10, ""n_cells"": 1243, ""n_donors"": 20}, ""B"": {""max"": 52, ""median"": 15.5, ""min"": 11, ""n_cells"": 146, ""n_donors"": 6}}","{""A"": 1764.0, ""B"": 2687.5}",230230,"[""sequencing_depth_bin:partial_confound_v=0.222"", ""pooled:unresolved — no pool/library id in obs (D3 lower bound)""]","{""assay"": null, ""sequencing_depth_bin"": 0.222, ""suspension_type"": null, ""tissue_general"": null}",unresolved,24,pending,pending,pending,pending,pending,0.2,pending,candidate,[],"{""163-3"": 1, ""163-5"": 7, ""164-10"": 3, ""164-6"": 5, ""165-9"": 2, ""27-10039"": 3, ""27-10041"": 1, ""27-10053"": 1, ""28-10051"": 2, ""28-12518"": 2, ""29-10008"": 1, ""29-10010"": 1, ""29-10011"": 3, ""29-10386"": 9, ""29-10406"": 1, ""31-10001"": 2, ""31-10035"": 4, ""31-10042"": 1, ""31-10210"": 1, ""PRE018-1"": 8, ""PRE019"": 2, ""PRE055-1"": 1, ""Sample1153-EO1"": 2, ""Sample1153-EO2"": 9, ""Sample1157-EO2"": 3, ""Sample1157-EO3"": 4, ""Sample1162-EO1"": 3, ""Sample1162-EO2"": 2}",0,[],"[""sequencing_depth_bin""]",False,"[""integer_check"", ""frozen_universe_size"", ""sigma_donor_estimate"", ""envelope_membership""]",2025-01-30,within_collection_control,,KPMP adult human kidney scRNA-seq v1.5,not_applicable,6,"[30,100)","[10,30)"
dea717d4-7bc0-4e46-950f-fd7e1cc8df7d,monocyte,CL:0000576,pending,chronic kidney disease,normal,32,14,2339,"{""A"": {""max"": 222, ""median"": 58.0, ""min"": 10, ""n_cells"": 1941, ""n_donors"": 32}, ""B"": {""max"": 71, ""median"": 20.0, ""min"": 13, ""n_cells"": 398, ""n_donors"": 14}}","{""A"": 3432.0, ""B"": 5652.0}",239877544005,"[""sequencing_depth_bin:partial_confound_v=0.483"", ""pooled:unresolved — no pool/library id in obs (D3 lower bound)""]","{""assay"": null, ""sequencing_depth_bin"": 0.483, ""suspension_type"": null, ""tissue_general"": null}",unresolved,44,pending,pending,pending,pending,pending,0.5,pending,candidate,[],"{""165-9"": 6, ""27-10039"": 4, ""27-10071"": 9, ""28-10051"": 4, ""28-12518"": 8, ""31-10000"": 3, ""PRE018-1"": 9, ""PRE027"": 6, ""Sample1157-EO1"": 6, ""Sample1157-EO2"": 7, ""Sample1157-EO3"": 7, ""Sample1158-EO1"": 5, ""Sample1158-EO2"": 3, ""Sample1158-EO3"": 6, ""Sample1162-EO1"": 3, ""Sample1162-EO2"": 3}",0,[],"[""sequencing_depth_bin""]",False,"[""integer_check"", ""frozen_universe_size"", ""sigma_donor_estimate"", ""envelope_membership""]",2025-01-30,within_collection_control,,KPMP adult human kidney scRNA-seq v1.5,not_applicable,14,"[30,100)","[10,30)"
dea717d4-7bc0-4e46-950f-fd7e1cc8df7d,mononuclear phagocyte,CL:0000113,pending,chronic kidney disease,normal,20,10,1628,"{""A"": {""max"": 230, ""median"": 23.5, ""min"": 10, ""n_cells"": 661, ""n_donors"": 20}, ""B"": {""max"": 636, ""median"": 18.5, ""min"": 14, ""n_cells"": 967, ""n_donors"": 10}}","{""A"": 3046.0, ""B"": 8552.0}",30045015,"[""sequencing_depth_bin:partial_confound_v=0.436"", ""pooled:unresolved — no pool/library id in obs (D3 lower bound)""]","{""assay"": null, ""sequencing_depth_bin"": 0.436, ""suspension_type"": null, ""tissue_general"": null}",unresolved,28,pending,pending,pending,pending,pending,0.35,pending,candidate,[],"{""164-10"": 5, ""164-3"": 7, ""164-6"": 8, ""165-9"": 8, ""27-10041"": 3, ""27-10053"": 5, ""27-10071"": 3, ""28-10051"": 1, ""28-11515"": 4, ""28-12263"": 4, ""28-12381"": 8, ""28-12490"": 4, ""28-12518"": 3, ""29-10386"": 3, ""29-10404"": 6, ""29-10406"": 5, ""31-10000"": 5, ""31-10001"": 7, ""31-10042"": 5, ""31-10078"": 9, ""31-10210"": 7, ""Sample1153-EO1"": 5, ""Sample1153-EO2"": 7, ""Sample1153-EO3"": 4, ""Sample1157-EO1"": 6, ""Sample1157-EO2"": 1, ""Sample1157-EO3"": 2, ""Sample1158-EO3"": 2, ""Sample1162-EO1"": 2, ""Sample1162-EO2"": 7}",0,[],"[""sequencing_depth_bin""]",False,"[""integer_check"", ""frozen_universe_size"", ""sigma_donor_estimate"", ""envelope_membership""]",2025-01-30,within_collection_control,,KPMP adult human kidney scRNA-seq v1.5,not_applicable,10,"[10,30)","[10,30)"
dea717d4-7bc0-4e46-950f-fd7e1cc8df7d,natural killer cell,CL:0000623,pending,chronic kidney disease,normal,10,9,958,"{""A"": {""max"": 232, ""median"": 29.0, ""min"": 13, ""n_cells"": 663, ""n_donors"": 10}, ""B"": {""max"": 169, ""median"": 15.0, ""min"": 12, ""n_cells"": 295, ""n_donors"": 9}}","{""A"": 2003.0, ""B"": 3850.0}",92378,"[""sequencing_depth_bin:partial_confound_v=0.379"", ""pooled:unresolved — no pool/library id in obs (D3 lower bound)""]","{""assay"": null, ""sequencing_depth_bin"": 0.379, ""suspension_type"": null, ""tissue_general"": null}",unresolved,17,pending,pending,pending,pending,pending,0.35,pending,candidate,[],"{""163-2"": 6, ""163-4"": 9, ""164-10"": 4, ""165-9"": 5, ""27-10053"": 2, ""27-10071"": 5, ""27-10112"": 1, ""28-11515"": 3, ""28-12381"": 4, ""28-12490"": 2, ""28-12518"": 4, ""29-10008"": 6, ""29-10380"": 1, ""29-10400"": 1, ""29-10406"": 1, ""29-10410"": 1, ""31-10000"": 1, ""31-10040"": 1, ""31-10078"": 1, ""31-10154"": 1, ""PRE019"": 8, ""PRE027"": 6, ""Sample1153-EO1"": 5, ""Sample1153-EO2"": 4, ""Sample1157-EO1"": 5, ""Sample1157-EO3"": 8, ""Sample1158-EO1"": 1, ""Sample1158-EO2"": 5, ""Sample1158-EO3"": 8, ""Sample1162-EO1"": 3, ""Sample1162-EO2"": 9}",0,[],"[""sequencing_depth_bin""]",False,"[""integer_check"", ""frozen_universe_size"", ""sigma_donor_estimate"", ""envelope_membership""]",2025-01-30,within_collection_control,,KPMP adult human kidney scRNA-seq v1.5,not_applicable,9,"[10,30)","[10,30)"
dea717d4-7bc0-4e46-950f-fd7e1cc8df7d,non-classical monocyte,CL:0000875,pending,chronic kidney disease,normal,11,3,322,"{""A"": {""max"": 56, ""median"": 24.0, ""min"": 10, ""n_cells"": 284, ""n_donors"": 11}, ""B"": {""max"": 17, ""median"": 11.0, ""min"": 10, ""n_cells"": 38, ""n_donors"": 3}}","{""A"": 2311.0, ""B"": 1839.5}",364,"[""sequencing_depth_bin:partial_confound_v=0.389"", ""pooled:unresolved — no pool/library id in obs (D3 lower bound)""]","{""assay"": null, ""sequencing_depth_bin"": 0.389, ""suspension_type"": null, ""tissue_general"": null}",unresolved,12,pending,pending,pending,pending,pending,,pending,candidate,[],"{""163-3"": 1, ""163-5"": 2, ""164-10"": 1, ""164-3"": 1, ""164-6"": 4, ""27-10039"": 1, ""27-10041"": 1, ""27-10053"": 5, ""28-11515"": 1, ""28-12263"": 3, ""28-12490"": 1, ""29-10006"": 7, ""29-10010"": 7, ""29-10404"": 3, ""29-10410"": 7, ""31-10000"": 2, ""31-10013"": 3, ""31-10078"": 5, ""31-10210"": 7, ""PRE018-1"": 2, ""PRE027"": 1, ""PRE055-1"": 2, ""PRE98sc"": 4, ""Sample1153-EO1"": 3, ""Sample1153-EO3"": 1, ""Sample1162-EO2"": 1}",0,[],"[""sequencing_depth_bin""]",False,"[""integer_check"", ""frozen_universe_size"", ""sigma_donor_estimate"", ""envelope_membership""]",2025-01-30,within_collection_control,,KPMP adult human kidney scRNA-seq v1.5,not_applicable,3,"[10,30)","[10,30)"
dea717d4-7bc0-4e46-950f-fd7e1cc8df7d,parietal epithelial cell,CL:1000452,pending,chronic kidney disease,normal,7,8,522,"{""A"": {""max"": 98, ""median"": 38.0, ""min"": 18, ""n_cells"": 341, ""n_donors"": 7}, ""B"": {""max"": 44, ""median"": 18.0, ""min"": 11, ""n_cells"": 181, ""n_donors"": 8}}","{""A"": 3152.0, ""B"": 4254.0}",6435,"[""sequencing_depth_bin:partial_confound_v=0.5"", ""pooled:unresolved — no pool/library id in obs (D3 lower bound)""]","{""assay"": null, ""sequencing_depth_bin"": 0.5, ""suspension_type"": null, ""tissue_general"": null}",unresolved,13,pending,pending,pending,pending,pending,0.2,pending,candidate,[],"{""165-9"": 5, ""28-10051"": 1, ""31-10000"": 7, ""31-10001"": 4, ""31-10042"": 2, ""PRE055-1"": 1, ""PRE062-1"": 7, ""Sample1153-EO1"": 8, ""Sample1153-EO3"": 9, ""Sample1157-EO1"": 6, ""Sample1157-EO2"": 8, ""Sample1158-EO2"": 1, ""Sample1158-EO3"": 5, ""Sample1162-EO1"": 2, ""Sample1162-EO2"": 9}",0,[],"[""sequencing_depth_bin""]",False,"[""integer_check"", ""frozen_universe_size"", ""sigma_donor_estimate"", ""envelope_membership""]",2025-01-30,within_collection_control,,KPMP adult human kidney scRNA-seq v1.5,not_applicable,7,"[30,100)","[10,30)"
dea717d4-7bc0-4e46-950f-fd7e1cc8df7d,podocyte,CL:0000653,pending,chronic kidney disease,normal,6,6,305,"{""A"": {""max"": 61, ""median"": 16.5, ""min"": 10, ""n_cells"": 145, ""n_donors"": 6}, ""B"": {""max"": 56, ""median"": 23.0, ""min"": 13, ""n_cells"": 160, ""n_donors"": 6}}","{""A"": 3500.0, ""B"": 4882.0}",924,"[""sequencing_depth_bin:partial_confound_v=0.408"", ""pooled:unresolved — no pool/library id in obs (D3 lower bound)""]","{""assay"": null, ""sequencing_depth_bin"": 0.408, ""suspension_type"": null, ""tissue_general"": null}",unresolved,10,pending,pending,pending,pending,pending,0.2,pending,candidate,[],"{""164-10"": 5, ""27-10041"": 2, ""27-10053"": 1, ""27-10071"": 5, ""29-10010"": 1, ""29-10011"": 3, ""29-10012"": 4, ""29-10016"": 6, ""29-10280"": 7, ""29-10380"": 1, ""29-10386"": 1, ""29-10398"": 3, ""29-10400"": 2, ""29-10404"": 2, ""29-10410"": 6, ""31-10000"": 2, ""31-10013"": 3, ""31-10078"": 3, ""31-10210"": 5, ""31-10236"": 2, ""PRE018-1"": 6, ""PRE027"": 5, ""PRE038"": 2, ""Sample1153-EO1"": 6, ""Sample1153-EO3"": 1, ""Sample1157-EO1"": 1, ""Sample1157-EO2"": 6, ""Sample1158-EO2"": 1, ""Sample1158-EO3"": 5, ""Sample1162-EO1"": 3}",0,[],"[""sequencing_depth_bin""]",False,"[""integer_check"", ""frozen_universe_size"", ""sigma_donor_estimate"", ""envelope_membership""]",2025-01-30,within_collection_control,,KPMP adult human kidney scRNA-seq v1.5,not_applicable,6,"[10,30)","[10,30)"
1e5bd3b8-6a0e-4959-8d69-cafed30fe814,B cell,CL:0000236,pending,pulmonary emphysema,normal,3,3,2128,"{""A"": {""max"": 669, ""median"": 436.0, ""min"": 407, ""n_cells"": 1512, ""n_donors"": 3}, ""B"": {""max"": 344, ""median"": 224.0, ""min"": 48, ""n_cells"": 616, ""n_donors"": 3}}","{""A"": 5059.5, ""B"": 3856.0}",20,"[""sequencing_depth_bin:near_confound_v=0.816"", ""pooled:unresolved — no pool/library id in obs (D3 lower bound)""]","{""assay"": null, ""sequencing_depth_bin"": 0.816, ""suspension_type"": null, ""tissue_general"": null}",unresolved,4,pending,pending,pending,pending,pending,,pending,candidate,[],{},0,[],"[""sequencing_depth_bin""]",False,"[""integer_check"", ""frozen_universe_size"", ""sigma_donor_estimate"", ""envelope_membership""]",2025-01-30,within_collection_control,,"Emphysema Cell Atlas, immune cells",not_applicable,3,"[300,1000)","[100,300)"
1e5bd3b8-6a0e-4959-8d69-cafed30fe814,T cell,CL:0000084,pending,pulmonary emphysema,normal,3,3,12953,"{""A"": {""max"": 3870, ""median"": 3106.0, ""min"": 2560, ""n_cells"": 9536, ""n_donors"": 3}, ""B"": {""max"": 2034, ""median"": 871.0, ""min"": 512, ""n_cells"": 3417, ""n_donors"": 3}}","{""A"": 3873.0, ""B"": 3539.0}",20,"[""sequencing_depth_bin:near_confound_v=0.816"", ""pooled:unresolved — no pool/library id in obs (D3 lower bound)""]","{""assay"": null, ""sequencing_depth_bin"": 0.816, ""suspension_type"": null, ""tissue_general"": null}",unresolved,4,pending,pending,pending,pending,pending,,pending,candidate,[],{},0,[],"[""sequencing_depth_bin""]",False,"[""integer_check"", ""frozen_universe_size"", ""sigma_donor_estimate"", ""envelope_membership""]",2025-01-30,within_collection_control,,"Emphysema Cell Atlas, immune cells",not_applicable,3,"[3000,inf)","[300,1000)"
1e5bd3b8-6a0e-4959-8d69-cafed30fe814,alveolar macrophage,CL:0000583,pending,pulmonary emphysema,normal,3,3,680,"{""A"": {""max"": 115, ""median"": 91.0, ""min"": 83, ""n_cells"": 289, ""n_donors"": 3}, ""B"": {""max"": 196, ""median"": 110.0, ""min"": 85, ""n_cells"": 391, ""n_donors"": 3}}","{""A"": 1522.0, ""B"": 6788.0}",20,"[""pooled:unresolved — no pool/library id in obs (D3 lower bound)""]","{""assay"": null, ""sequencing_depth_bin"": 0.0, ""suspension_type"": null, ""tissue_general"": null}",unresolved,4,pending,pending,pending,pending,pending,,pending,candidate,[],{},0,[],[],False,"[""integer_check"", ""frozen_universe_size"", ""sigma_donor_estimate"", ""envelope_membership""]",2025-01-30,within_collection_control,,"Emphysema Cell Atlas, immune cells",not_applicable,3,"[30,100)","[100,300)"
1e5bd3b8-6a0e-4959-8d69-cafed30fe814,dendritic cell,CL:0000451,pending,pulmonary emphysema,normal,3,3,628,"{""A"": {""max"": 204, ""median"": 130.0, ""min"": 103, ""n_cells"": 437, ""n_donors"": 3}, ""B"": {""max"": 90, ""median"": 71.0, ""min"": 30, ""n_cells"": 191, ""n_donors"": 3}}","{""A"": 16996.0, ""B"": 13529.0}",20,"[""sequencing_depth_bin:near_confound_v=0.816"", ""pooled:unresolved — no pool/library id in obs (D3 lower bound)""]","{""assay"": null, ""sequencing_depth_bin"": 0.816, ""suspension_type"": null, ""tissue_general"": null}",unresolved,4,pending,pending,pending,pending,pending,,pending,candidate,[],{},0,[],"[""sequencing_depth_bin""]",False,"[""integer_check"", ""frozen_universe_size"", ""sigma_donor_estimate"", ""envelope_membership""]",2025-01-30,within_collection_control,,"Emphysema Cell Atlas, immune cells",not_applicable,3,"[100,300)","[30,100)"
1e5bd3b8-6a0e-4959-8d69-cafed30fe814,macrophage,CL:0000235,pending,pulmonary emphysema,normal,3,3,2982,"{""A"": {""max"": 419, ""median"": 404.0, ""min"": 255, ""n_cells"": 1078, ""n_donors"": 3}, ""B"": {""max"": 993, ""median"": 494.0, ""min"": 417, ""n_cells"": 1904, ""n_donors"": 3}}","{""A"": 10060.0, ""B"": 13322.0}",20,"[""sequencing_depth_bin:near_confound_v=0.816"", ""pooled:unresolved — no pool/library id in obs (D3 lower bound)""]","{""assay"": null, ""sequencing_depth_bin"": 0.816, ""suspension_type"": null, ""tissue_general"": null}",unresolved,4,pending,pending,pending,pending,pending,,pending,candidate,[],{},0,[],"[""sequencing_depth_bin""]",False,"[""integer_check"", ""frozen_universe_size"", ""sigma_donor_estimate"", ""envelope_membership""]",2025-01-30,within_collection_control,,"Emphysema Cell Atlas, immune cells",not_applicable,3,"[300,1000)","[300,1000)"
1e5bd3b8-6a0e-4959-8d69-cafed30fe814,mast cell,CL:0000097,pending,pulmonary emphysema,normal,3,3,2495,"{""A"": {""max"": 1211, ""median"": 628.0, ""min"": 247, ""n_cells"": 2086, ""n_donors"": 3}, ""B"": {""max"": 164, ""median"": 128.0, ""min"": 117, ""n_cells"": 409, ""n_donors"": 3}}","{""A"": 5861.0, ""B"": 3947.0}",20,"[""sequencing_depth_bin:near_confound_v=0.816"", ""pooled:unresolved — no pool/library id in obs (D3 lower bound)""]","{""assay"": null, ""sequencing_depth_bin"": 0.816, ""suspension_type"": null, ""tissue_general"": null}",unresolved,4,pending,pending,pending,pending,pending,,pending,candidate,[],{},0,[],"[""sequencing_depth_bin""]",False,"[""integer_check"", ""frozen_universe_size"", ""sigma_donor_estimate"", ""envelope_membership""]",2025-01-30,within_collection_control,,"Emphysema Cell Atlas, immune cells",not_applicable,3,"[300,1000)","[100,300)"
1e5bd3b8-6a0e-4959-8d69-cafed30fe814,monocyte,CL:0000576,pending,pulmonary emphysema,normal,3,3,8823,"{""A"": {""max"": 2097, ""median"": 1113.0, ""min"": 1038, ""n_cells"": 4248, ""n_donors"": 3}, ""B"": {""max"": 1936, ""median"": 1576.0, ""min"": 1063, ""n_cells"": 4575, ""n_donors"": 3}}","{""A"": 9883.0, ""B"": 9299.0}",20,"[""sequencing_depth_bin:near_confound_v=0.816"", ""pooled:unresolved — no pool/library id in obs (D3 lower bound)""]","{""assay"": null, ""sequencing_depth_bin"": 0.816, ""suspension_type"": null, ""tissue_general"": null}",unresolved,4,pending,pending,pending,pending,pending,,pending,candidate,[],{},0,[],"[""sequencing_depth_bin""]",False,"[""integer_check"", ""frozen_universe_size"", ""sigma_donor_estimate"", ""envelope_membership""]",2025-01-30,within_collection_control,,"Emphysema Cell Atlas, immune cells",not_applicable,3,"[1000,3000)","[1000,3000)"
1e5bd3b8-6a0e-4959-8d69-cafed30fe814,natural killer cell,CL:0000623,pending,pulmonary emphysema,normal,3,3,3709,"{""A"": {""max"": 1373, ""median"": 850.0, ""min"": 456, ""n_cells"": 2679, ""n_donors"": 3}, ""B"": {""max"": 479, ""median"": 299.0, ""min"": 252, ""n_cells"": 1030, ""n_donors"": 3}}","{""A"": 4037.0, ""B"": 2957.0}",20,"[""sequencing_depth_bin:near_confound_v=0.816"", ""pooled:unresolved — no pool/library id in obs (D3 lower bound)""]","{""assay"": null, ""sequencing_depth_bin"": 0.816, ""suspension_type"": null, ""tissue_general"": null}",unresolved,4,pending,pending,pending,pending,pending,,pending,candidate,[],{},0,[],"[""sequencing_depth_bin""]",False,"[""integer_check"", ""frozen_universe_size"", ""sigma_donor_estimate"", ""envelope_membership""]",2025-01-30,within_collection_control,,"Emphysema Cell Atlas, immune cells",not_applicable,3,"[300,1000)","[100,300)"
1e5bd3b8-6a0e-4959-8d69-cafed30fe814,plasma cell,CL:0000786,pending,pulmonary emphysema,normal,3,3,1301,"{""A"": {""max"": 413, ""median"": 315.0, ""min"": 196, ""n_cells"": 924, ""n_donors"": 3}, ""B"": {""max"": 237, ""median"": 93.0, ""min"": 47, ""n_cells"": 377, ""n_donors"": 3}}","{""A"": 17114.5, ""B"": 14911.0}",20,"[""pooled:unresolved — no pool/library id in obs (D3 lower bound)""]","{""assay"": null, ""sequencing_depth_bin"": 0.0, ""suspension_type"": null, ""tissue_general"": null}",unresolved,4,pending,pending,pending,pending,pending,,pending,candidate,[],{},0,[],[],False,"[""integer_check"", ""frozen_universe_size"", ""sigma_donor_estimate"", ""envelope_membership""]",2025-01-30,within_collection_control,,"Emphysema Cell Atlas, immune cells",not_applicable,3,"[300,1000)","[30,100)"
